/*******************************************************************************
 * Size: 36 px
 * Bpp: 4
 * Opts: --format lvgl --bpp 4 --no-compress --lv-include lvgl.h --size 36 -o ../components/ui/fonts/gc_plex_36.c --font .fontcache/ibm-plex-sans/fonts/complete/ttf/IBMPlexSans-Bold.ttf -r 0x20-0x7E,0xB0,0xB7,0x2014,0x2026,0x2039
 ******************************************************************************/

#ifdef LV_LVGL_H_INCLUDE_SIMPLE
#include "lvgl.h"
#else
#include "lvgl.h"
#endif

#ifndef GC_PLEX_36
#define GC_PLEX_36 1
#endif

#if GC_PLEX_36

/*-----------------
 *    BITMAPS
 *----------------*/

/*Store the image of the glyphs*/
static LV_ATTRIBUTE_LARGE_CONST const uint8_t glyph_bitmap[] = {
    /* U+0020 " " */

    /* U+0021 "!" */
    0xf, 0xff, 0xff, 0x90, 0xff, 0xff, 0xf9, 0xf,
    0xff, 0xff, 0x90, 0xff, 0xff, 0xf9, 0xf, 0xff,
    0xff, 0x90, 0xff, 0xff, 0xf9, 0xf, 0xff, 0xff,
    0x90, 0xef, 0xff, 0xf8, 0xb, 0xff, 0xff, 0x50,
    0x9f, 0xff, 0xf2, 0x6, 0xff, 0xff, 0x0, 0x3f,
    0xff, 0xd0, 0x1, 0xff, 0xfa, 0x0, 0xe, 0xff,
    0x80, 0x0, 0xbf, 0xf5, 0x0, 0x8, 0xff, 0x20,
    0x0, 0x5e, 0xe0, 0x0, 0x0, 0x0, 0x0, 0x0,
    0x2, 0x10, 0x0, 0x8f, 0xff, 0xd2, 0x3f, 0xff,
    0xff, 0xc6, 0xff, 0xff, 0xff, 0x6f, 0xff, 0xff,
    0xe2, 0xff, 0xff, 0xfa, 0x5, 0xdf, 0xea, 0x10,

    /* U+0022 "\"" */
    0x8f, 0xff, 0xf3, 0x0, 0x7f, 0xff, 0xf4, 0x8f,
    0xff, 0xf3, 0x0, 0x7f, 0xff, 0xf4, 0x8f, 0xff,
    0xf3, 0x0, 0x7f, 0xff, 0xf4, 0x8f, 0xff, 0xf3,
    0x0, 0x7f, 0xff, 0xf4, 0x8f, 0xff, 0xf3, 0x0,
    0x7f, 0xff, 0xf4, 0x8f, 0xff, 0xf3, 0x0, 0x7f,
    0xff, 0xf4, 0x8f, 0xff, 0xf3, 0x0, 0x7f, 0xff,
    0xf4, 0x8f, 0xff, 0xf3, 0x0, 0x7f, 0xff, 0xf4,
    0x8f, 0xff, 0xf3, 0x0, 0x7f, 0xff, 0xf4, 0x8f,
    0xff, 0xf3, 0x0, 0x7f, 0xff, 0xf4, 0x8f, 0xff,
    0xf3, 0x0, 0x7f, 0xff, 0xf4, 0x48, 0x88, 0x81,
    0x0, 0x38, 0x88, 0x82,

    /* U+0023 "#" */
    0x0, 0x0, 0x0, 0xc, 0xff, 0x90, 0x0, 0x0,
    0xaf, 0xfb, 0x0, 0x0, 0x0, 0x0, 0x0, 0xff,
    0xf6, 0x0, 0x0, 0xd, 0xff, 0x80, 0x0, 0x0,
    0x0, 0x0, 0x2f, 0xff, 0x30, 0x0, 0x0, 0xff,
    0xf5, 0x0, 0x0, 0x0, 0x0, 0x5, 0xff, 0xf0,
    0x0, 0x0, 0x3f, 0xff, 0x20, 0x0, 0x0, 0x0,
    0x0, 0x8f, 0xfd, 0x0, 0x0, 0x6, 0xff, 0xf0,
    0x0, 0x0, 0x0, 0x0, 0xa, 0xff, 0xa0, 0x0,
    0x0, 0x9f, 0xfc, 0x0, 0x0, 0x0, 0xff, 0xff,
    0xff, 0xff, 0xff, 0xff, 0xff, 0xff, 0xff, 0xff,
    0x50, 0xf, 0xff, 0xff, 0xff, 0xff, 0xff, 0xff,
    0xff, 0xff, 0xff, 0xf5, 0x0, 0xff, 0xff, 0xff,
    0xff, 0xff, 0xff, 0xff, 0xff, 0xff, 0xff, 0x50,
    0x2, 0x33, 0x8f, 0xff, 0x33, 0x33, 0x36, 0xff,
    0xf3, 0x33, 0x31, 0x0, 0x0, 0x8, 0xff, 0xd0,
    0x0, 0x0, 0x6f, 0xfe, 0x0, 0x0, 0x0, 0x0,
    0x0, 0xbf, 0xfa, 0x0, 0x0, 0x9, 0xff, 0xc0,
    0x0, 0x0, 0x0, 0x0, 0xd, 0xff, 0x70, 0x0,
    0x0, 0xbf, 0xf9, 0x0, 0x0, 0x0, 0x0, 0x0,
    0xff, 0xf5, 0x0, 0x0, 0xe, 0xff, 0x70, 0x0,
    0x0, 0x0, 0x0, 0x2f, 0xff, 0x20, 0x0, 0x1,
    0xff, 0xf4, 0x0, 0x0, 0x1, 0x33, 0x37, 0xff,
    0xf3, 0x33, 0x33, 0x5f, 0xff, 0x53, 0x32, 0x0,
    0x9f, 0xff, 0xff, 0xff, 0xff, 0xff, 0xff, 0xff,
    0xff, 0xff, 0xb0, 0x9, 0xff, 0xff, 0xff, 0xff,
    0xff, 0xff, 0xff, 0xff, 0xff, 0xfb, 0x0, 0x9f,
    0xff, 0xff, 0xff, 0xff, 0xff, 0xff, 0xff, 0xff,
    0xff, 0xb0, 0x0, 0x0, 0x1f, 0xff, 0x50, 0x0,
    0x0, 0xef, 0xf7, 0x0, 0x0, 0x0, 0x0, 0x3,
    0xff, 0xf2, 0x0, 0x0, 0x1f, 0xff, 0x40, 0x0,
    0x0, 0x0, 0x0, 0x6f, 0xff, 0x0, 0x0, 0x4,
    0xff, 0xf1, 0x0, 0x0, 0x0, 0x0, 0x9, 0xff,
    0xc0, 0x0, 0x0, 0x7f, 0xfe, 0x0, 0x0, 0x0,
    0x0, 0x0, 0xcf, 0xf9, 0x0, 0x0, 0xa, 0xff,
    0xb0, 0x0, 0x0, 0x0, 0x0, 0xf, 0xff, 0x60,
    0x0, 0x0, 0xdf, 0xf8, 0x0, 0x0, 0x0, 0x0,

    /* U+0024 "$" */
    0x0, 0x0, 0x0, 0x0, 0x88, 0x88, 0x0, 0x0,
    0x0, 0x0, 0x0, 0x0, 0x0, 0x0, 0xff, 0xff,
    0x10, 0x0, 0x0, 0x0, 0x0, 0x0, 0x0, 0x0,
    0xff, 0xff, 0x10, 0x0, 0x0, 0x0, 0x0, 0x0,
    0x0, 0x1, 0xff, 0xff, 0x30, 0x0, 0x0, 0x0,
    0x0, 0x0, 0x3a, 0xef, 0xff, 0xff, 0xfe, 0xa4,
    0x0, 0x0, 0x0, 0xa, 0xff, 0xff, 0xff, 0xff,
    0xff, 0xff, 0xc2, 0x0, 0x0, 0xbf, 0xff, 0xff,
    0xff, 0xff, 0xff, 0xff, 0xfe, 0x30, 0x6, 0xff,
    0xff, 0xff, 0xef, 0xff, 0xff, 0xff, 0xfe, 0x30,
    0xc, 0xff, 0xff, 0xb1, 0x8f, 0xfa, 0x7, 0xff,
    0xd2, 0x0, 0xf, 0xff, 0xff, 0x10, 0x8f, 0xfa,
    0x0, 0x3a, 0x10, 0x0, 0x1f, 0xff, 0xfe, 0x0,
    0x8f, 0xfa, 0x0, 0x0, 0x0, 0x0, 0xf, 0xff,
    0xff, 0x20, 0x8f, 0xfa, 0x0, 0x0, 0x0, 0x0,
    0xc, 0xff, 0xff, 0xe6, 0x9f, 0xfa, 0x0, 0x0,
    0x0, 0x0, 0x5, 0xff, 0xff, 0xff, 0xff, 0xfc,
    0x10, 0x0, 0x0, 0x0, 0x0, 0xaf, 0xff, 0xff,
    0xff, 0xff, 0xfd, 0x71, 0x0, 0x0, 0x0, 0x8,
    0xff, 0xff, 0xff, 0xff, 0xff, 0xff, 0x70, 0x0,
    0x0, 0x0, 0x28, 0xef, 0xff, 0xff, 0xff, 0xff,
    0xfa, 0x0, 0x0, 0x0, 0x0, 0x2, 0xbf, 0xff,
    0xff, 0xff, 0xff, 0x60, 0x0, 0x0, 0x0, 0x0,
    0x8f, 0xfb, 0x6e, 0xff, 0xff, 0xd0, 0x0, 0x0,
    0x0, 0x0, 0x8f, 0xfa, 0x3, 0xff, 0xff, 0xf0,
    0x0, 0x0, 0x0, 0x0, 0x8f, 0xfa, 0x0, 0xef,
    0xff, 0xf1, 0x0, 0x2a, 0x10, 0x0, 0x8f, 0xfa,
    0x0, 0xff, 0xff, 0xf0, 0x3, 0xef, 0xd4, 0x0,
    0x8f, 0xfa, 0x7, 0xff, 0xff, 0xc0, 0x4f, 0xff,
    0xff, 0xc7, 0xaf, 0xfc, 0xaf, 0xff, 0xff, 0x60,
    0x5f, 0xff, 0xff, 0xff, 0xff, 0xff, 0xff, 0xff,
    0xfc, 0x0, 0x4, 0xef, 0xff, 0xff, 0xff, 0xff,
    0xff, 0xff, 0xc1, 0x0, 0x0, 0x8, 0xef, 0xff,
    0xff, 0xff, 0xff, 0xe7, 0x0, 0x0, 0x0, 0x0,
    0x4, 0x7a, 0xff, 0xff, 0x84, 0x0, 0x0, 0x0,
    0x0, 0x0, 0x0, 0x0, 0xff, 0xff, 0x10, 0x0,
    0x0, 0x0, 0x0, 0x0, 0x0, 0x0, 0xff, 0xff,
    0x10, 0x0, 0x0, 0x0, 0x0, 0x0, 0x0, 0x0,
    0xff, 0xff, 0x10, 0x0, 0x0, 0x0,

    /* U+0025 "%" */
    0x0, 0x2, 0x9d, 0xff, 0xeb, 0x60, 0x0, 0x0,
    0x0, 0x0, 0x0, 0x7f, 0xff, 0xf4, 0x0, 0x0,
    0x0, 0x5, 0xff, 0xff, 0xff, 0xff, 0xc1, 0x0,
    0x0, 0x0, 0x0, 0x3f, 0xff, 0xf9, 0x0, 0x0,
    0x0, 0x3, 0xff, 0xff, 0xff, 0xff, 0xff, 0xc0,
    0x0, 0x0, 0x0, 0xd, 0xff, 0xfd, 0x0, 0x0,
    0x0, 0x0, 0xbf, 0xff, 0xe4, 0x19, 0xff, 0xff,
    0x40, 0x0, 0x0, 0x9, 0xff, 0xff, 0x30, 0x0,
    0x0, 0x0, 0xf, 0xff, 0xf9, 0x0, 0xf, 0xff,
    0xf8, 0x0, 0x0, 0x4, 0xff, 0xff, 0x70, 0x0,
    0x0, 0x0, 0x2, 0xff, 0xff, 0x60, 0x0, 0xdf,
    0xff, 0xb0, 0x0, 0x1, 0xef, 0xff, 0xc0, 0x0,
    0x0, 0x0, 0x0, 0x3f, 0xff, 0xf6, 0x0, 0xd,
    0xff, 0xfb, 0x0, 0x0, 0xaf, 0xff, 0xf2, 0x0,
    0x0, 0x0, 0x0, 0x2, 0xff, 0xff, 0x60, 0x0,
    0xdf, 0xff, 0xb0, 0x0, 0x5f, 0xff, 0xf6, 0x0,
    0x0, 0x0, 0x0, 0x0, 0xf, 0xff, 0xf8, 0x0,
    0xf, 0xff, 0xf8, 0x0, 0x1f, 0xff, 0xfb, 0x0,
    0x0, 0x0, 0x0, 0x0, 0x0, 0xbf, 0xff, 0xe3,
    0x8, 0xff, 0xff, 0x40, 0xb, 0xff, 0xfe, 0x10,
    0x0, 0x0, 0x0, 0x0, 0x0, 0x3, 0xff, 0xff,
    0xff, 0xff, 0xff, 0xc0, 0x7, 0xff, 0xff, 0x40,
    0x0, 0x0, 0x0, 0x0, 0x0, 0x0, 0x6, 0xff,
    0xff, 0xff, 0xff, 0xd1, 0x2, 0xff, 0xff, 0x90,
    0x4, 0xae, 0xff, 0xd8, 0x10, 0x0, 0x0, 0x2,
    0x9d, 0xff, 0xfc, 0x70, 0x0, 0xdf, 0xff, 0xd0,
    0xa, 0xff, 0xff, 0xff, 0xff, 0x40, 0x0, 0x0,
    0x0, 0x0, 0x0, 0x0, 0x0, 0x8f, 0xff, 0xf3,
    0x9, 0xff, 0xff, 0xff, 0xff, 0xff, 0x20, 0x0,
    0x0, 0x0, 0x0, 0x0, 0x0, 0x3f, 0xff, 0xf8,
    0x1, 0xff, 0xff, 0xa1, 0x4e, 0xff, 0xfa, 0x0,
    0x0, 0x0, 0x0, 0x0, 0x0, 0xe, 0xff, 0xfc,
    0x0, 0x6f, 0xff, 0xf1, 0x0, 0x8f, 0xff, 0xf0,
    0x0, 0x0, 0x0, 0x0, 0x0, 0xa, 0xff, 0xff,
    0x20, 0x9, 0xff, 0xff, 0x0, 0x6, 0xff, 0xff,
    0x20, 0x0, 0x0, 0x0, 0x0, 0x5, 0xff, 0xff,
    0x60, 0x0, 0xaf, 0xff, 0xe0, 0x0, 0x5f, 0xff,
    0xf3, 0x0, 0x0, 0x0, 0x0, 0x1, 0xef, 0xff,
    0xb0, 0x0, 0xa, 0xff, 0xfe, 0x0, 0x5, 0xff,
    0xff, 0x30, 0x0, 0x0, 0x0, 0x0, 0xbf, 0xff,
    0xe1, 0x0, 0x0, 0x9f, 0xff, 0xf0, 0x0, 0x6f,
    0xff, 0xf2, 0x0, 0x0, 0x0, 0x0, 0x6f, 0xff,
    0xf5, 0x0, 0x0, 0x6, 0xff, 0xff, 0x10, 0x8,
    0xff, 0xff, 0x0, 0x0, 0x0, 0x0, 0x2f, 0xff,
    0xfa, 0x0, 0x0, 0x0, 0x1f, 0xff, 0xfa, 0x14,
    0xef, 0xff, 0xa0, 0x0, 0x0, 0x0, 0xc, 0xff,
    0xfe, 0x0, 0x0, 0x0, 0x0, 0x9f, 0xff, 0xff,
    0xff, 0xff, 0xf2, 0x0, 0x0, 0x0, 0x8, 0xff,
    0xff, 0x40, 0x0, 0x0, 0x0, 0x0, 0xbf, 0xff,
    0xff, 0xff, 0xf5, 0x0, 0x0, 0x0, 0x3, 0xff,
    0xff, 0x80, 0x0, 0x0, 0x0, 0x0, 0x0, 0x5b,
    0xef, 0xfd, 0x81, 0x0, 0x0,

    /* U+0026 "&" */
    0x0, 0x0, 0x0, 0x28, 0xce, 0xff, 0xd9, 0x30,
    0x0, 0x0, 0x0, 0x0, 0x0, 0x0, 0x0, 0x9f,
    0xff, 0xff, 0xff, 0xff, 0xb0, 0x0, 0x0, 0x0,
    0x0, 0x0, 0x0, 0xbf, 0xff, 0xff, 0xff, 0xff,
    0xff, 0xc0, 0x0, 0x0, 0x0, 0x0, 0x0, 0x6f,
    0xff, 0xff, 0xff, 0xff, 0xff, 0xff, 0x60, 0x0,
    0x0, 0x0, 0x0, 0xc, 0xff, 0xff, 0xc2, 0x3,
    0xdf, 0xff, 0xfa, 0x0, 0x0, 0x0, 0x0, 0x0,
    0xef, 0xff, 0xf3, 0x0, 0x5, 0xff, 0xff, 0xc0,
    0x0, 0x0, 0x0, 0x0, 0xd, 0xff, 0xff, 0x30,
    0x0, 0x5f, 0xff, 0xfa, 0x0, 0x0, 0x0, 0x0,
    0x0, 0xaf, 0xff, 0xfb, 0x0, 0xc, 0xff, 0xff,
    0x50, 0x0, 0x0, 0x0, 0x0, 0x3, 0xff, 0xff,
    0xf9, 0x2c, 0xff, 0xff, 0xc0, 0x0, 0x0, 0x0,
    0x0, 0x0, 0x9, 0xff, 0xff, 0xff, 0xff, 0xff,
    0xc1, 0x0, 0x0, 0x0, 0x0, 0x0, 0x0, 0xc,
    0xff, 0xff, 0xff, 0xff, 0xa0, 0x0, 0x0, 0x0,
    0x0, 0x0, 0x0, 0x0, 0x9f, 0xff, 0xff, 0xff,
    0x50, 0x0, 0x5f, 0xff, 0xff, 0xb0, 0x0, 0x2,
    0xdf, 0xff, 0xff, 0xff, 0xf7, 0x0, 0x7, 0xff,
    0xff, 0xfb, 0x0, 0x4, 0xff, 0xff, 0xff, 0xff,
    0xff, 0xf6, 0x0, 0xaf, 0xff, 0xff, 0xb0, 0x2,
    0xff, 0xff, 0xfb, 0x4f, 0xff, 0xff, 0xf5, 0xe,
    0xff, 0xff, 0xfb, 0x0, 0xaf, 0xff, 0xfc, 0x0,
    0x3f, 0xff, 0xff, 0xf7, 0xff, 0xff, 0x95, 0x40,
    0xf, 0xff, 0xff, 0x50, 0x0, 0x4f, 0xff, 0xff,
    0xff, 0xff, 0xf1, 0x0, 0x2, 0xff, 0xff, 0xf4,
    0x0, 0x0, 0x4f, 0xff, 0xff, 0xff, 0xfb, 0x0,
    0x0, 0x2f, 0xff, 0xff, 0x60, 0x0, 0x0, 0x5f,
    0xff, 0xff, 0xff, 0x30, 0x0, 0x0, 0xff, 0xff,
    0xfe, 0x10, 0x0, 0x0, 0x9f, 0xff, 0xff, 0xf2,
    0x0, 0x0, 0xc, 0xff, 0xff, 0xff, 0x96, 0x68,
    0xcf, 0xff, 0xff, 0xff, 0xd1, 0x0, 0x0, 0x4f,
    0xff, 0xff, 0xff, 0xff, 0xff, 0xff, 0xff, 0xff,
    0xff, 0xc0, 0x0, 0x0, 0x8f, 0xff, 0xff, 0xff,
    0xff, 0xff, 0xff, 0xff, 0xff, 0xff, 0xa0, 0x0,
    0x0, 0x6f, 0xff, 0xff, 0xff, 0xff, 0xff, 0xa3,
    0xef, 0xff, 0xff, 0x80, 0x0, 0x0, 0x6, 0xad,
    0xff, 0xfd, 0xb7, 0x20, 0x2, 0xef, 0xff, 0xff,
    0x60,

    /* U+0027 "'" */
    0x8f, 0xff, 0xf3, 0x8f, 0xff, 0xf3, 0x8f, 0xff,
    0xf3, 0x8f, 0xff, 0xf3, 0x8f, 0xff, 0xf3, 0x8f,
    0xff, 0xf3, 0x8f, 0xff, 0xf3, 0x8f, 0xff, 0xf3,
    0x8f, 0xff, 0xf3, 0x8f, 0xff, 0xf3, 0x8f, 0xff,
    0xf3, 0x48, 0x88, 0x81,

    /* U+0028 "(" */
    0x0, 0x0, 0x0, 0x9c, 0xcc, 0xc3, 0x0, 0x0,
    0xa, 0xff, 0xff, 0x60, 0x0, 0x0, 0x7f, 0xff,
    0xf8, 0x0, 0x0, 0x2, 0xff, 0xff, 0xc0, 0x0,
    0x0, 0xc, 0xff, 0xff, 0x20, 0x0, 0x0, 0x4f,
    0xff, 0xf9, 0x0, 0x0, 0x0, 0xcf, 0xff, 0xf2,
    0x0, 0x0, 0x2, 0xff, 0xff, 0xb0, 0x0, 0x0,
    0x7, 0xff, 0xff, 0x50, 0x0, 0x0, 0xc, 0xff,
    0xff, 0x10, 0x0, 0x0, 0xf, 0xff, 0xfd, 0x0,
    0x0, 0x0, 0x3f, 0xff, 0xfa, 0x0, 0x0, 0x0,
    0x6f, 0xff, 0xf8, 0x0, 0x0, 0x0, 0x8f, 0xff,
    0xf6, 0x0, 0x0, 0x0, 0x9f, 0xff, 0xf6, 0x0,
    0x0, 0x0, 0xaf, 0xff, 0xf6, 0x0, 0x0, 0x0,
    0xaf, 0xff, 0xf6, 0x0, 0x0, 0x0, 0x9f, 0xff,
    0xf6, 0x0, 0x0, 0x0, 0x8f, 0xff, 0xf6, 0x0,
    0x0, 0x0, 0x6f, 0xff, 0xf7, 0x0, 0x0, 0x0,
    0x4f, 0xff, 0xf9, 0x0, 0x0, 0x0, 0x1f, 0xff,
    0xfc, 0x0, 0x0, 0x0, 0xd, 0xff, 0xff, 0x0,
    0x0, 0x0, 0x8, 0xff, 0xff, 0x30, 0x0, 0x0,
    0x3, 0xff, 0xff, 0x90, 0x0, 0x0, 0x0, 0xdf,
    0xff, 0xe0, 0x0, 0x0, 0x0, 0x6f, 0xff, 0xf7,
    0x0, 0x0, 0x0, 0xd, 0xff, 0xfe, 0x10, 0x0,
    0x0, 0x4, 0xff, 0xff, 0xa0, 0x0, 0x0, 0x0,
    0xaf, 0xff, 0xf5, 0x0, 0x0, 0x0, 0xd, 0xff,
    0xff, 0x30, 0x0, 0x0, 0x1, 0xdf, 0xff, 0xe3,

    /* U+0029 ")" */
    0x1b, 0xcc, 0xca, 0x0, 0x0, 0x0, 0x3, 0xff,
    0xff, 0xc0, 0x0, 0x0, 0x0, 0x6f, 0xff, 0xf9,
    0x0, 0x0, 0x0, 0xa, 0xff, 0xff, 0x50, 0x0,
    0x0, 0x1, 0xef, 0xff, 0xe0, 0x0, 0x0, 0x0,
    0x7f, 0xff, 0xf7, 0x0, 0x0, 0x0, 0xe, 0xff,
    0xfe, 0x0, 0x0, 0x0, 0x8, 0xff, 0xff, 0x40,
    0x0, 0x0, 0x2, 0xff, 0xff, 0xa0, 0x0, 0x0,
    0x0, 0xef, 0xff, 0xe0, 0x0, 0x0, 0x0, 0xaf,
    0xff, 0xf2, 0x0, 0x0, 0x0, 0x7f, 0xff, 0xf6,
    0x0, 0x0, 0x0, 0x5f, 0xff, 0xf8, 0x0, 0x0,
    0x0, 0x4f, 0xff, 0xfb, 0x0, 0x0, 0x0, 0x3f,
    0xff, 0xfc, 0x0, 0x0, 0x0, 0x3f, 0xff, 0xfd,
    0x0, 0x0, 0x0, 0x3f, 0xff, 0xfd, 0x0, 0x0,
    0x0, 0x3f, 0xff, 0xfc, 0x0, 0x0, 0x0, 0x4f,
    0xff, 0xfb, 0x0, 0x0, 0x0, 0x5f, 0xff, 0xf9,
    0x0, 0x0, 0x0, 0x7f, 0xff, 0xf6, 0x0, 0x0,
    0x0, 0x9f, 0xff, 0xf3, 0x0, 0x0, 0x0, 0xdf,
    0xff, 0xf0, 0x0, 0x0, 0x1, 0xff, 0xff, 0xb0,
    0x0, 0x0, 0x6, 0xff, 0xff, 0x50, 0x0, 0x0,
    0xd, 0xff, 0xff, 0x0, 0x0, 0x0, 0x4f, 0xff,
    0xf8, 0x0, 0x0, 0x0, 0xdf, 0xff, 0xf1, 0x0,
    0x0, 0x7, 0xff, 0xff, 0x70, 0x0, 0x0, 0x3f,
    0xff, 0xfc, 0x0, 0x0, 0x1, 0xef, 0xff, 0xe1,
    0x0, 0x0, 0x1d, 0xff, 0xfe, 0x20, 0x0, 0x0,

    /* U+002A "*" */
    0x0, 0x0, 0x0, 0x7, 0xff, 0xff, 0x10, 0x0,
    0x0, 0x0, 0x0, 0x0, 0x0, 0x6, 0xff, 0xff,
    0x10, 0x0, 0x0, 0x0, 0x0, 0x0, 0x0, 0x6,
    0xff, 0xff, 0x0, 0x0, 0x0, 0x0, 0x0, 0x0,
    0x0, 0x5, 0xff, 0xff, 0x0, 0x0, 0x0, 0x0,
    0x7, 0x71, 0x0, 0x4, 0xff, 0xfe, 0x0, 0x0,
    0x39, 0x30, 0xe, 0xff, 0xa3, 0x3, 0xff, 0xfd,
    0x0, 0x6c, 0xff, 0x80, 0x4f, 0xff, 0xff, 0xd9,
    0xff, 0xfe, 0x9e, 0xff, 0xff, 0xe0, 0x9f, 0xff,
    0xff, 0xff, 0xff, 0xff, 0xff, 0xff, 0xff, 0xf3,
    0x39, 0xdf, 0xff, 0xff, 0xff, 0xff, 0xff, 0xff,
    0xfc, 0x71, 0x0, 0x2, 0x7c, 0xff, 0xff, 0xff,
    0xfe, 0xa5, 0x10, 0x0, 0x0, 0x0, 0x0, 0x9f,
    0xff, 0xff, 0xf3, 0x0, 0x0, 0x0, 0x0, 0x0,
    0x6, 0xff, 0xff, 0xff, 0xfe, 0x20, 0x0, 0x0,
    0x0, 0x0, 0x4f, 0xff, 0xfb, 0xef, 0xff, 0xd0,
    0x0, 0x0, 0x0, 0x2, 0xff, 0xff, 0xe1, 0x5f,
    0xff, 0xfb, 0x0, 0x0, 0x0, 0x1d, 0xff, 0xff,
    0x40, 0xa, 0xff, 0xff, 0x90, 0x0, 0x0, 0x8f,
    0xff, 0xf9, 0x0, 0x1, 0xef, 0xff, 0xf2, 0x0,
    0x0, 0x6, 0xff, 0xe0, 0x0, 0x0, 0x5f, 0xfc,
    0x20, 0x0, 0x0, 0x0, 0x2b, 0x40, 0x0, 0x0,
    0x9, 0x70, 0x0, 0x0, 0x0, 0x0, 0x0, 0x0,
    0x0, 0x0, 0x0, 0x0, 0x0, 0x0,

    /* U+002B "+" */
    0x0, 0x0, 0x0, 0x13, 0x33, 0x30, 0x0, 0x0,
    0x0, 0x0, 0x0, 0x0, 0x8f, 0xff, 0xf1, 0x0,
    0x0, 0x0, 0x0, 0x0, 0x0, 0x8f, 0xff, 0xf1,
    0x0, 0x0, 0x0, 0x0, 0x0, 0x0, 0x8f, 0xff,
    0xf1, 0x0, 0x0, 0x0, 0x0, 0x0, 0x0, 0x8f,
    0xff, 0xf1, 0x0, 0x0, 0x0, 0x0, 0x0, 0x0,
    0x8f, 0xff, 0xf1, 0x0, 0x0, 0x0, 0x0, 0x0,
    0x0, 0x8f, 0xff, 0xf1, 0x0, 0x0, 0x0, 0x9f,
    0xff, 0xff, 0xff, 0xff, 0xff, 0xff, 0xff, 0xf3,
    0x9f, 0xff, 0xff, 0xff, 0xff, 0xff, 0xff, 0xff,
    0xf3, 0x9f, 0xff, 0xff, 0xff, 0xff, 0xff, 0xff,
    0xff, 0xf3, 0x9f, 0xff, 0xff, 0xff, 0xff, 0xff,
    0xff, 0xff, 0xf3, 0x13, 0x33, 0x33, 0x9f, 0xff,
    0xf4, 0x33, 0x33, 0x30, 0x0, 0x0, 0x0, 0x8f,
    0xff, 0xf1, 0x0, 0x0, 0x0, 0x0, 0x0, 0x0,
    0x8f, 0xff, 0xf1, 0x0, 0x0, 0x0, 0x0, 0x0,
    0x0, 0x8f, 0xff, 0xf1, 0x0, 0x0, 0x0, 0x0,
    0x0, 0x0, 0x8f, 0xff, 0xf1, 0x0, 0x0, 0x0,
    0x0, 0x0, 0x0, 0x8f, 0xff, 0xf1, 0x0, 0x0,
    0x0, 0x0, 0x0, 0x0, 0x8f, 0xff, 0xf1, 0x0,
    0x0, 0x0,

    /* U+002C "," */
    0x0, 0x0, 0x20, 0x0, 0x0, 0x9f, 0xff, 0xa0,
    0x5, 0xff, 0xff, 0xf7, 0x8, 0xff, 0xff, 0xfb,
    0x9, 0xff, 0xff, 0xfb, 0x5, 0xff, 0xff, 0xfa,
    0x0, 0x8f, 0xff, 0xf7, 0x0, 0x5, 0xff, 0xf2,
    0x0, 0xc, 0xff, 0xb0, 0x0, 0x6f, 0xff, 0x20,
    0x4, 0xff, 0xf6, 0x0, 0x3f, 0xff, 0x60, 0x0,

    /* U+002D "-" */
    0x1, 0x11, 0x11, 0x11, 0x11, 0x10, 0x1f, 0xff,
    0xff, 0xff, 0xff, 0xf9, 0x1f, 0xff, 0xff, 0xff,
    0xff, 0xf9, 0x1f, 0xff, 0xff, 0xff, 0xff, 0xf9,
    0x1f, 0xff, 0xff, 0xff, 0xff, 0xf9, 0x1f, 0xff,
    0xff, 0xff, 0xff, 0xf9,

    /* U+002E "." */
    0x0, 0x35, 0x30, 0x0, 0xcf, 0xff, 0xd1, 0x6f,
    0xff, 0xff, 0x89, 0xff, 0xff, 0xfb, 0x8f, 0xff,
    0xff, 0xb4, 0xff, 0xff, 0xf6, 0x6, 0xdf, 0xd7,
    0x0,

    /* U+002F "/" */
    0x0, 0x0, 0x0, 0x0, 0x0, 0x5f, 0xff, 0xf1,
    0x0, 0x0, 0x0, 0x0, 0x0, 0xaf, 0xff, 0xb0,
    0x0, 0x0, 0x0, 0x0, 0x0, 0xff, 0xff, 0x60,
    0x0, 0x0, 0x0, 0x0, 0x5, 0xff, 0xff, 0x10,
    0x0, 0x0, 0x0, 0x0, 0xb, 0xff, 0xfb, 0x0,
    0x0, 0x0, 0x0, 0x0, 0xf, 0xff, 0xf5, 0x0,
    0x0, 0x0, 0x0, 0x0, 0x5f, 0xff, 0xf0, 0x0,
    0x0, 0x0, 0x0, 0x0, 0xbf, 0xff, 0xa0, 0x0,
    0x0, 0x0, 0x0, 0x1, 0xff, 0xff, 0x50, 0x0,
    0x0, 0x0, 0x0, 0x6, 0xff, 0xff, 0x0, 0x0,
    0x0, 0x0, 0x0, 0xb, 0xff, 0xfa, 0x0, 0x0,
    0x0, 0x0, 0x0, 0x1f, 0xff, 0xf5, 0x0, 0x0,
    0x0, 0x0, 0x0, 0x6f, 0xff, 0xf0, 0x0, 0x0,
    0x0, 0x0, 0x0, 0xcf, 0xff, 0xa0, 0x0, 0x0,
    0x0, 0x0, 0x1, 0xff, 0xff, 0x40, 0x0, 0x0,
    0x0, 0x0, 0x7, 0xff, 0xfe, 0x0, 0x0, 0x0,
    0x0, 0x0, 0xc, 0xff, 0xf9, 0x0, 0x0, 0x0,
    0x0, 0x0, 0x1f, 0xff, 0xf4, 0x0, 0x0, 0x0,
    0x0, 0x0, 0x7f, 0xff, 0xe0, 0x0, 0x0, 0x0,
    0x0, 0x0, 0xcf, 0xff, 0x90, 0x0, 0x0, 0x0,
    0x0, 0x2, 0xff, 0xff, 0x30, 0x0, 0x0, 0x0,
    0x0, 0x7, 0xff, 0xfe, 0x0, 0x0, 0x0, 0x0,
    0x0, 0xd, 0xff, 0xf9, 0x0, 0x0, 0x0, 0x0,
    0x0, 0x2f, 0xff, 0xf3, 0x0, 0x0, 0x0, 0x0,
    0x0, 0x8f, 0xff, 0xe0, 0x0, 0x0, 0x0, 0x0,
    0x0, 0xdf, 0xff, 0x80, 0x0, 0x0, 0x0, 0x0,
    0x3, 0xff, 0xff, 0x30, 0x0, 0x0, 0x0, 0x0,
    0x8, 0xff, 0xfd, 0x0, 0x0, 0x0, 0x0, 0x0,
    0xd, 0xff, 0xf8, 0x0, 0x0, 0x0, 0x0, 0x0,
    0x3f, 0xff, 0xf2, 0x0, 0x0, 0x0, 0x0, 0x0,
    0x8f, 0xff, 0xd0, 0x0, 0x0, 0x0, 0x0, 0x0,
    0x68, 0x88, 0x40, 0x0, 0x0, 0x0, 0x0, 0x0,

    /* U+0030 "0" */
    0x0, 0x0, 0x2, 0x7c, 0xef, 0xed, 0xa5, 0x0,
    0x0, 0x0, 0x0, 0x0, 0x8f, 0xff, 0xff, 0xff,
    0xff, 0xe4, 0x0, 0x0, 0x0, 0xb, 0xff, 0xff,
    0xff, 0xff, 0xff, 0xff, 0x50, 0x0, 0x0, 0x9f,
    0xff, 0xff, 0xff, 0xff, 0xff, 0xff, 0xf3, 0x0,
    0x3, 0xff, 0xff, 0xff, 0xb8, 0x9d, 0xff, 0xff,
    0xfc, 0x0, 0xb, 0xff, 0xff, 0xf4, 0x0, 0x0,
    0x9f, 0xff, 0xff, 0x40, 0x1f, 0xff, 0xff, 0x90,
    0x0, 0x0, 0xf, 0xff, 0xff, 0xa0, 0x5f, 0xff,
    0xff, 0x40, 0x0, 0x0, 0xa, 0xff, 0xff, 0xe0,
    0x8f, 0xff, 0xff, 0x10, 0x0, 0x0, 0x8, 0xff,
    0xff, 0xf1, 0xbf, 0xff, 0xff, 0x0, 0x0, 0x0,
    0x6, 0xff, 0xff, 0xf4, 0xcf, 0xff, 0xff, 0x0,
    0x0, 0x0, 0x6, 0xff, 0xff, 0xf6, 0xdf, 0xff,
    0xff, 0x0, 0x0, 0x0, 0x6, 0xff, 0xff, 0xf6,
    0xef, 0xff, 0xff, 0x0, 0x0, 0x0, 0x6, 0xff,
    0xff, 0xf7, 0xdf, 0xff, 0xff, 0x0, 0x0, 0x0,
    0x6, 0xff, 0xff, 0xf6, 0xcf, 0xff, 0xff, 0x0,
    0x0, 0x0, 0x6, 0xff, 0xff, 0xf6, 0xbf, 0xff,
    0xff, 0x0, 0x0, 0x0, 0x6, 0xff, 0xff, 0xf4,
    0x8f, 0xff, 0xff, 0x10, 0x0, 0x0, 0x8, 0xff,
    0xff, 0xf1, 0x5f, 0xff, 0xff, 0x40, 0x0, 0x0,
    0xa, 0xff, 0xff, 0xe0, 0x1f, 0xff, 0xff, 0x90,
    0x0, 0x0, 0xf, 0xff, 0xff, 0xa0, 0xb, 0xff,
    0xff, 0xf3, 0x0, 0x0, 0x9f, 0xff, 0xff, 0x40,
    0x3, 0xff, 0xff, 0xff, 0xa8, 0x8d, 0xff, 0xff,
    0xfc, 0x0, 0x0, 0xaf, 0xff, 0xff, 0xff, 0xff,
    0xff, 0xff, 0xf3, 0x0, 0x0, 0xb, 0xff, 0xff,
    0xff, 0xff, 0xff, 0xff, 0x60, 0x0, 0x0, 0x0,
    0x9f, 0xff, 0xff, 0xff, 0xff, 0xe4, 0x0, 0x0,
    0x0, 0x0, 0x2, 0x7c, 0xef, 0xfd, 0xa5, 0x0,
    0x0, 0x0,

    /* U+0031 "1" */
    0x0, 0x0, 0x2, 0xff, 0xff, 0xff, 0xff, 0x80,
    0x0, 0x0, 0x0, 0x0, 0xd, 0xff, 0xff, 0xff,
    0xff, 0x80, 0x0, 0x0, 0x0, 0x0, 0xaf, 0xff,
    0xff, 0xff, 0xff, 0x80, 0x0, 0x0, 0x0, 0x6,
    0xff, 0xff, 0xff, 0xff, 0xff, 0x80, 0x0, 0x0,
    0x0, 0x3f, 0xff, 0xff, 0x5d, 0xff, 0xff, 0x80,
    0x0, 0x0, 0x1, 0xdf, 0xff, 0xf9, 0xd, 0xff,
    0xff, 0x80, 0x0, 0x0, 0xb, 0xff, 0xff, 0xc0,
    0xd, 0xff, 0xff, 0x80, 0x0, 0x0, 0x7f, 0xff,
    0xfe, 0x10, 0xd, 0xff, 0xff, 0x80, 0x0, 0x0,
    0x1c, 0xff, 0xf4, 0x0, 0xd, 0xff, 0xff, 0x80,
    0x0, 0x0, 0x0, 0x9f, 0x80, 0x0, 0xd, 0xff,
    0xff, 0x80, 0x0, 0x0, 0x0, 0x4, 0x0, 0x0,
    0xd, 0xff, 0xff, 0x80, 0x0, 0x0, 0x0, 0x0,
    0x0, 0x0, 0xd, 0xff, 0xff, 0x80, 0x0, 0x0,
    0x0, 0x0, 0x0, 0x0, 0xd, 0xff, 0xff, 0x80,
    0x0, 0x0, 0x0, 0x0, 0x0, 0x0, 0xd, 0xff,
    0xff, 0x80, 0x0, 0x0, 0x0, 0x0, 0x0, 0x0,
    0xd, 0xff, 0xff, 0x80, 0x0, 0x0, 0x0, 0x0,
    0x0, 0x0, 0xd, 0xff, 0xff, 0x80, 0x0, 0x0,
    0x0, 0x0, 0x0, 0x0, 0xd, 0xff, 0xff, 0x80,
    0x0, 0x0, 0x0, 0x0, 0x0, 0x0, 0xd, 0xff,
    0xff, 0x80, 0x0, 0x0, 0x0, 0x0, 0x0, 0x0,
    0xd, 0xff, 0xff, 0x80, 0x0, 0x0, 0x0, 0x0,
    0x0, 0x0, 0xd, 0xff, 0xff, 0x80, 0x0, 0x0,
    0x0, 0x24, 0x44, 0x44, 0x4e, 0xff, 0xff, 0xa4,
    0x44, 0x43, 0x0, 0x9f, 0xff, 0xff, 0xff, 0xff,
    0xff, 0xff, 0xff, 0xfe, 0x0, 0x9f, 0xff, 0xff,
    0xff, 0xff, 0xff, 0xff, 0xff, 0xfe, 0x0, 0x9f,
    0xff, 0xff, 0xff, 0xff, 0xff, 0xff, 0xff, 0xfe,
    0x0, 0x9f, 0xff, 0xff, 0xff, 0xff, 0xff, 0xff,
    0xff, 0xfe,

    /* U+0032 "2" */
    0x0, 0x0, 0x3, 0x8c, 0xef, 0xfd, 0xa5, 0x0,
    0x0, 0x0, 0x0, 0x2b, 0xff, 0xff, 0xff, 0xff,
    0xfe, 0x40, 0x0, 0x0, 0x3e, 0xff, 0xff, 0xff,
    0xff, 0xff, 0xff, 0x60, 0x0, 0x1e, 0xff, 0xff,
    0xff, 0xff, 0xff, 0xff, 0xff, 0x30, 0xa, 0xff,
    0xff, 0xff, 0xaa, 0xdf, 0xff, 0xff, 0xfb, 0x2,
    0xff, 0xff, 0xfb, 0x10, 0x0, 0x5f, 0xff, 0xff,
    0xf1, 0x2a, 0xff, 0xfd, 0x0, 0x0, 0x0, 0x9f,
    0xff, 0xff, 0x30, 0x0, 0x6c, 0x60, 0x0, 0x0,
    0x6, 0xff, 0xff, 0xf4, 0x0, 0x0, 0x0, 0x0,
    0x0, 0x0, 0x8f, 0xff, 0xff, 0x30, 0x0, 0x0,
    0x0, 0x0, 0x0, 0xb, 0xff, 0xff, 0xf0, 0x0,
    0x0, 0x0, 0x0, 0x0, 0x3, 0xff, 0xff, 0xfa,
    0x0, 0x0, 0x0, 0x0, 0x0, 0x1, 0xdf, 0xff,
    0xff, 0x20, 0x0, 0x0, 0x0, 0x0, 0x1, 0xcf,
    0xff, 0xff, 0x70, 0x0, 0x0, 0x0, 0x0, 0x2,
    0xdf, 0xff, 0xff, 0xa0, 0x0, 0x0, 0x0, 0x0,
    0x4, 0xef, 0xff, 0xff, 0x90, 0x0, 0x0, 0x0,
    0x0, 0x6, 0xff, 0xff, 0xff, 0x70, 0x0, 0x0,
    0x0, 0x0, 0x8, 0xff, 0xff, 0xfe, 0x40, 0x0,
    0x0, 0x0, 0x0, 0xb, 0xff, 0xff, 0xfc, 0x20,
    0x0, 0x0, 0x0, 0x0, 0x2d, 0xff, 0xff, 0xf9,
    0x0, 0x0, 0x0, 0x0, 0x0, 0x3e, 0xff, 0xff,
    0xf5, 0x0, 0x0, 0x0, 0x0, 0x0, 0xf, 0xff,
    0xff, 0xf9, 0x77, 0x77, 0x77, 0x77, 0x77, 0x60,
    0xff, 0xff, 0xff, 0xff, 0xff, 0xff, 0xff, 0xff,
    0xfd, 0xf, 0xff, 0xff, 0xff, 0xff, 0xff, 0xff,
    0xff, 0xff, 0xd0, 0xff, 0xff, 0xff, 0xff, 0xff,
    0xff, 0xff, 0xff, 0xfd, 0xf, 0xff, 0xff, 0xff,
    0xff, 0xff, 0xff, 0xff, 0xff, 0xd0,

    /* U+0033 "3" */
    0x0, 0x0, 0x2, 0x8c, 0xef, 0xfe, 0xc9, 0x40,
    0x0, 0x0, 0x0, 0x0, 0x9f, 0xff, 0xff, 0xff,
    0xff, 0xfd, 0x40, 0x0, 0x0, 0x2d, 0xff, 0xff,
    0xff, 0xff, 0xff, 0xff, 0xf7, 0x0, 0x1, 0xef,
    0xff, 0xff, 0xff, 0xff, 0xff, 0xff, 0xff, 0x30,
    0x3, 0xef, 0xff, 0xfd, 0x85, 0x69, 0xff, 0xff,
    0xff, 0xa0, 0x0, 0x2d, 0xff, 0x50, 0x0, 0x0,
    0x4f, 0xff, 0xff, 0xe0, 0x0, 0x0, 0xa3, 0x0,
    0x0, 0x0, 0xd, 0xff, 0xff, 0xf0, 0x0, 0x0,
    0x0, 0x0, 0x0, 0x0, 0xc, 0xff, 0xff, 0xc0,
    0x0, 0x0, 0x0, 0x0, 0x0, 0x0, 0x4f, 0xff,
    0xff, 0x70, 0x0, 0x0, 0x0, 0x6, 0x66, 0x7b,
    0xff, 0xff, 0xfc, 0x0, 0x0, 0x0, 0x0, 0xe,
    0xff, 0xff, 0xff, 0xff, 0x80, 0x0, 0x0, 0x0,
    0x0, 0xe, 0xff, 0xff, 0xff, 0xa1, 0x0, 0x0,
    0x0, 0x0, 0x0, 0xe, 0xff, 0xff, 0xff, 0xfe,
    0x70, 0x0, 0x0, 0x0, 0x0, 0xe, 0xff, 0xff,
    0xff, 0xff, 0xfb, 0x0, 0x0, 0x0, 0x0, 0x0,
    0x0, 0x15, 0xcf, 0xff, 0xff, 0x80, 0x0, 0x0,
    0x0, 0x0, 0x0, 0x0, 0xb, 0xff, 0xff, 0xf0,
    0x0, 0x0, 0x0, 0x0, 0x0, 0x0, 0x5, 0xff,
    0xff, 0xf4, 0x0, 0x1, 0x80, 0x0, 0x0, 0x0,
    0x4, 0xff, 0xff, 0xf6, 0x0, 0x3e, 0xf7, 0x0,
    0x0, 0x0, 0x7, 0xff, 0xff, 0xf5, 0x7, 0xff,
    0xff, 0x70, 0x0, 0x0, 0x2e, 0xff, 0xff, 0xf2,
    0x2f, 0xff, 0xff, 0xfd, 0x75, 0x69, 0xff, 0xff,
    0xff, 0xc0, 0x7, 0xff, 0xff, 0xff, 0xff, 0xff,
    0xff, 0xff, 0xff, 0x30, 0x0, 0x8f, 0xff, 0xff,
    0xff, 0xff, 0xff, 0xff, 0xf5, 0x0, 0x0, 0x4,
    0xdf, 0xff, 0xff, 0xff, 0xff, 0xfc, 0x30, 0x0,
    0x0, 0x0, 0x4, 0x9c, 0xef, 0xfe, 0xb8, 0x30,
    0x0, 0x0,

    /* U+0034 "4" */
    0x0, 0x0, 0x0, 0x0, 0x7, 0xff, 0xff, 0xff,
    0x40, 0x0, 0x0, 0x0, 0x0, 0x0, 0x1f, 0xff,
    0xff, 0xff, 0x40, 0x0, 0x0, 0x0, 0x0, 0x0,
    0xbf, 0xff, 0xff, 0xff, 0x40, 0x0, 0x0, 0x0,
    0x0, 0x5, 0xff, 0xff, 0xff, 0xff, 0x40, 0x0,
    0x0, 0x0, 0x0, 0xe, 0xff, 0xff, 0xff, 0xff,
    0x40, 0x0, 0x0, 0x0, 0x0, 0x9f, 0xff, 0xce,
    0xff, 0xff, 0x40, 0x0, 0x0, 0x0, 0x3, 0xff,
    0xff, 0x2e, 0xff, 0xff, 0x40, 0x0, 0x0, 0x0,
    0xd, 0xff, 0xf8, 0xe, 0xff, 0xff, 0x40, 0x0,
    0x0, 0x0, 0x7f, 0xff, 0xe0, 0xe, 0xff, 0xff,
    0x40, 0x0, 0x0, 0x2, 0xff, 0xff, 0x50, 0xe,
    0xff, 0xff, 0x40, 0x0, 0x0, 0xb, 0xff, 0xfb,
    0x0, 0xe, 0xff, 0xff, 0x40, 0x0, 0x0, 0x5f,
    0xff, 0xf2, 0x0, 0xe, 0xff, 0xff, 0x40, 0x0,
    0x1, 0xef, 0xff, 0x80, 0x0, 0xe, 0xff, 0xff,
    0x40, 0x0, 0xa, 0xff, 0xfe, 0x0, 0x0, 0xe,
    0xff, 0xff, 0x40, 0x0, 0x4f, 0xff, 0xf4, 0x0,
    0x0, 0xe, 0xff, 0xff, 0x40, 0x0, 0xdf, 0xff,
    0xb0, 0x0, 0x0, 0xe, 0xff, 0xff, 0x40, 0x0,
    0xef, 0xff, 0xff, 0xff, 0xff, 0xff, 0xff, 0xff,
    0xff, 0xf7, 0xef, 0xff, 0xff, 0xff, 0xff, 0xff,
    0xff, 0xff, 0xff, 0xf7, 0xef, 0xff, 0xff, 0xff,
    0xff, 0xff, 0xff, 0xff, 0xff, 0xf7, 0xef, 0xff,
    0xff, 0xff, 0xff, 0xff, 0xff, 0xff, 0xff, 0xf7,
    0x11, 0x11, 0x11, 0x11, 0x11, 0x1e, 0xff, 0xff,
    0x51, 0x10, 0x0, 0x0, 0x0, 0x0, 0x0, 0xe,
    0xff, 0xff, 0x40, 0x0, 0x0, 0x0, 0x0, 0x0,
    0x0, 0xe, 0xff, 0xff, 0x40, 0x0, 0x0, 0x0,
    0x0, 0x0, 0x0, 0xe, 0xff, 0xff, 0x40, 0x0,
    0x0, 0x0, 0x0, 0x0, 0x0, 0xe, 0xff, 0xff,
    0x40, 0x0,

    /* U+0035 "5" */
    0x0, 0x9f, 0xff, 0xff, 0xff, 0xff, 0xff, 0xff,
    0xfc, 0x0, 0x0, 0xaf, 0xff, 0xff, 0xff, 0xff,
    0xff, 0xff, 0xfc, 0x0, 0x0, 0xbf, 0xff, 0xff,
    0xff, 0xff, 0xff, 0xff, 0xfc, 0x0, 0x0, 0xdf,
    0xff, 0xff, 0xff, 0xff, 0xff, 0xff, 0xfc, 0x0,
    0x0, 0xef, 0xff, 0xca, 0xaa, 0xaa, 0xaa, 0xaa,
    0xa8, 0x0, 0x0, 0xff, 0xff, 0x50, 0x0, 0x0,
    0x0, 0x0, 0x0, 0x0, 0x0, 0xff, 0xff, 0x30,
    0x0, 0x0, 0x0, 0x0, 0x0, 0x0, 0x1, 0xff,
    0xff, 0x20, 0x0, 0x0, 0x0, 0x0, 0x0, 0x0,
    0x2, 0xff, 0xff, 0x10, 0x0, 0x34, 0x31, 0x0,
    0x0, 0x0, 0x3, 0xff, 0xff, 0x0, 0x8f, 0xff,
    0xff, 0xc5, 0x0, 0x0, 0x4, 0xff, 0xff, 0x9,
    0xff, 0xff, 0xff, 0xff, 0xa0, 0x0, 0x5, 0xff,
    0xfe, 0x4f, 0xff, 0xff, 0xff, 0xff, 0xfa, 0x0,
    0x6, 0xff, 0xfe, 0xdf, 0xff, 0xff, 0xff, 0xff,
    0xff, 0x40, 0x7, 0xff, 0xff, 0xf8, 0x20, 0x15,
    0xef, 0xff, 0xff, 0xc0, 0x1, 0x35, 0x79, 0x30,
    0x0, 0x0, 0x1e, 0xff, 0xff, 0xf0, 0x0, 0x0,
    0x0, 0x0, 0x0, 0x0, 0x9, 0xff, 0xff, 0xf2,
    0x0, 0x0, 0x0, 0x0, 0x0, 0x0, 0x7, 0xff,
    0xff, 0xf3, 0x0, 0x0, 0x60, 0x0, 0x0, 0x0,
    0x8, 0xff, 0xff, 0xf2, 0x0, 0x2d, 0xf6, 0x0,
    0x0, 0x0, 0xc, 0xff, 0xff, 0xf0, 0x5, 0xff,
    0xff, 0x60, 0x0, 0x0, 0x6f, 0xff, 0xff, 0xb0,
    0x1f, 0xff, 0xff, 0xfc, 0x75, 0x6a, 0xff, 0xff,
    0xff, 0x40, 0x6, 0xff, 0xff, 0xff, 0xff, 0xff,
    0xff, 0xff, 0xfa, 0x0, 0x0, 0x8f, 0xff, 0xff,
    0xff, 0xff, 0xff, 0xff, 0xb0, 0x0, 0x0, 0x4,
    0xdf, 0xff, 0xff, 0xff, 0xff, 0xf7, 0x0, 0x0,
    0x0, 0x0, 0x4, 0x9d, 0xff, 0xfd, 0xa6, 0x0,
    0x0, 0x0,

    /* U+0036 "6" */
    0x0, 0x0, 0x0, 0x0, 0x4e, 0xff, 0xff, 0xff,
    0x50, 0x0, 0x0, 0x0, 0x0, 0x7, 0xff, 0xff,
    0xff, 0xc2, 0x0, 0x0, 0x0, 0x0, 0x0, 0x9f,
    0xff, 0xff, 0xf9, 0x0, 0x0, 0x0, 0x0, 0x0,
    0x8, 0xff, 0xff, 0xff, 0x60, 0x0, 0x0, 0x0,
    0x0, 0x0, 0x6f, 0xff, 0xff, 0xf4, 0x0, 0x0,
    0x0, 0x0, 0x0, 0x2, 0xff, 0xff, 0xff, 0x40,
    0x0, 0x0, 0x0, 0x0, 0x0, 0xc, 0xff, 0xff,
    0xf5, 0x0, 0x0, 0x0, 0x0, 0x0, 0x0, 0x6f,
    0xff, 0xff, 0x80, 0x0, 0x0, 0x0, 0x0, 0x0,
    0x0, 0xef, 0xff, 0xfd, 0x0, 0x0, 0x0, 0x0,
    0x0, 0x0, 0x5, 0xff, 0xff, 0xf4, 0x8, 0xef,
    0xfe, 0xa3, 0x0, 0x0, 0xb, 0xff, 0xff, 0xc1,
    0xef, 0xff, 0xff, 0xff, 0x90, 0x0, 0xf, 0xff,
    0xff, 0x7d, 0xff, 0xff, 0xff, 0xff, 0xfa, 0x0,
    0x3f, 0xff, 0xff, 0xbf, 0xff, 0xff, 0xff, 0xff,
    0xff, 0x50, 0x5f, 0xff, 0xff, 0xfb, 0x31, 0x14,
    0xcf, 0xff, 0xff, 0xd0, 0x6f, 0xff, 0xff, 0xc0,
    0x0, 0x0, 0xc, 0xff, 0xff, 0xf2, 0x7f, 0xff,
    0xff, 0x40, 0x0, 0x0, 0x6, 0xff, 0xff, 0xf4,
    0x6f, 0xff, 0xff, 0x20, 0x0, 0x0, 0x4, 0xff,
    0xff, 0xf5, 0x4f, 0xff, 0xff, 0x20, 0x0, 0x0,
    0x4, 0xff, 0xff, 0xf4, 0xf, 0xff, 0xff, 0x50,
    0x0, 0x0, 0x6, 0xff, 0xff, 0xf2, 0xb, 0xff,
    0xff, 0xd0, 0x0, 0x0, 0xd, 0xff, 0xff, 0xd0,
    0x4, 0xff, 0xff, 0xfd, 0x53, 0x36, 0xef, 0xff,
    0xff, 0x60, 0x0, 0xaf, 0xff, 0xff, 0xff, 0xff,
    0xff, 0xff, 0xfc, 0x0, 0x0, 0xc, 0xff, 0xff,
    0xff, 0xff, 0xff, 0xff, 0xc1, 0x0, 0x0, 0x0,
    0x8f, 0xff, 0xff, 0xff, 0xff, 0xf8, 0x0, 0x0,
    0x0, 0x0, 0x1, 0x7b, 0xef, 0xfe, 0xb7, 0x10,
    0x0, 0x0,

    /* U+0037 "7" */
    0xf, 0xff, 0xff, 0xff, 0xff, 0xff, 0xff, 0xff,
    0xff, 0xc0, 0xff, 0xff, 0xff, 0xff, 0xff, 0xff,
    0xff, 0xff, 0xfc, 0xf, 0xff, 0xff, 0xff, 0xff,
    0xff, 0xff, 0xff, 0xff, 0xc0, 0xff, 0xff, 0xff,
    0xff, 0xff, 0xff, 0xff, 0xff, 0xfc, 0xf, 0xff,
    0xfb, 0x55, 0x55, 0x55, 0x5d, 0xff, 0xff, 0xb0,
    0xff, 0xff, 0x80, 0x0, 0x0, 0x1, 0xff, 0xff,
    0xf6, 0xf, 0xff, 0xf8, 0x0, 0x0, 0x0, 0x7f,
    0xff, 0xff, 0x0, 0xff, 0xff, 0x80, 0x0, 0x0,
    0xe, 0xff, 0xff, 0x90, 0xe, 0xee, 0xe7, 0x0,
    0x0, 0x4, 0xff, 0xff, 0xf3, 0x0, 0x0, 0x0,
    0x0, 0x0, 0x0, 0xbf, 0xff, 0xfd, 0x0, 0x0,
    0x0, 0x0, 0x0, 0x0, 0x2f, 0xff, 0xff, 0x60,
    0x0, 0x0, 0x0, 0x0, 0x0, 0x8, 0xff, 0xff,
    0xf0, 0x0, 0x0, 0x0, 0x0, 0x0, 0x0, 0xef,
    0xff, 0xf9, 0x0, 0x0, 0x0, 0x0, 0x0, 0x0,
    0x5f, 0xff, 0xff, 0x30, 0x0, 0x0, 0x0, 0x0,
    0x0, 0xc, 0xff, 0xff, 0xd0, 0x0, 0x0, 0x0,
    0x0, 0x0, 0x2, 0xff, 0xff, 0xf6, 0x0, 0x0,
    0x0, 0x0, 0x0, 0x0, 0x9f, 0xff, 0xff, 0x10,
    0x0, 0x0, 0x0, 0x0, 0x0, 0xe, 0xff, 0xff,
    0xa0, 0x0, 0x0, 0x0, 0x0, 0x0, 0x6, 0xff,
    0xff, 0xf3, 0x0, 0x0, 0x0, 0x0, 0x0, 0x0,
    0xcf, 0xff, 0xfd, 0x0, 0x0, 0x0, 0x0, 0x0,
    0x0, 0x3f, 0xff, 0xff, 0x70, 0x0, 0x0, 0x0,
    0x0, 0x0, 0x9, 0xff, 0xff, 0xf1, 0x0, 0x0,
    0x0, 0x0, 0x0, 0x0, 0xff, 0xff, 0xfa, 0x0,
    0x0, 0x0, 0x0, 0x0, 0x0, 0x6f, 0xff, 0xff,
    0x40, 0x0, 0x0, 0x0, 0x0, 0x0, 0xd, 0xff,
    0xff, 0xd0, 0x0, 0x0, 0x0, 0x0,

    /* U+0038 "8" */
    0x0, 0x0, 0x5, 0x9d, 0xef, 0xfe, 0xb8, 0x20,
    0x0, 0x0, 0x0, 0x4, 0xef, 0xff, 0xff, 0xff,
    0xff, 0xfa, 0x10, 0x0, 0x0, 0x6f, 0xff, 0xff,
    0xff, 0xff, 0xff, 0xff, 0xd1, 0x0, 0x2, 0xff,
    0xff, 0xff, 0xff, 0xff, 0xff, 0xff, 0xfb, 0x0,
    0x8, 0xff, 0xff, 0xfa, 0x31, 0x25, 0xdf, 0xff,
    0xff, 0x20, 0xb, 0xff, 0xff, 0xa0, 0x0, 0x0,
    0x1f, 0xff, 0xff, 0x50, 0xc, 0xff, 0xff, 0x50,
    0x0, 0x0, 0xb, 0xff, 0xff, 0x60, 0xa, 0xff,
    0xff, 0x50, 0x0, 0x0, 0xb, 0xff, 0xff, 0x40,
    0x4, 0xff, 0xff, 0x90, 0x0, 0x0, 0x1e, 0xff,
    0xfe, 0x0, 0x0, 0xaf, 0xff, 0xf9, 0x20, 0x14,
    0xcf, 0xff, 0xf4, 0x0, 0x0, 0x8, 0xff, 0xff,
    0xff, 0xff, 0xff, 0xfd, 0x30, 0x0, 0x0, 0x0,
    0x2d, 0xff, 0xff, 0xff, 0xff, 0x80, 0x0, 0x0,
    0x0, 0x6, 0xdf, 0xff, 0xff, 0xff, 0xff, 0xfb,
    0x30, 0x0, 0x0, 0xaf, 0xff, 0xff, 0xfe, 0xff,
    0xff, 0xff, 0xf5, 0x0, 0xa, 0xff, 0xff, 0xf7,
    0x10, 0x3, 0xbf, 0xff, 0xff, 0x30, 0x2f, 0xff,
    0xff, 0x80, 0x0, 0x0, 0xd, 0xff, 0xff, 0xb0,
    0x6f, 0xff, 0xff, 0x30, 0x0, 0x0, 0x9, 0xff,
    0xff, 0xf0, 0x8f, 0xff, 0xff, 0x10, 0x0, 0x0,
    0x7, 0xff, 0xff, 0xf2, 0x7f, 0xff, 0xff, 0x30,
    0x0, 0x0, 0x9, 0xff, 0xff, 0xf1, 0x5f, 0xff,
    0xff, 0x90, 0x0, 0x0, 0x1e, 0xff, 0xff, 0xe0,
    0xf, 0xff, 0xff, 0xfa, 0x31, 0x25, 0xdf, 0xff,
    0xff, 0x90, 0x6, 0xff, 0xff, 0xff, 0xff, 0xff,
    0xff, 0xff, 0xfe, 0x10, 0x0, 0x8f, 0xff, 0xff,
    0xff, 0xff, 0xff, 0xff, 0xf3, 0x0, 0x0, 0x5,
    0xef, 0xff, 0xff, 0xff, 0xff, 0xfb, 0x20, 0x0,
    0x0, 0x0, 0x5, 0x9d, 0xef, 0xfe, 0xb8, 0x20,
    0x0, 0x0,

    /* U+0039 "9" */
    0x0, 0x0, 0x3, 0x8c, 0xef, 0xed, 0xa5, 0x0,
    0x0, 0x0, 0x0, 0x2, 0xcf, 0xff, 0xff, 0xff,
    0xff, 0xd4, 0x0, 0x0, 0x0, 0x4f, 0xff, 0xff,
    0xff, 0xff, 0xff, 0xff, 0x60, 0x0, 0x3, 0xff,
    0xff, 0xff, 0xff, 0xff, 0xff, 0xff, 0xf4, 0x0,
    0xc, 0xff, 0xff, 0xfb, 0x42, 0x48, 0xff, 0xff,
    0xfd, 0x0, 0x3f, 0xff, 0xff, 0x90, 0x0, 0x0,
    0x3f, 0xff, 0xff, 0x50, 0x8f, 0xff, 0xff, 0x10,
    0x0, 0x0, 0xb, 0xff, 0xff, 0xa0, 0xbf, 0xff,
    0xfe, 0x0, 0x0, 0x0, 0x8, 0xff, 0xff, 0xe0,
    0xcf, 0xff, 0xfd, 0x0, 0x0, 0x0, 0x8, 0xff,
    0xff, 0xf0, 0xbf, 0xff, 0xff, 0x0, 0x0, 0x0,
    0xa, 0xff, 0xff, 0xf1, 0x8f, 0xff, 0xff, 0x70,
    0x0, 0x0, 0x2f, 0xff, 0xff, 0xf0, 0x3f, 0xff,
    0xff, 0xf8, 0x20, 0x16, 0xef, 0xff, 0xff, 0xf0,
    0xc, 0xff, 0xff, 0xff, 0xff, 0xff, 0xfc, 0xff,
    0xff, 0xd0, 0x2, 0xff, 0xff, 0xff, 0xff, 0xff,
    0x7d, 0xff, 0xff, 0x90, 0x0, 0x3d, 0xff, 0xff,
    0xff, 0xf9, 0x3f, 0xff, 0xff, 0x40, 0x0, 0x0,
    0x6c, 0xff, 0xfc, 0x40, 0xaf, 0xff, 0xfe, 0x0,
    0x0, 0x0, 0x0, 0x0, 0x0, 0x4, 0xff, 0xff,
    0xf7, 0x0, 0x0, 0x0, 0x0, 0x0, 0x0, 0x1d,
    0xff, 0xff, 0xe1, 0x0, 0x0, 0x0, 0x0, 0x0,
    0x0, 0xbf, 0xff, 0xff, 0x60, 0x0, 0x0, 0x0,
    0x0, 0x0, 0xa, 0xff, 0xff, 0xfb, 0x0, 0x0,
    0x0, 0x0, 0x0, 0x0, 0xaf, 0xff, 0xff, 0xe1,
    0x0, 0x0, 0x0, 0x0, 0x0, 0x1b, 0xff, 0xff,
    0xfe, 0x20, 0x0, 0x0, 0x0, 0x0, 0x2, 0xdf,
    0xff, 0xff, 0xe3, 0x0, 0x0, 0x0, 0x0, 0x0,
    0x5f, 0xff, 0xff, 0xfe, 0x20, 0x0, 0x0, 0x0,
    0x0, 0xa, 0xff, 0xff, 0xff, 0xb1, 0x0, 0x0,
    0x0, 0x0,

    /* U+003A ":" */
    0x2, 0xbf, 0xea, 0x10, 0xd, 0xff, 0xff, 0xc0,
    0x2f, 0xff, 0xff, 0xf0, 0x3f, 0xff, 0xff, 0xf1,
    0x1f, 0xff, 0xff, 0xe0, 0x7, 0xff, 0xff, 0x50,
    0x0, 0x25, 0x41, 0x0, 0x0, 0x0, 0x0, 0x0,
    0x0, 0x0, 0x0, 0x0, 0x0, 0x0, 0x0, 0x0,
    0x0, 0x0, 0x0, 0x0, 0x0, 0x0, 0x0, 0x0,
    0x0, 0x24, 0x41, 0x0, 0x7, 0xff, 0xff, 0x50,
    0x1f, 0xff, 0xff, 0xe0, 0x3f, 0xff, 0xff, 0xf1,
    0x2f, 0xff, 0xff, 0xf0, 0xd, 0xff, 0xff, 0xc0,
    0x2, 0xbf, 0xea, 0x10,

    /* U+003B ";" */
    0x0, 0x2b, 0xfe, 0xa1, 0x0, 0xd, 0xff, 0xff,
    0xc0, 0x2, 0xff, 0xff, 0xff, 0x0, 0x3f, 0xff,
    0xff, 0xf1, 0x1, 0xff, 0xff, 0xfe, 0x0, 0x7,
    0xff, 0xff, 0x50, 0x0, 0x2, 0x54, 0x10, 0x0,
    0x0, 0x0, 0x0, 0x0, 0x0, 0x0, 0x0, 0x0,
    0x0, 0x0, 0x0, 0x0, 0x0, 0x0, 0x0, 0x0,
    0x0, 0x0, 0x0, 0x0, 0x0, 0x0, 0x0, 0x0,
    0x0, 0x0, 0x0, 0x2, 0xbf, 0xea, 0x10, 0x0,
    0xdf, 0xff, 0xfc, 0x0, 0x2f, 0xff, 0xff, 0xf0,
    0x3, 0xff, 0xff, 0xff, 0x10, 0x1f, 0xff, 0xff,
    0xf0, 0x0, 0x6f, 0xff, 0xfd, 0x0, 0x0, 0x1f,
    0xff, 0x90, 0x0, 0x5, 0xff, 0xf2, 0x0, 0x0,
    0xef, 0xf9, 0x0, 0x0, 0xbf, 0xfd, 0x0, 0x0,
    0xaf, 0xfd, 0x10, 0x0, 0x3, 0x33, 0x10, 0x0,
    0x0,

    /* U+003C "<" */
    0x0, 0x0, 0x0, 0x0, 0x0, 0x0, 0x0, 0x10,
    0x0, 0x0, 0x0, 0x0, 0x0, 0x0, 0x7d, 0x0,
    0x0, 0x0, 0x0, 0x0, 0x3, 0xcf, 0xe0, 0x0,
    0x0, 0x0, 0x0, 0x8, 0xff, 0xfe, 0x0, 0x0,
    0x0, 0x0, 0x3d, 0xff, 0xff, 0xe0, 0x0, 0x0,
    0x0, 0x9f, 0xff, 0xff, 0xfe, 0x0, 0x0, 0x4,
    0xef, 0xff, 0xff, 0xfc, 0x20, 0x0, 0x1a, 0xff,
    0xff, 0xff, 0xe6, 0x0, 0x0, 0x5e, 0xff, 0xff,
    0xff, 0x91, 0x0, 0x1, 0xbf, 0xff, 0xff, 0xfd,
    0x30, 0x0, 0x0, 0x4f, 0xff, 0xff, 0xf7, 0x0,
    0x0, 0x0, 0x4, 0xff, 0xff, 0xf9, 0x0, 0x0,
    0x0, 0x0, 0x4f, 0xff, 0xff, 0xfc, 0x30, 0x0,
    0x0, 0x0, 0x6f, 0xff, 0xff, 0xff, 0x90, 0x0,
    0x0, 0x0, 0x1b, 0xff, 0xff, 0xff, 0xe5, 0x0,
    0x0, 0x0, 0x5, 0xef, 0xff, 0xff, 0xfb, 0x20,
    0x0, 0x0, 0x1, 0xaf, 0xff, 0xff, 0xff, 0x70,
    0x0, 0x0, 0x0, 0x4e, 0xff, 0xff, 0xfe, 0x0,
    0x0, 0x0, 0x0, 0x9, 0xff, 0xff, 0xe0, 0x0,
    0x0, 0x0, 0x0, 0x3, 0xdf, 0xfe, 0x0, 0x0,
    0x0, 0x0, 0x0, 0x0, 0x8f, 0xe0, 0x0, 0x0,
    0x0, 0x0, 0x0, 0x0, 0x3b, 0x0, 0x0, 0x0,
    0x0, 0x0, 0x0, 0x0, 0x0,

    /* U+003D "=" */
    0x12, 0x22, 0x22, 0x22, 0x22, 0x22, 0x22, 0x22,
    0x20, 0x9f, 0xff, 0xff, 0xff, 0xff, 0xff, 0xff,
    0xff, 0xf3, 0x9f, 0xff, 0xff, 0xff, 0xff, 0xff,
    0xff, 0xff, 0xf3, 0x9f, 0xff, 0xff, 0xff, 0xff,
    0xff, 0xff, 0xff, 0xf3, 0x9f, 0xff, 0xff, 0xff,
    0xff, 0xff, 0xff, 0xff, 0xf3, 0x0, 0x0, 0x0,
    0x0, 0x0, 0x0, 0x0, 0x0, 0x0, 0x0, 0x0,
    0x0, 0x0, 0x0, 0x0, 0x0, 0x0, 0x0, 0x0,
    0x0, 0x0, 0x0, 0x0, 0x0, 0x0, 0x0, 0x0,
    0x13, 0x33, 0x33, 0x33, 0x33, 0x33, 0x33, 0x33,
    0x30, 0x9f, 0xff, 0xff, 0xff, 0xff, 0xff, 0xff,
    0xff, 0xf3, 0x9f, 0xff, 0xff, 0xff, 0xff, 0xff,
    0xff, 0xff, 0xf3, 0x9f, 0xff, 0xff, 0xff, 0xff,
    0xff, 0xff, 0xff, 0xf3, 0x9f, 0xff, 0xff, 0xff,
    0xff, 0xff, 0xff, 0xff, 0xf3,

    /* U+003E ">" */
    0x10, 0x0, 0x0, 0x0, 0x0, 0x0, 0x0, 0x4,
    0xd3, 0x0, 0x0, 0x0, 0x0, 0x0, 0x0, 0x4f,
    0xf9, 0x0, 0x0, 0x0, 0x0, 0x0, 0x4, 0xff,
    0xfe, 0x40, 0x0, 0x0, 0x0, 0x0, 0x4f, 0xff,
    0xff, 0xa1, 0x0, 0x0, 0x0, 0x4, 0xff, 0xff,
    0xff, 0xe5, 0x0, 0x0, 0x0, 0x6, 0xef, 0xff,
    0xff, 0xfb, 0x10, 0x0, 0x0, 0x1, 0xaf, 0xff,
    0xff, 0xff, 0x60, 0x0, 0x0, 0x0, 0x3d, 0xff,
    0xff, 0xff, 0xc2, 0x0, 0x0, 0x0, 0x7, 0xff,
    0xff, 0xff, 0xf7, 0x0, 0x0, 0x0, 0x2, 0xbf,
    0xff, 0xff, 0xe0, 0x0, 0x0, 0x0, 0x1, 0xef,
    0xff, 0xfe, 0x0, 0x0, 0x0, 0x7, 0xff, 0xff,
    0xff, 0xd0, 0x0, 0x0, 0x3c, 0xff, 0xff, 0xff,
    0xb2, 0x0, 0x0, 0x9f, 0xff, 0xff, 0xfe, 0x60,
    0x0, 0x5, 0xef, 0xff, 0xff, 0xfb, 0x10, 0x0,
    0x1b, 0xff, 0xff, 0xff, 0xe5, 0x0, 0x0, 0x4,
    0xff, 0xff, 0xff, 0xa1, 0x0, 0x0, 0x0, 0x4f,
    0xff, 0xfe, 0x40, 0x0, 0x0, 0x0, 0x4, 0xff,
    0xf9, 0x0, 0x0, 0x0, 0x0, 0x0, 0x4f, 0xd4,
    0x0, 0x0, 0x0, 0x0, 0x0, 0x4, 0x80, 0x0,
    0x0, 0x0, 0x0, 0x0, 0x0, 0x0, 0x0, 0x0,
    0x0, 0x0, 0x0, 0x0, 0x0,

    /* U+003F "?" */
    0x0, 0x0, 0x28, 0xce, 0xfe, 0xd9, 0x40, 0x0,
    0x0, 0x0, 0x8, 0xff, 0xff, 0xff, 0xff, 0xfd,
    0x30, 0x0, 0x0, 0xbf, 0xff, 0xff, 0xff, 0xff,
    0xff, 0xf4, 0x0, 0x8, 0xff, 0xff, 0xff, 0xff,
    0xff, 0xff, 0xff, 0x10, 0x1f, 0xff, 0xff, 0xf9,
    0x7a, 0xff, 0xff, 0xff, 0x80, 0x4e, 0xff, 0xfd,
    0x10, 0x0, 0x3f, 0xff, 0xff, 0xd0, 0x0, 0x5b,
    0xf3, 0x0, 0x0, 0xb, 0xff, 0xff, 0xf0, 0x0,
    0x0, 0x10, 0x0, 0x0, 0xa, 0xff, 0xff, 0xf0,
    0x0, 0x0, 0x0, 0x0, 0x0, 0xc, 0xff, 0xff,
    0xd0, 0x0, 0x0, 0x0, 0x0, 0x0, 0x4f, 0xff,
    0xff, 0x80, 0x0, 0x0, 0x0, 0x1, 0x49, 0xff,
    0xff, 0xff, 0x10, 0x0, 0x0, 0x5, 0xff, 0xff,
    0xff, 0xff, 0xf5, 0x0, 0x0, 0x0, 0x5, 0xff,
    0xff, 0xff, 0xfe, 0x40, 0x0, 0x0, 0x0, 0x5,
    0xff, 0xff, 0xfb, 0x60, 0x0, 0x0, 0x0, 0x0,
    0x5, 0xff, 0xff, 0xb0, 0x0, 0x0, 0x0, 0x0,
    0x0, 0x5, 0xff, 0xff, 0xb0, 0x0, 0x0, 0x0,
    0x0, 0x0, 0x2, 0x77, 0x77, 0x50, 0x0, 0x0,
    0x0, 0x0, 0x0, 0x0, 0x0, 0x0, 0x0, 0x0,
    0x0, 0x0, 0x0, 0x0, 0x0, 0x1, 0x20, 0x0,
    0x0, 0x0, 0x0, 0x0, 0x0, 0x2, 0xdf, 0xff,
    0x80, 0x0, 0x0, 0x0, 0x0, 0x0, 0xb, 0xff,
    0xff, 0xf4, 0x0, 0x0, 0x0, 0x0, 0x0, 0xe,
    0xff, 0xff, 0xf7, 0x0, 0x0, 0x0, 0x0, 0x0,
    0xe, 0xff, 0xff, 0xf7, 0x0, 0x0, 0x0, 0x0,
    0x0, 0x9, 0xff, 0xff, 0xf3, 0x0, 0x0, 0x0,
    0x0, 0x0, 0x1, 0xae, 0xfd, 0x50, 0x0, 0x0,
    0x0,

    /* U+0040 "@" */
    0x0, 0x0, 0x0, 0x0, 0x3, 0x8b, 0xdf, 0xfe,
    0xdc, 0x84, 0x0, 0x0, 0x0, 0x0, 0x0, 0x0,
    0x0, 0x0, 0x5d, 0xff, 0xff, 0xff, 0xff, 0xff,
    0xfe, 0x70, 0x0, 0x0, 0x0, 0x0, 0x0, 0x2,
    0xcf, 0xff, 0xff, 0xff, 0xff, 0xff, 0xff, 0xff,
    0xe4, 0x0, 0x0, 0x0, 0x0, 0x3, 0xef, 0xff,
    0xfc, 0x74, 0x21, 0x23, 0x6a, 0xff, 0xff, 0xf7,
    0x0, 0x0, 0x0, 0x3, 0xff, 0xff, 0xa2, 0x0,
    0x0, 0x0, 0x0, 0x1, 0x8f, 0xff, 0xf6, 0x0,
    0x0, 0x1, 0xef, 0xff, 0x60, 0x0, 0x0, 0x0,
    0x0, 0x0, 0x0, 0x3e, 0xff, 0xf3, 0x0, 0x0,
    0xaf, 0xff, 0x40, 0x0, 0x0, 0x0, 0x0, 0x0,
    0x0, 0x0, 0x2e, 0xff, 0xc0, 0x0, 0x2f, 0xff,
    0x70, 0x0, 0x0, 0x2, 0x20, 0x0, 0x0, 0x0,
    0x0, 0x5f, 0xff, 0x50, 0xa, 0xff, 0xd0, 0x0,
    0x1, 0x9f, 0xff, 0xd4, 0x2e, 0xee, 0xb0, 0x0,
    0xcf, 0xfa, 0x0, 0xff, 0xf6, 0x0, 0x1, 0xdf,
    0xff, 0xff, 0xf5, 0xff, 0xfc, 0x0, 0x6, 0xff,
    0xf0, 0x4f, 0xff, 0x10, 0x0, 0xaf, 0xff, 0xff,
    0xff, 0xdf, 0xff, 0xc0, 0x0, 0x2f, 0xff, 0x38,
    0xff, 0xc0, 0x0, 0x1f, 0xff, 0xfa, 0x20, 0x4d,
    0xff, 0xfc, 0x0, 0x0, 0xff, 0xf4, 0x9f, 0xfa,
    0x0, 0x6, 0xff, 0xfd, 0x0, 0x0, 0x4f, 0xff,
    0xc0, 0x0, 0xe, 0xff, 0x6b, 0xff, 0x90, 0x0,
    0x8f, 0xff, 0x90, 0x0, 0x3, 0xff, 0xfc, 0x0,
    0x0, 0xef, 0xf6, 0xcf, 0xf8, 0x0, 0x9, 0xff,
    0xf8, 0x0, 0x0, 0x3f, 0xff, 0xc0, 0x0, 0xe,
    0xff, 0x5b, 0xff, 0x90, 0x0, 0x9f, 0xff, 0x80,
    0x0, 0x3, 0xff, 0xfc, 0x0, 0x0, 0xff, 0xf4,
    0xaf, 0xfa, 0x0, 0x8, 0xff, 0xf9, 0x0, 0x0,
    0x3f, 0xff, 0xc0, 0x0, 0x3f, 0xff, 0x19, 0xff,
    0xb0, 0x0, 0x5f, 0xff, 0xd0, 0x0, 0x6, 0xff,
    0xfd, 0x0, 0x9, 0xff, 0xc0, 0x5f, 0xff, 0x0,
    0x1, 0xff, 0xff, 0xa2, 0x5, 0xff, 0xff, 0xf4,
    0x6, 0xff, 0xf6, 0x1, 0xff, 0xf4, 0x0, 0x9,
    0xff, 0xff, 0xff, 0xfc, 0xaf, 0xff, 0xff, 0xff,
    0xfc, 0x0, 0xd, 0xff, 0xb0, 0x0, 0xc, 0xff,
    0xff, 0xff, 0x42, 0xff, 0xff, 0xff, 0xfd, 0x10,
    0x0, 0x5f, 0xff, 0x40, 0x0, 0x8, 0xef, 0xfd,
    0x40, 0x2, 0xaf, 0xff, 0xd7, 0x0, 0x0, 0x0,
    0xdf, 0xfe, 0x20, 0x0, 0x0, 0x10, 0x0, 0x0,
    0x0, 0x1, 0x0, 0x0, 0x0, 0x0, 0x4, 0xff,
    0xfe, 0x30, 0x0, 0x0, 0x0, 0x0, 0x0, 0x0,
    0x0, 0x0, 0x0, 0x0, 0x0, 0x7, 0xff, 0xff,
    0x81, 0x0, 0x0, 0x0, 0x0, 0x0, 0x0, 0x0,
    0x0, 0x0, 0x0, 0x0, 0x8, 0xff, 0xff, 0xfa,
    0x62, 0x10, 0x0, 0x0, 0x0, 0x0, 0x0, 0x0,
    0x0, 0x0, 0x0, 0x5, 0xff, 0xff, 0xff, 0xff,
    0xff, 0xff, 0xff, 0xff, 0x30, 0x0, 0x0, 0x0,
    0x0, 0x0, 0x1, 0x8f, 0xff, 0xff, 0xff, 0xff,
    0xff, 0xff, 0xf3, 0x0, 0x0, 0x0, 0x0, 0x0,
    0x0, 0x0, 0x16, 0xad, 0xff, 0xff, 0xff, 0xff,
    0xff, 0x30, 0x0, 0x0, 0x0, 0x0, 0x0, 0x0,
    0x0, 0x0, 0x0, 0x11, 0x11, 0x11, 0x11, 0x10,
    0x0, 0x0, 0x0,

    /* U+0041 "A" */
    0x0, 0x0, 0x0, 0x0, 0x2f, 0xff, 0xff, 0xfe,
    0x0, 0x0, 0x0, 0x0, 0x0, 0x0, 0x0, 0x0,
    0x7f, 0xff, 0xff, 0xff, 0x40, 0x0, 0x0, 0x0,
    0x0, 0x0, 0x0, 0x0, 0xdf, 0xff, 0xff, 0xff,
    0x90, 0x0, 0x0, 0x0, 0x0, 0x0, 0x0, 0x2,
    0xff, 0xff, 0xff, 0xff, 0xe0, 0x0, 0x0, 0x0,
    0x0, 0x0, 0x0, 0x7, 0xff, 0xff, 0xff, 0xff,
    0xf3, 0x0, 0x0, 0x0, 0x0, 0x0, 0x0, 0xd,
    0xff, 0xff, 0x9f, 0xff, 0xf9, 0x0, 0x0, 0x0,
    0x0, 0x0, 0x0, 0x2f, 0xff, 0xfb, 0x4f, 0xff,
    0xfe, 0x0, 0x0, 0x0, 0x0, 0x0, 0x0, 0x7f,
    0xff, 0xf6, 0xf, 0xff, 0xff, 0x30, 0x0, 0x0,
    0x0, 0x0, 0x0, 0xdf, 0xff, 0xf1, 0xa, 0xff,
    0xff, 0x80, 0x0, 0x0, 0x0, 0x0, 0x2, 0xff,
    0xff, 0xd0, 0x5, 0xff, 0xff, 0xd0, 0x0, 0x0,
    0x0, 0x0, 0x7, 0xff, 0xff, 0x80, 0x1, 0xff,
    0xff, 0xf3, 0x0, 0x0, 0x0, 0x0, 0xc, 0xff,
    0xff, 0x30, 0x0, 0xcf, 0xff, 0xf8, 0x0, 0x0,
    0x0, 0x0, 0x2f, 0xff, 0xfe, 0x0, 0x0, 0x7f,
    0xff, 0xfd, 0x0, 0x0, 0x0, 0x0, 0x7f, 0xff,
    0xfa, 0x0, 0x0, 0x2f, 0xff, 0xff, 0x20, 0x0,
    0x0, 0x0, 0xcf, 0xff, 0xfb, 0x99, 0x99, 0x9f,
    0xff, 0xff, 0x80, 0x0, 0x0, 0x2, 0xff, 0xff,
    0xff, 0xff, 0xff, 0xff, 0xff, 0xff, 0xd0, 0x0,
    0x0, 0x7, 0xff, 0xff, 0xff, 0xff, 0xff, 0xff,
    0xff, 0xff, 0xf2, 0x0, 0x0, 0xc, 0xff, 0xff,
    0xff, 0xff, 0xff, 0xff, 0xff, 0xff, 0xf7, 0x0,
    0x0, 0x2f, 0xff, 0xff, 0xff, 0xff, 0xff, 0xff,
    0xff, 0xff, 0xfc, 0x0, 0x0, 0x7f, 0xff, 0xfe,
    0x0, 0x0, 0x0, 0x0, 0x6f, 0xff, 0xff, 0x20,
    0x0, 0xcf, 0xff, 0xf9, 0x0, 0x0, 0x0, 0x0,
    0x1f, 0xff, 0xff, 0x70, 0x2, 0xff, 0xff, 0xf4,
    0x0, 0x0, 0x0, 0x0, 0xc, 0xff, 0xff, 0xc0,
    0x7, 0xff, 0xff, 0xf0, 0x0, 0x0, 0x0, 0x0,
    0x8, 0xff, 0xff, 0xf1, 0xc, 0xff, 0xff, 0xb0,
    0x0, 0x0, 0x0, 0x0, 0x3, 0xff, 0xff, 0xf7,
    0x1f, 0xff, 0xff, 0x60, 0x0, 0x0, 0x0, 0x0,
    0x0, 0xef, 0xff, 0xfc,

    /* U+0042 "B" */
    0x3f, 0xff, 0xff, 0xff, 0xff, 0xff, 0xff, 0xd9,
    0x20, 0x0, 0x3, 0xff, 0xff, 0xff, 0xff, 0xff,
    0xff, 0xff, 0xff, 0x70, 0x0, 0x3f, 0xff, 0xff,
    0xff, 0xff, 0xff, 0xff, 0xff, 0xff, 0x50, 0x3,
    0xff, 0xff, 0xff, 0xff, 0xff, 0xff, 0xff, 0xff,
    0xfe, 0x0, 0x3f, 0xff, 0xff, 0xa8, 0x88, 0x88,
    0xbf, 0xff, 0xff, 0xf4, 0x3, 0xff, 0xff, 0xf4,
    0x0, 0x0, 0x0, 0x7f, 0xff, 0xff, 0x80, 0x3f,
    0xff, 0xff, 0x40, 0x0, 0x0, 0x1, 0xff, 0xff,
    0xf9, 0x3, 0xff, 0xff, 0xf4, 0x0, 0x0, 0x0,
    0xf, 0xff, 0xff, 0x80, 0x3f, 0xff, 0xff, 0x40,
    0x0, 0x0, 0x1, 0xff, 0xff, 0xf5, 0x3, 0xff,
    0xff, 0xf4, 0x0, 0x0, 0x0, 0x5f, 0xff, 0xff,
    0x10, 0x3f, 0xff, 0xff, 0x86, 0x66, 0x66, 0x8f,
    0xff, 0xff, 0x70, 0x3, 0xff, 0xff, 0xff, 0xff,
    0xff, 0xff, 0xff, 0xfd, 0x60, 0x0, 0x3f, 0xff,
    0xff, 0xff, 0xff, 0xff, 0xff, 0xfa, 0x61, 0x0,
    0x3, 0xff, 0xff, 0xff, 0xff, 0xff, 0xff, 0xff,
    0xff, 0xf6, 0x0, 0x3f, 0xff, 0xff, 0xff, 0xff,
    0xff, 0xff, 0xff, 0xff, 0xf6, 0x3, 0xff, 0xff,
    0xf4, 0x0, 0x0, 0x0, 0x3c, 0xff, 0xff, 0xf1,
    0x3f, 0xff, 0xff, 0x40, 0x0, 0x0, 0x0, 0x3f,
    0xff, 0xff, 0x63, 0xff, 0xff, 0xf4, 0x0, 0x0,
    0x0, 0x1, 0xff, 0xff, 0xf8, 0x3f, 0xff, 0xff,
    0x40, 0x0, 0x0, 0x0, 0x2f, 0xff, 0xff, 0x83,
    0xff, 0xff, 0xf4, 0x0, 0x0, 0x0, 0x7, 0xff,
    0xff, 0xf6, 0x3f, 0xff, 0xff, 0xa8, 0x88, 0x88,
    0x8b, 0xff, 0xff, 0xff, 0x23, 0xff, 0xff, 0xff,
    0xff, 0xff, 0xff, 0xff, 0xff, 0xff, 0xb0, 0x3f,
    0xff, 0xff, 0xff, 0xff, 0xff, 0xff, 0xff, 0xff,
    0xf2, 0x3, 0xff, 0xff, 0xff, 0xff, 0xff, 0xff,
    0xff, 0xff, 0xe3, 0x0, 0x3f, 0xff, 0xff, 0xff,
    0xff, 0xff, 0xff, 0xfd, 0x81, 0x0, 0x0,

    /* U+0043 "C" */
    0x0, 0x0, 0x0, 0x3, 0x8c, 0xef, 0xfe, 0xc8,
    0x20, 0x0, 0x0, 0x0, 0x0, 0x2, 0xbf, 0xff,
    0xff, 0xff, 0xff, 0xfb, 0x10, 0x0, 0x0, 0x0,
    0x5f, 0xff, 0xff, 0xff, 0xff, 0xff, 0xff, 0xe2,
    0x0, 0x0, 0x5, 0xff, 0xff, 0xff, 0xff, 0xff,
    0xff, 0xff, 0xfe, 0x10, 0x0, 0x1e, 0xff, 0xff,
    0xff, 0xfd, 0xdf, 0xff, 0xff, 0xff, 0xa0, 0x0,
    0xaf, 0xff, 0xff, 0xd4, 0x0, 0x0, 0x6f, 0xff,
    0xff, 0xf1, 0x1, 0xff, 0xff, 0xfd, 0x0, 0x0,
    0x0, 0x4, 0xff, 0xfa, 0x20, 0x7, 0xff, 0xff,
    0xf3, 0x0, 0x0, 0x0, 0x0, 0xaa, 0x20, 0x0,
    0xb, 0xff, 0xff, 0xd0, 0x0, 0x0, 0x0, 0x0,
    0x0, 0x0, 0x0, 0xe, 0xff, 0xff, 0xa0, 0x0,
    0x0, 0x0, 0x0, 0x0, 0x0, 0x0, 0xf, 0xff,
    0xff, 0x90, 0x0, 0x0, 0x0, 0x0, 0x0, 0x0,
    0x0, 0x2f, 0xff, 0xff, 0x90, 0x0, 0x0, 0x0,
    0x0, 0x0, 0x0, 0x0, 0x2f, 0xff, 0xff, 0x90,
    0x0, 0x0, 0x0, 0x0, 0x0, 0x0, 0x0, 0x2f,
    0xff, 0xff, 0x90, 0x0, 0x0, 0x0, 0x0, 0x0,
    0x0, 0x0, 0x1f, 0xff, 0xff, 0x90, 0x0, 0x0,
    0x0, 0x0, 0x0, 0x0, 0x0, 0xf, 0xff, 0xff,
    0xa0, 0x0, 0x0, 0x0, 0x0, 0x0, 0x0, 0x0,
    0xc, 0xff, 0xff, 0xd0, 0x0, 0x0, 0x0, 0x0,
    0x1, 0x0, 0x0, 0x8, 0xff, 0xff, 0xf3, 0x0,
    0x0, 0x0, 0x0, 0x8e, 0x70, 0x0, 0x3, 0xff,
    0xff, 0xfd, 0x0, 0x0, 0x0, 0x4, 0xff, 0xfe,
    0x50, 0x0, 0xcf, 0xff, 0xff, 0xd4, 0x0, 0x0,
    0x6f, 0xff, 0xff, 0xf2, 0x0, 0x3f, 0xff, 0xff,
    0xff, 0xfd, 0xdf, 0xff, 0xff, 0xff, 0x90, 0x0,
    0x7, 0xff, 0xff, 0xff, 0xff, 0xff, 0xff, 0xff,
    0xfc, 0x0, 0x0, 0x0, 0x7f, 0xff, 0xff, 0xff,
    0xff, 0xff, 0xff, 0xc1, 0x0, 0x0, 0x0, 0x4,
    0xcf, 0xff, 0xff, 0xff, 0xff, 0xf9, 0x0, 0x0,
    0x0, 0x0, 0x0, 0x4, 0x8c, 0xef, 0xfe, 0xb7,
    0x20, 0x0, 0x0,

    /* U+0044 "D" */
    0x3f, 0xff, 0xff, 0xff, 0xff, 0xfe, 0xc8, 0x40,
    0x0, 0x0, 0x0, 0x3f, 0xff, 0xff, 0xff, 0xff,
    0xff, 0xff, 0xfd, 0x40, 0x0, 0x0, 0x3f, 0xff,
    0xff, 0xff, 0xff, 0xff, 0xff, 0xff, 0xf8, 0x0,
    0x0, 0x3f, 0xff, 0xff, 0xff, 0xff, 0xff, 0xff,
    0xff, 0xff, 0x80, 0x0, 0x3f, 0xff, 0xff, 0xdc,
    0xcc, 0xce, 0xff, 0xff, 0xff, 0xf4, 0x0, 0x3f,
    0xff, 0xff, 0x40, 0x0, 0x0, 0x2b, 0xff, 0xff,
    0xfc, 0x0, 0x3f, 0xff, 0xff, 0x40, 0x0, 0x0,
    0x0, 0xaf, 0xff, 0xff, 0x40, 0x3f, 0xff, 0xff,
    0x40, 0x0, 0x0, 0x0, 0x1f, 0xff, 0xff, 0x90,
    0x3f, 0xff, 0xff, 0x40, 0x0, 0x0, 0x0, 0xb,
    0xff, 0xff, 0xd0, 0x3f, 0xff, 0xff, 0x40, 0x0,
    0x0, 0x0, 0x9, 0xff, 0xff, 0xf1, 0x3f, 0xff,
    0xff, 0x40, 0x0, 0x0, 0x0, 0x8, 0xff, 0xff,
    0xf2, 0x3f, 0xff, 0xff, 0x40, 0x0, 0x0, 0x0,
    0x8, 0xff, 0xff, 0xf3, 0x3f, 0xff, 0xff, 0x40,
    0x0, 0x0, 0x0, 0x8, 0xff, 0xff, 0xf4, 0x3f,
    0xff, 0xff, 0x40, 0x0, 0x0, 0x0, 0x8, 0xff,
    0xff, 0xf3, 0x3f, 0xff, 0xff, 0x40, 0x0, 0x0,
    0x0, 0x8, 0xff, 0xff, 0xf2, 0x3f, 0xff, 0xff,
    0x40, 0x0, 0x0, 0x0, 0x9, 0xff, 0xff, 0xf1,
    0x3f, 0xff, 0xff, 0x40, 0x0, 0x0, 0x0, 0xb,
    0xff, 0xff, 0xd0, 0x3f, 0xff, 0xff, 0x40, 0x0,
    0x0, 0x0, 0x1f, 0xff, 0xff, 0x90, 0x3f, 0xff,
    0xff, 0x40, 0x0, 0x0, 0x0, 0xaf, 0xff, 0xff,
    0x40, 0x3f, 0xff, 0xff, 0x40, 0x0, 0x0, 0x2b,
    0xff, 0xff, 0xfd, 0x0, 0x3f, 0xff, 0xff, 0xdc,
    0xcc, 0xce, 0xff, 0xff, 0xff, 0xf4, 0x0, 0x3f,
    0xff, 0xff, 0xff, 0xff, 0xff, 0xff, 0xff, 0xff,
    0x80, 0x0, 0x3f, 0xff, 0xff, 0xff, 0xff, 0xff,
    0xff, 0xff, 0xf8, 0x0, 0x0, 0x3f, 0xff, 0xff,
    0xff, 0xff, 0xff, 0xff, 0xfd, 0x40, 0x0, 0x0,
    0x3f, 0xff, 0xff, 0xff, 0xff, 0xfe, 0xc9, 0x40,
    0x0, 0x0, 0x0,

    /* U+0045 "E" */
    0x3f, 0xff, 0xff, 0xff, 0xff, 0xff, 0xff, 0xff,
    0xfe, 0x3f, 0xff, 0xff, 0xff, 0xff, 0xff, 0xff,
    0xff, 0xfe, 0x3f, 0xff, 0xff, 0xff, 0xff, 0xff,
    0xff, 0xff, 0xfe, 0x3f, 0xff, 0xff, 0xff, 0xff,
    0xff, 0xff, 0xff, 0xfe, 0x3f, 0xff, 0xff, 0xdc,
    0xcc, 0xcc, 0xcc, 0xcc, 0xca, 0x3f, 0xff, 0xff,
    0x40, 0x0, 0x0, 0x0, 0x0, 0x0, 0x3f, 0xff,
    0xff, 0x40, 0x0, 0x0, 0x0, 0x0, 0x0, 0x3f,
    0xff, 0xff, 0x40, 0x0, 0x0, 0x0, 0x0, 0x0,
    0x3f, 0xff, 0xff, 0x40, 0x0, 0x0, 0x0, 0x0,
    0x0, 0x3f, 0xff, 0xff, 0x40, 0x0, 0x0, 0x0,
    0x0, 0x0, 0x3f, 0xff, 0xff, 0xcb, 0xbb, 0xbb,
    0xbb, 0xbb, 0x20, 0x3f, 0xff, 0xff, 0xff, 0xff,
    0xff, 0xff, 0xff, 0x30, 0x3f, 0xff, 0xff, 0xff,
    0xff, 0xff, 0xff, 0xff, 0x30, 0x3f, 0xff, 0xff,
    0xff, 0xff, 0xff, 0xff, 0xff, 0x30, 0x3f, 0xff,
    0xff, 0xff, 0xff, 0xff, 0xff, 0xff, 0x30, 0x3f,
    0xff, 0xff, 0x40, 0x0, 0x0, 0x0, 0x0, 0x0,
    0x3f, 0xff, 0xff, 0x40, 0x0, 0x0, 0x0, 0x0,
    0x0, 0x3f, 0xff, 0xff, 0x40, 0x0, 0x0, 0x0,
    0x0, 0x0, 0x3f, 0xff, 0xff, 0x40, 0x0, 0x0,
    0x0, 0x0, 0x0, 0x3f, 0xff, 0xff, 0x40, 0x0,
    0x0, 0x0, 0x0, 0x0, 0x3f, 0xff, 0xff, 0xdc,
    0xcc, 0xcc, 0xcc, 0xcc, 0xca, 0x3f, 0xff, 0xff,
    0xff, 0xff, 0xff, 0xff, 0xff, 0xfe, 0x3f, 0xff,
    0xff, 0xff, 0xff, 0xff, 0xff, 0xff, 0xfe, 0x3f,
    0xff, 0xff, 0xff, 0xff, 0xff, 0xff, 0xff, 0xfe,
    0x3f, 0xff, 0xff, 0xff, 0xff, 0xff, 0xff, 0xff,
    0xfe,

    /* U+0046 "F" */
    0x3f, 0xff, 0xff, 0xff, 0xff, 0xff, 0xff, 0xff,
    0xf7, 0x3f, 0xff, 0xff, 0xff, 0xff, 0xff, 0xff,
    0xff, 0xf7, 0x3f, 0xff, 0xff, 0xff, 0xff, 0xff,
    0xff, 0xff, 0xf7, 0x3f, 0xff, 0xff, 0xff, 0xff,
    0xff, 0xff, 0xff, 0xf7, 0x3f, 0xff, 0xff, 0xdc,
    0xcc, 0xcc, 0xcc, 0xcc, 0xc5, 0x3f, 0xff, 0xff,
    0x40, 0x0, 0x0, 0x0, 0x0, 0x0, 0x3f, 0xff,
    0xff, 0x40, 0x0, 0x0, 0x0, 0x0, 0x0, 0x3f,
    0xff, 0xff, 0x40, 0x0, 0x0, 0x0, 0x0, 0x0,
    0x3f, 0xff, 0xff, 0x40, 0x0, 0x0, 0x0, 0x0,
    0x0, 0x3f, 0xff, 0xff, 0x40, 0x0, 0x0, 0x0,
    0x0, 0x0, 0x3f, 0xff, 0xff, 0xcb, 0xbb, 0xbb,
    0xbb, 0xb9, 0x0, 0x3f, 0xff, 0xff, 0xff, 0xff,
    0xff, 0xff, 0xfc, 0x0, 0x3f, 0xff, 0xff, 0xff,
    0xff, 0xff, 0xff, 0xfc, 0x0, 0x3f, 0xff, 0xff,
    0xff, 0xff, 0xff, 0xff, 0xfc, 0x0, 0x3f, 0xff,
    0xff, 0xff, 0xff, 0xff, 0xff, 0xfc, 0x0, 0x3f,
    0xff, 0xff, 0x40, 0x0, 0x0, 0x0, 0x0, 0x0,
    0x3f, 0xff, 0xff, 0x40, 0x0, 0x0, 0x0, 0x0,
    0x0, 0x3f, 0xff, 0xff, 0x40, 0x0, 0x0, 0x0,
    0x0, 0x0, 0x3f, 0xff, 0xff, 0x40, 0x0, 0x0,
    0x0, 0x0, 0x0, 0x3f, 0xff, 0xff, 0x40, 0x0,
    0x0, 0x0, 0x0, 0x0, 0x3f, 0xff, 0xff, 0x40,
    0x0, 0x0, 0x0, 0x0, 0x0, 0x3f, 0xff, 0xff,
    0x40, 0x0, 0x0, 0x0, 0x0, 0x0, 0x3f, 0xff,
    0xff, 0x40, 0x0, 0x0, 0x0, 0x0, 0x0, 0x3f,
    0xff, 0xff, 0x40, 0x0, 0x0, 0x0, 0x0, 0x0,
    0x3f, 0xff, 0xff, 0x40, 0x0, 0x0, 0x0, 0x0,
    0x0,

    /* U+0047 "G" */
    0x0, 0x0, 0x0, 0x2, 0x6b, 0xdf, 0xfe, 0xc9,
    0x40, 0x0, 0x0, 0x0, 0x0, 0x0, 0x19, 0xff,
    0xff, 0xff, 0xff, 0xff, 0xd3, 0x0, 0x0, 0x0,
    0x0, 0x3e, 0xff, 0xff, 0xff, 0xff, 0xff, 0xff,
    0xf7, 0x0, 0x0, 0x0, 0x3f, 0xff, 0xff, 0xff,
    0xff, 0xff, 0xff, 0xff, 0xf6, 0x0, 0x0, 0x1e,
    0xff, 0xff, 0xff, 0xfd, 0xdf, 0xff, 0xff, 0xff,
    0xf2, 0x0, 0x9, 0xff, 0xff, 0xfd, 0x40, 0x0,
    0x3, 0xbf, 0xff, 0xff, 0xa0, 0x1, 0xff, 0xff,
    0xfc, 0x0, 0x0, 0x0, 0x0, 0xaf, 0xfe, 0x60,
    0x0, 0x7f, 0xff, 0xff, 0x30, 0x0, 0x0, 0x0,
    0x0, 0xd7, 0x0, 0x0, 0xb, 0xff, 0xff, 0xd0,
    0x0, 0x0, 0x0, 0x0, 0x0, 0x0, 0x0, 0x0,
    0xef, 0xff, 0xfa, 0x0, 0x0, 0x0, 0x0, 0x0,
    0x0, 0x0, 0x0, 0xf, 0xff, 0xff, 0x90, 0x0,
    0x0, 0x0, 0x0, 0x0, 0x0, 0x0, 0x2, 0xff,
    0xff, 0xf9, 0x0, 0x0, 0x9, 0xff, 0xff, 0xff,
    0xff, 0xf5, 0x2f, 0xff, 0xff, 0x90, 0x0, 0x0,
    0x9f, 0xff, 0xff, 0xff, 0xff, 0x52, 0xff, 0xff,
    0xf9, 0x0, 0x0, 0x9, 0xff, 0xff, 0xff, 0xff,
    0xf5, 0x1f, 0xff, 0xff, 0x90, 0x0, 0x0, 0x9f,
    0xff, 0xff, 0xff, 0xff, 0x50, 0xff, 0xff, 0xfa,
    0x0, 0x0, 0x4, 0x88, 0x88, 0xff, 0xff, 0xf5,
    0xc, 0xff, 0xff, 0xd0, 0x0, 0x0, 0x0, 0x0,
    0xe, 0xff, 0xff, 0x50, 0x8f, 0xff, 0xff, 0x30,
    0x0, 0x0, 0x0, 0x0, 0xff, 0xff, 0xf5, 0x2,
    0xff, 0xff, 0xfd, 0x0, 0x0, 0x0, 0x0, 0x7f,
    0xff, 0xff, 0x50, 0xb, 0xff, 0xff, 0xfd, 0x50,
    0x0, 0x2, 0x9f, 0xff, 0xff, 0xf5, 0x0, 0x3f,
    0xff, 0xff, 0xff, 0xfd, 0xde, 0xff, 0xfe, 0xff,
    0xff, 0x50, 0x0, 0x7f, 0xff, 0xff, 0xff, 0xff,
    0xff, 0xff, 0x9f, 0xff, 0xf5, 0x0, 0x0, 0x8f,
    0xff, 0xff, 0xff, 0xff, 0xff, 0xc4, 0xff, 0xff,
    0x50, 0x0, 0x0, 0x5d, 0xff, 0xff, 0xff, 0xff,
    0xc1, 0x4f, 0xff, 0xf5, 0x0, 0x0, 0x0, 0x5,
    0xad, 0xff, 0xeb, 0x60, 0x4, 0xff, 0xff, 0x50,

    /* U+0048 "H" */
    0x3f, 0xff, 0xff, 0x40, 0x0, 0x0, 0x0, 0x3,
    0xff, 0xff, 0xf4, 0x3f, 0xff, 0xff, 0x40, 0x0,
    0x0, 0x0, 0x3, 0xff, 0xff, 0xf4, 0x3f, 0xff,
    0xff, 0x40, 0x0, 0x0, 0x0, 0x3, 0xff, 0xff,
    0xf4, 0x3f, 0xff, 0xff, 0x40, 0x0, 0x0, 0x0,
    0x3, 0xff, 0xff, 0xf4, 0x3f, 0xff, 0xff, 0x40,
    0x0, 0x0, 0x0, 0x3, 0xff, 0xff, 0xf4, 0x3f,
    0xff, 0xff, 0x40, 0x0, 0x0, 0x0, 0x3, 0xff,
    0xff, 0xf4, 0x3f, 0xff, 0xff, 0x40, 0x0, 0x0,
    0x0, 0x3, 0xff, 0xff, 0xf4, 0x3f, 0xff, 0xff,
    0x40, 0x0, 0x0, 0x0, 0x3, 0xff, 0xff, 0xf4,
    0x3f, 0xff, 0xff, 0x40, 0x0, 0x0, 0x0, 0x3,
    0xff, 0xff, 0xf4, 0x3f, 0xff, 0xff, 0x40, 0x0,
    0x0, 0x0, 0x3, 0xff, 0xff, 0xf4, 0x3f, 0xff,
    0xff, 0xcb, 0xbb, 0xbb, 0xbb, 0xbc, 0xff, 0xff,
    0xf4, 0x3f, 0xff, 0xff, 0xff, 0xff, 0xff, 0xff,
    0xff, 0xff, 0xff, 0xf4, 0x3f, 0xff, 0xff, 0xff,
    0xff, 0xff, 0xff, 0xff, 0xff, 0xff, 0xf4, 0x3f,
    0xff, 0xff, 0xff, 0xff, 0xff, 0xff, 0xff, 0xff,
    0xff, 0xf4, 0x3f, 0xff, 0xff, 0xff, 0xff, 0xff,
    0xff, 0xff, 0xff, 0xff, 0xf4, 0x3f, 0xff, 0xff,
    0x40, 0x0, 0x0, 0x0, 0x3, 0xff, 0xff, 0xf4,
    0x3f, 0xff, 0xff, 0x40, 0x0, 0x0, 0x0, 0x3,
    0xff, 0xff, 0xf4, 0x3f, 0xff, 0xff, 0x40, 0x0,
    0x0, 0x0, 0x3, 0xff, 0xff, 0xf4, 0x3f, 0xff,
    0xff, 0x40, 0x0, 0x0, 0x0, 0x3, 0xff, 0xff,
    0xf4, 0x3f, 0xff, 0xff, 0x40, 0x0, 0x0, 0x0,
    0x3, 0xff, 0xff, 0xf4, 0x3f, 0xff, 0xff, 0x40,
    0x0, 0x0, 0x0, 0x3, 0xff, 0xff, 0xf4, 0x3f,
    0xff, 0xff, 0x40, 0x0, 0x0, 0x0, 0x3, 0xff,
    0xff, 0xf4, 0x3f, 0xff, 0xff, 0x40, 0x0, 0x0,
    0x0, 0x3, 0xff, 0xff, 0xf4, 0x3f, 0xff, 0xff,
    0x40, 0x0, 0x0, 0x0, 0x3, 0xff, 0xff, 0xf4,
    0x3f, 0xff, 0xff, 0x40, 0x0, 0x0, 0x0, 0x3,
    0xff, 0xff, 0xf4,

    /* U+0049 "I" */
    0x3f, 0xff, 0xff, 0xff, 0xff, 0xff, 0xc3, 0xff,
    0xff, 0xff, 0xff, 0xff, 0xfc, 0x3f, 0xff, 0xff,
    0xff, 0xff, 0xff, 0xc3, 0xff, 0xff, 0xff, 0xff,
    0xff, 0xfc, 0x4, 0x44, 0xff, 0xff, 0xfa, 0x44,
    0x30, 0x0, 0xf, 0xff, 0xff, 0x80, 0x0, 0x0,
    0x0, 0xff, 0xff, 0xf8, 0x0, 0x0, 0x0, 0xf,
    0xff, 0xff, 0x80, 0x0, 0x0, 0x0, 0xff, 0xff,
    0xf8, 0x0, 0x0, 0x0, 0xf, 0xff, 0xff, 0x80,
    0x0, 0x0, 0x0, 0xff, 0xff, 0xf8, 0x0, 0x0,
    0x0, 0xf, 0xff, 0xff, 0x80, 0x0, 0x0, 0x0,
    0xff, 0xff, 0xf8, 0x0, 0x0, 0x0, 0xf, 0xff,
    0xff, 0x80, 0x0, 0x0, 0x0, 0xff, 0xff, 0xf8,
    0x0, 0x0, 0x0, 0xf, 0xff, 0xff, 0x80, 0x0,
    0x0, 0x0, 0xff, 0xff, 0xf8, 0x0, 0x0, 0x0,
    0xf, 0xff, 0xff, 0x80, 0x0, 0x0, 0x0, 0xff,
    0xff, 0xf8, 0x0, 0x0, 0x0, 0xf, 0xff, 0xff,
    0x80, 0x0, 0x4, 0x44, 0xff, 0xff, 0xfa, 0x44,
    0x33, 0xff, 0xff, 0xff, 0xff, 0xff, 0xfc, 0x3f,
    0xff, 0xff, 0xff, 0xff, 0xff, 0xc3, 0xff, 0xff,
    0xff, 0xff, 0xff, 0xfc, 0x3f, 0xff, 0xff, 0xff,
    0xff, 0xff, 0xc0,

    /* U+004A "J" */
    0x0, 0x0, 0x9f, 0xff, 0xff, 0xff, 0xff, 0xff,
    0xf8, 0x0, 0x0, 0x9f, 0xff, 0xff, 0xff, 0xff,
    0xff, 0xf8, 0x0, 0x0, 0x9f, 0xff, 0xff, 0xff,
    0xff, 0xff, 0xf8, 0x0, 0x0, 0x9f, 0xff, 0xff,
    0xff, 0xff, 0xff, 0xf8, 0x0, 0x0, 0x35, 0x55,
    0x55, 0x55, 0xff, 0xff, 0xf8, 0x0, 0x0, 0x0,
    0x0, 0x0, 0x0, 0xff, 0xff, 0xf8, 0x0, 0x0,
    0x0, 0x0, 0x0, 0x0, 0xff, 0xff, 0xf8, 0x0,
    0x0, 0x0, 0x0, 0x0, 0x0, 0xff, 0xff, 0xf8,
    0x0, 0x0, 0x0, 0x0, 0x0, 0x0, 0xff, 0xff,
    0xf8, 0x0, 0x0, 0x0, 0x0, 0x0, 0x0, 0xff,
    0xff, 0xf8, 0x0, 0x0, 0x0, 0x0, 0x0, 0x0,
    0xff, 0xff, 0xf8, 0x0, 0x0, 0x0, 0x0, 0x0,
    0x0, 0xff, 0xff, 0xf8, 0x0, 0x0, 0x0, 0x0,
    0x0, 0x0, 0xff, 0xff, 0xf8, 0x0, 0x0, 0x0,
    0x0, 0x0, 0x0, 0xff, 0xff, 0xf8, 0x0, 0x0,
    0x0, 0x0, 0x0, 0x0, 0xff, 0xff, 0xf8, 0x0,
    0x0, 0x0, 0x0, 0x0, 0x0, 0xff, 0xff, 0xf8,
    0x0, 0x0, 0x0, 0x0, 0x0, 0x0, 0xff, 0xff,
    0xf8, 0x0, 0x36, 0x9c, 0x20, 0x0, 0x0, 0xff,
    0xff, 0xf7, 0xf, 0xff, 0xff, 0x70, 0x0, 0x3,
    0xff, 0xff, 0xf6, 0xb, 0xff, 0xff, 0xf3, 0x0,
    0x1c, 0xff, 0xff, 0xf3, 0x5, 0xff, 0xff, 0xff,
    0xdc, 0xff, 0xff, 0xff, 0xe0, 0x0, 0xcf, 0xff,
    0xff, 0xff, 0xff, 0xff, 0xff, 0x60, 0x0, 0x2e,
    0xff, 0xff, 0xff, 0xff, 0xff, 0xfa, 0x0, 0x0,
    0x2, 0xcf, 0xff, 0xff, 0xff, 0xff, 0x80, 0x0,
    0x0, 0x0, 0x4, 0xad, 0xff, 0xec, 0x71, 0x0,
    0x0,

    /* U+004B "K" */
    0x3f, 0xff, 0xff, 0x40, 0x0, 0x0, 0x0, 0xb,
    0xff, 0xff, 0xf7, 0x3, 0xff, 0xff, 0xf4, 0x0,
    0x0, 0x0, 0x8, 0xff, 0xff, 0xfa, 0x0, 0x3f,
    0xff, 0xff, 0x40, 0x0, 0x0, 0x5, 0xff, 0xff,
    0xfc, 0x0, 0x3, 0xff, 0xff, 0xf4, 0x0, 0x0,
    0x2, 0xff, 0xff, 0xfe, 0x10, 0x0, 0x3f, 0xff,
    0xff, 0x40, 0x0, 0x1, 0xdf, 0xff, 0xff, 0x30,
    0x0, 0x3, 0xff, 0xff, 0xf4, 0x0, 0x0, 0xbf,
    0xff, 0xff, 0x50, 0x0, 0x0, 0x3f, 0xff, 0xff,
    0x40, 0x0, 0x8f, 0xff, 0xff, 0x80, 0x0, 0x0,
    0x3, 0xff, 0xff, 0xf4, 0x0, 0x4f, 0xff, 0xff,
    0xb0, 0x0, 0x0, 0x0, 0x3f, 0xff, 0xff, 0x40,
    0x1e, 0xff, 0xff, 0xd0, 0x0, 0x0, 0x0, 0x3,
    0xff, 0xff, 0xf4, 0xc, 0xff, 0xff, 0xe2, 0x0,
    0x0, 0x0, 0x0, 0x3f, 0xff, 0xff, 0x48, 0xff,
    0xff, 0xf9, 0x0, 0x0, 0x0, 0x0, 0x3, 0xff,
    0xff, 0xf8, 0xff, 0xff, 0xff, 0xf2, 0x0, 0x0,
    0x0, 0x0, 0x3f, 0xff, 0xff, 0xff, 0xff, 0xff,
    0xff, 0xc0, 0x0, 0x0, 0x0, 0x3, 0xff, 0xff,
    0xff, 0xff, 0xff, 0xff, 0xff, 0x60, 0x0, 0x0,
    0x0, 0x3f, 0xff, 0xff, 0xff, 0xf7, 0xff, 0xff,
    0xff, 0x10, 0x0, 0x0, 0x3, 0xff, 0xff, 0xff,
    0xf6, 0xa, 0xff, 0xff, 0xfa, 0x0, 0x0, 0x0,
    0x3f, 0xff, 0xff, 0xf8, 0x0, 0x1f, 0xff, 0xff,
    0xf4, 0x0, 0x0, 0x3, 0xff, 0xff, 0xfb, 0x0,
    0x0, 0x6f, 0xff, 0xff, 0xe0, 0x0, 0x0, 0x3f,
    0xff, 0xff, 0x40, 0x0, 0x0, 0xcf, 0xff, 0xff,
    0x80, 0x0, 0x3, 0xff, 0xff, 0xf4, 0x0, 0x0,
    0x3, 0xff, 0xff, 0xff, 0x30, 0x0, 0x3f, 0xff,
    0xff, 0x40, 0x0, 0x0, 0x9, 0xff, 0xff, 0xfc,
    0x0, 0x3, 0xff, 0xff, 0xf4, 0x0, 0x0, 0x0,
    0xe, 0xff, 0xff, 0xf6, 0x0, 0x3f, 0xff, 0xff,
    0x40, 0x0, 0x0, 0x0, 0x5f, 0xff, 0xff, 0xf1,
    0x3, 0xff, 0xff, 0xf4, 0x0, 0x0, 0x0, 0x0,
    0xbf, 0xff, 0xff, 0xa0, 0x3f, 0xff, 0xff, 0x40,
    0x0, 0x0, 0x0, 0x2, 0xff, 0xff, 0xff, 0x40,

    /* U+004C "L" */
    0x3f, 0xff, 0xff, 0x40, 0x0, 0x0, 0x0, 0x0,
    0x3f, 0xff, 0xff, 0x40, 0x0, 0x0, 0x0, 0x0,
    0x3f, 0xff, 0xff, 0x40, 0x0, 0x0, 0x0, 0x0,
    0x3f, 0xff, 0xff, 0x40, 0x0, 0x0, 0x0, 0x0,
    0x3f, 0xff, 0xff, 0x40, 0x0, 0x0, 0x0, 0x0,
    0x3f, 0xff, 0xff, 0x40, 0x0, 0x0, 0x0, 0x0,
    0x3f, 0xff, 0xff, 0x40, 0x0, 0x0, 0x0, 0x0,
    0x3f, 0xff, 0xff, 0x40, 0x0, 0x0, 0x0, 0x0,
    0x3f, 0xff, 0xff, 0x40, 0x0, 0x0, 0x0, 0x0,
    0x3f, 0xff, 0xff, 0x40, 0x0, 0x0, 0x0, 0x0,
    0x3f, 0xff, 0xff, 0x40, 0x0, 0x0, 0x0, 0x0,
    0x3f, 0xff, 0xff, 0x40, 0x0, 0x0, 0x0, 0x0,
    0x3f, 0xff, 0xff, 0x40, 0x0, 0x0, 0x0, 0x0,
    0x3f, 0xff, 0xff, 0x40, 0x0, 0x0, 0x0, 0x0,
    0x3f, 0xff, 0xff, 0x40, 0x0, 0x0, 0x0, 0x0,
    0x3f, 0xff, 0xff, 0x40, 0x0, 0x0, 0x0, 0x0,
    0x3f, 0xff, 0xff, 0x40, 0x0, 0x0, 0x0, 0x0,
    0x3f, 0xff, 0xff, 0x40, 0x0, 0x0, 0x0, 0x0,
    0x3f, 0xff, 0xff, 0x40, 0x0, 0x0, 0x0, 0x0,
    0x3f, 0xff, 0xff, 0x40, 0x0, 0x0, 0x0, 0x0,
    0x3f, 0xff, 0xff, 0xdc, 0xcc, 0xcc, 0xcc, 0xca,
    0x3f, 0xff, 0xff, 0xff, 0xff, 0xff, 0xff, 0xfd,
    0x3f, 0xff, 0xff, 0xff, 0xff, 0xff, 0xff, 0xfd,
    0x3f, 0xff, 0xff, 0xff, 0xff, 0xff, 0xff, 0xfd,
    0x3f, 0xff, 0xff, 0xff, 0xff, 0xff, 0xff, 0xfd,

    /* U+004D "M" */
    0x3f, 0xff, 0xff, 0xd0, 0x0, 0x0, 0x0, 0x0,
    0x0, 0x6f, 0xff, 0xff, 0xb3, 0xff, 0xff, 0xff,
    0x50, 0x0, 0x0, 0x0, 0x0, 0xe, 0xff, 0xff,
    0xfb, 0x3f, 0xff, 0xff, 0xfd, 0x0, 0x0, 0x0,
    0x0, 0x6, 0xff, 0xff, 0xff, 0xb3, 0xff, 0xff,
    0xff, 0xf6, 0x0, 0x0, 0x0, 0x0, 0xef, 0xff,
    0xff, 0xfb, 0x3f, 0xff, 0xff, 0xff, 0xe0, 0x0,
    0x0, 0x0, 0x7f, 0xff, 0xff, 0xff, 0xb3, 0xff,
    0xff, 0xff, 0xff, 0x70, 0x0, 0x0, 0xe, 0xff,
    0xff, 0xff, 0xfb, 0x3f, 0xff, 0xff, 0xff, 0xfe,
    0x0, 0x0, 0x7, 0xff, 0xff, 0xff, 0xff, 0xb3,
    0xff, 0xff, 0xff, 0xff, 0xf8, 0x0, 0x1, 0xff,
    0xff, 0xff, 0xff, 0xfb, 0x3f, 0xff, 0xff, 0xef,
    0xff, 0xf1, 0x0, 0x8f, 0xff, 0xfe, 0xff, 0xff,
    0xb3, 0xff, 0xff, 0xe6, 0xff, 0xff, 0x80, 0x1f,
    0xff, 0xfe, 0x7f, 0xff, 0xfb, 0x3f, 0xff, 0xfe,
    0xe, 0xff, 0xff, 0x19, 0xff, 0xff, 0x77, 0xff,
    0xff, 0xb3, 0xff, 0xff, 0xe0, 0x7f, 0xff, 0xfb,
    0xff, 0xff, 0xe0, 0x7f, 0xff, 0xfb, 0x3f, 0xff,
    0xfe, 0x0, 0xef, 0xff, 0xff, 0xff, 0xf7, 0x7,
    0xff, 0xff, 0xb3, 0xff, 0xff, 0xe0, 0x6, 0xff,
    0xff, 0xff, 0xfe, 0x0, 0x7f, 0xff, 0xfb, 0x3f,
    0xff, 0xfe, 0x0, 0xd, 0xff, 0xff, 0xff, 0x60,
    0x7, 0xff, 0xff, 0xb3, 0xff, 0xff, 0xe0, 0x0,
    0x5f, 0xff, 0xff, 0xd0, 0x0, 0x7f, 0xff, 0xfb,
    0x3f, 0xff, 0xfe, 0x0, 0x0, 0xcf, 0xff, 0xf4,
    0x0, 0x7, 0xff, 0xff, 0xb3, 0xff, 0xff, 0xe0,
    0x0, 0x3, 0xff, 0xfb, 0x0, 0x0, 0x7f, 0xff,
    0xfb, 0x3f, 0xff, 0xfe, 0x0, 0x0, 0xb, 0xff,
    0x20, 0x0, 0x7, 0xff, 0xff, 0xb3, 0xff, 0xff,
    0xe0, 0x0, 0x0, 0x2f, 0x90, 0x0, 0x0, 0x7f,
    0xff, 0xfb, 0x3f, 0xff, 0xfe, 0x0, 0x0, 0x0,
    0x81, 0x0, 0x0, 0x7, 0xff, 0xff, 0xb3, 0xff,
    0xff, 0xe0, 0x0, 0x0, 0x0, 0x0, 0x0, 0x0,
    0x7f, 0xff, 0xfb, 0x3f, 0xff, 0xfe, 0x0, 0x0,
    0x0, 0x0, 0x0, 0x0, 0x7, 0xff, 0xff, 0xb3,
    0xff, 0xff, 0xe0, 0x0, 0x0, 0x0, 0x0, 0x0,
    0x0, 0x7f, 0xff, 0xfb, 0x3f, 0xff, 0xfe, 0x0,
    0x0, 0x0, 0x0, 0x0, 0x0, 0x7, 0xff, 0xff,
    0xb0,

    /* U+004E "N" */
    0x3f, 0xff, 0xff, 0xf1, 0x0, 0x0, 0x0, 0x0,
    0xdf, 0xff, 0xf4, 0x3f, 0xff, 0xff, 0xf9, 0x0,
    0x0, 0x0, 0x0, 0xdf, 0xff, 0xf4, 0x3f, 0xff,
    0xff, 0xff, 0x30, 0x0, 0x0, 0x0, 0xdf, 0xff,
    0xf4, 0x3f, 0xff, 0xff, 0xff, 0xc0, 0x0, 0x0,
    0x0, 0xdf, 0xff, 0xf4, 0x3f, 0xff, 0xff, 0xff,
    0xf5, 0x0, 0x0, 0x0, 0xdf, 0xff, 0xf4, 0x3f,
    0xff, 0xff, 0xff, 0xfe, 0x0, 0x0, 0x0, 0xdf,
    0xff, 0xf4, 0x3f, 0xff, 0xff, 0xff, 0xff, 0x80,
    0x0, 0x0, 0xdf, 0xff, 0xf4, 0x3f, 0xff, 0xff,
    0xff, 0xff, 0xf2, 0x0, 0x0, 0xdf, 0xff, 0xf4,
    0x3f, 0xff, 0xfe, 0xcf, 0xff, 0xfb, 0x0, 0x0,
    0xdf, 0xff, 0xf4, 0x3f, 0xff, 0xfe, 0x5f, 0xff,
    0xff, 0x40, 0x0, 0xdf, 0xff, 0xf4, 0x3f, 0xff,
    0xfe, 0xd, 0xff, 0xff, 0xd0, 0x0, 0xdf, 0xff,
    0xf4, 0x3f, 0xff, 0xfe, 0x5, 0xff, 0xff, 0xf7,
    0x0, 0xdf, 0xff, 0xf4, 0x3f, 0xff, 0xfe, 0x0,
    0xef, 0xff, 0xfe, 0x0, 0xdf, 0xff, 0xf4, 0x3f,
    0xff, 0xfe, 0x0, 0x6f, 0xff, 0xff, 0x60, 0xdf,
    0xff, 0xf4, 0x3f, 0xff, 0xfe, 0x0, 0xc, 0xff,
    0xff, 0xe0, 0xdf, 0xff, 0xf4, 0x3f, 0xff, 0xfe,
    0x0, 0x3, 0xff, 0xff, 0xf6, 0xdf, 0xff, 0xf4,
    0x3f, 0xff, 0xfe, 0x0, 0x0, 0xaf, 0xff, 0xfd,
    0xef, 0xff, 0xf4, 0x3f, 0xff, 0xfe, 0x0, 0x0,
    0x1f, 0xff, 0xff, 0xff, 0xff, 0xf4, 0x3f, 0xff,
    0xfe, 0x0, 0x0, 0x7, 0xff, 0xff, 0xff, 0xff,
    0xf4, 0x3f, 0xff, 0xfe, 0x0, 0x0, 0x0, 0xdf,
    0xff, 0xff, 0xff, 0xf4, 0x3f, 0xff, 0xfe, 0x0,
    0x0, 0x0, 0x4f, 0xff, 0xff, 0xff, 0xf4, 0x3f,
    0xff, 0xfe, 0x0, 0x0, 0x0, 0xb, 0xff, 0xff,
    0xff, 0xf4, 0x3f, 0xff, 0xfe, 0x0, 0x0, 0x0,
    0x2, 0xff, 0xff, 0xff, 0xf4, 0x3f, 0xff, 0xfe,
    0x0, 0x0, 0x0, 0x0, 0x8f, 0xff, 0xff, 0xf4,
    0x3f, 0xff, 0xfe, 0x0, 0x0, 0x0, 0x0, 0x1e,
    0xff, 0xff, 0xf4,

    /* U+004F "O" */
    0x0, 0x0, 0x0, 0x3, 0x8c, 0xef, 0xfd, 0xb7,
    0x20, 0x0, 0x0, 0x0, 0x0, 0x0, 0x3c, 0xff,
    0xff, 0xff, 0xff, 0xff, 0x91, 0x0, 0x0, 0x0,
    0x0, 0x6f, 0xff, 0xff, 0xff, 0xff, 0xff, 0xff,
    0xe3, 0x0, 0x0, 0x0, 0x6f, 0xff, 0xff, 0xff,
    0xff, 0xff, 0xff, 0xff, 0xf2, 0x0, 0x0, 0x2f,
    0xff, 0xff, 0xff, 0xed, 0xdf, 0xff, 0xff, 0xff,
    0xc0, 0x0, 0xb, 0xff, 0xff, 0xfd, 0x40, 0x0,
    0x6, 0xff, 0xff, 0xff, 0x60, 0x2, 0xff, 0xff,
    0xfd, 0x0, 0x0, 0x0, 0x3, 0xff, 0xff, 0xfd,
    0x0, 0x8f, 0xff, 0xff, 0x30, 0x0, 0x0, 0x0,
    0x8, 0xff, 0xff, 0xf3, 0xb, 0xff, 0xff, 0xe0,
    0x0, 0x0, 0x0, 0x0, 0x2f, 0xff, 0xff, 0x70,
    0xff, 0xff, 0xfa, 0x0, 0x0, 0x0, 0x0, 0x0,
    0xff, 0xff, 0xfa, 0x1f, 0xff, 0xff, 0x90, 0x0,
    0x0, 0x0, 0x0, 0xe, 0xff, 0xff, 0xc2, 0xff,
    0xff, 0xf9, 0x0, 0x0, 0x0, 0x0, 0x0, 0xef,
    0xff, 0xfd, 0x3f, 0xff, 0xff, 0x90, 0x0, 0x0,
    0x0, 0x0, 0xe, 0xff, 0xff, 0xe2, 0xff, 0xff,
    0xf9, 0x0, 0x0, 0x0, 0x0, 0x0, 0xef, 0xff,
    0xfd, 0x1f, 0xff, 0xff, 0x90, 0x0, 0x0, 0x0,
    0x0, 0xe, 0xff, 0xff, 0xc0, 0xff, 0xff, 0xfa,
    0x0, 0x0, 0x0, 0x0, 0x0, 0xff, 0xff, 0xfa,
    0xb, 0xff, 0xff, 0xd0, 0x0, 0x0, 0x0, 0x0,
    0x2f, 0xff, 0xff, 0x70, 0x8f, 0xff, 0xff, 0x30,
    0x0, 0x0, 0x0, 0x8, 0xff, 0xff, 0xf3, 0x2,
    0xff, 0xff, 0xfd, 0x0, 0x0, 0x0, 0x3, 0xff,
    0xff, 0xfd, 0x0, 0xb, 0xff, 0xff, 0xfd, 0x40,
    0x0, 0x6, 0xff, 0xff, 0xff, 0x60, 0x0, 0x2f,
    0xff, 0xff, 0xff, 0xec, 0xdf, 0xff, 0xff, 0xff,
    0xd0, 0x0, 0x0, 0x6f, 0xff, 0xff, 0xff, 0xff,
    0xff, 0xff, 0xff, 0xf2, 0x0, 0x0, 0x0, 0x6f,
    0xff, 0xff, 0xff, 0xff, 0xff, 0xff, 0xe3, 0x0,
    0x0, 0x0, 0x0, 0x3c, 0xff, 0xff, 0xff, 0xff,
    0xff, 0xa1, 0x0, 0x0, 0x0, 0x0, 0x0, 0x3,
    0x8c, 0xef, 0xfd, 0xb7, 0x20, 0x0, 0x0, 0x0,

    /* U+0050 "P" */
    0x3f, 0xff, 0xff, 0xff, 0xff, 0xff, 0xfe, 0xc7,
    0x10, 0x0, 0x3, 0xff, 0xff, 0xff, 0xff, 0xff,
    0xff, 0xff, 0xff, 0x50, 0x0, 0x3f, 0xff, 0xff,
    0xff, 0xff, 0xff, 0xff, 0xff, 0xff, 0x60, 0x3,
    0xff, 0xff, 0xff, 0xff, 0xff, 0xff, 0xff, 0xff,
    0xff, 0x20, 0x3f, 0xff, 0xff, 0xca, 0xaa, 0xaa,
    0xbf, 0xff, 0xff, 0xf9, 0x3, 0xff, 0xff, 0xf4,
    0x0, 0x0, 0x0, 0x1e, 0xff, 0xff, 0xe0, 0x3f,
    0xff, 0xff, 0x40, 0x0, 0x0, 0x0, 0x7f, 0xff,
    0xff, 0x23, 0xff, 0xff, 0xf4, 0x0, 0x0, 0x0,
    0x6, 0xff, 0xff, 0xf3, 0x3f, 0xff, 0xff, 0x40,
    0x0, 0x0, 0x0, 0x6f, 0xff, 0xff, 0x33, 0xff,
    0xff, 0xf4, 0x0, 0x0, 0x0, 0x7, 0xff, 0xff,
    0xf2, 0x3f, 0xff, 0xff, 0x40, 0x0, 0x0, 0x1,
    0xef, 0xff, 0xfe, 0x3, 0xff, 0xff, 0xfc, 0xaa,
    0xaa, 0xab, 0xff, 0xff, 0xff, 0x90, 0x3f, 0xff,
    0xff, 0xff, 0xff, 0xff, 0xff, 0xff, 0xff, 0xf2,
    0x3, 0xff, 0xff, 0xff, 0xff, 0xff, 0xff, 0xff,
    0xff, 0xf6, 0x0, 0x3f, 0xff, 0xff, 0xff, 0xff,
    0xff, 0xff, 0xff, 0xf6, 0x0, 0x3, 0xff, 0xff,
    0xff, 0xff, 0xff, 0xff, 0xec, 0x81, 0x0, 0x0,
    0x3f, 0xff, 0xff, 0x40, 0x0, 0x0, 0x0, 0x0,
    0x0, 0x0, 0x3, 0xff, 0xff, 0xf4, 0x0, 0x0,
    0x0, 0x0, 0x0, 0x0, 0x0, 0x3f, 0xff, 0xff,
    0x40, 0x0, 0x0, 0x0, 0x0, 0x0, 0x0, 0x3,
    0xff, 0xff, 0xf4, 0x0, 0x0, 0x0, 0x0, 0x0,
    0x0, 0x0, 0x3f, 0xff, 0xff, 0x40, 0x0, 0x0,
    0x0, 0x0, 0x0, 0x0, 0x3, 0xff, 0xff, 0xf4,
    0x0, 0x0, 0x0, 0x0, 0x0, 0x0, 0x0, 0x3f,
    0xff, 0xff, 0x40, 0x0, 0x0, 0x0, 0x0, 0x0,
    0x0, 0x3, 0xff, 0xff, 0xf4, 0x0, 0x0, 0x0,
    0x0, 0x0, 0x0, 0x0, 0x3f, 0xff, 0xff, 0x40,
    0x0, 0x0, 0x0, 0x0, 0x0, 0x0, 0x0,

    /* U+0051 "Q" */
    0x0, 0x0, 0x0, 0x3, 0x8c, 0xef, 0xfd, 0xb7,
    0x20, 0x0, 0x0, 0x0, 0x0, 0x0, 0x3c, 0xff,
    0xff, 0xff, 0xff, 0xff, 0x91, 0x0, 0x0, 0x0,
    0x0, 0x6f, 0xff, 0xff, 0xff, 0xff, 0xff, 0xff,
    0xe2, 0x0, 0x0, 0x0, 0x6f, 0xff, 0xff, 0xff,
    0xff, 0xff, 0xff, 0xff, 0xf2, 0x0, 0x0, 0x2f,
    0xff, 0xff, 0xff, 0xed, 0xdf, 0xff, 0xff, 0xff,
    0xc0, 0x0, 0xa, 0xff, 0xff, 0xfd, 0x40, 0x0,
    0x6, 0xff, 0xff, 0xff, 0x50, 0x1, 0xff, 0xff,
    0xfd, 0x10, 0x0, 0x0, 0x3, 0xff, 0xff, 0xfc,
    0x0, 0x7f, 0xff, 0xff, 0x40, 0x0, 0x0, 0x0,
    0x9, 0xff, 0xff, 0xf2, 0xb, 0xff, 0xff, 0xe0,
    0x0, 0x0, 0x0, 0x0, 0x3f, 0xff, 0xff, 0x60,
    0xff, 0xff, 0xfb, 0x0, 0x0, 0x0, 0x0, 0x0,
    0xff, 0xff, 0xfa, 0xf, 0xff, 0xff, 0x90, 0x0,
    0x0, 0x0, 0x0, 0xe, 0xff, 0xff, 0xc2, 0xff,
    0xff, 0xf9, 0x0, 0x0, 0x0, 0x0, 0x0, 0xef,
    0xff, 0xfd, 0x2f, 0xff, 0xff, 0x90, 0x0, 0x0,
    0x0, 0x0, 0xe, 0xff, 0xff, 0xe2, 0xff, 0xff,
    0xf9, 0x0, 0x0, 0x0, 0x0, 0x0, 0xef, 0xff,
    0xfd, 0x1f, 0xff, 0xff, 0x90, 0x0, 0x0, 0x0,
    0x0, 0xe, 0xff, 0xff, 0xc0, 0xff, 0xff, 0xfa,
    0x0, 0x0, 0x0, 0x0, 0x0, 0xff, 0xff, 0xfb,
    0xd, 0xff, 0xff, 0xc0, 0x0, 0x0, 0x0, 0x0,
    0x1f, 0xff, 0xff, 0x80, 0x9f, 0xff, 0xff, 0x10,
    0x0, 0x0, 0x0, 0x6, 0xff, 0xff, 0xf5, 0x4,
    0xff, 0xff, 0xf9, 0x0, 0x0, 0x0, 0x0, 0xdf,
    0xff, 0xff, 0x0, 0xe, 0xff, 0xff, 0xf8, 0x0,
    0x0, 0x1, 0xbf, 0xff, 0xff, 0x90, 0x0, 0x5f,
    0xff, 0xff, 0xfd, 0x96, 0x7a, 0xff, 0xff, 0xff,
    0xf1, 0x0, 0x0, 0xaf, 0xff, 0xff, 0xff, 0xff,
    0xff, 0xff, 0xff, 0xf5, 0x0, 0x0, 0x0, 0xbf,
    0xff, 0xff, 0xff, 0xff, 0xff, 0xff, 0xf7, 0x0,
    0x0, 0x0, 0x0, 0x8f, 0xff, 0xff, 0xff, 0xff,
    0xff, 0xe5, 0x0, 0x0, 0x0, 0x0, 0x0, 0x18,
    0xdf, 0xff, 0xff, 0xfc, 0x70, 0x0, 0x0, 0x0,
    0x0, 0x0, 0x0, 0x0, 0x7f, 0xff, 0xfa, 0x0,
    0x0, 0x0, 0x0, 0x0, 0x0, 0x0, 0x0, 0x6,
    0xff, 0xff, 0xa0, 0x0, 0x0, 0x0, 0x0, 0x0,
    0x0, 0x0, 0x0, 0x5f, 0xff, 0xff, 0xff, 0xf8,
    0x0, 0x0, 0x0, 0x0, 0x0, 0x0, 0x1, 0xff,
    0xff, 0xff, 0xff, 0x80, 0x0, 0x0, 0x0, 0x0,
    0x0, 0x0, 0x8, 0xff, 0xff, 0xff, 0xf8, 0x0,
    0x0, 0x0, 0x0, 0x0, 0x0, 0x0, 0x8, 0xff,
    0xff, 0xff, 0x80, 0x0, 0x0, 0x0, 0x0, 0x0,
    0x0, 0x0, 0x0, 0x35, 0x66, 0x63, 0x0, 0x0,

    /* U+0052 "R" */
    0x3f, 0xff, 0xff, 0xff, 0xff, 0xff, 0xfe, 0xc7,
    0x10, 0x0, 0x3, 0xff, 0xff, 0xff, 0xff, 0xff,
    0xff, 0xff, 0xff, 0x50, 0x0, 0x3f, 0xff, 0xff,
    0xff, 0xff, 0xff, 0xff, 0xff, 0xff, 0x60, 0x3,
    0xff, 0xff, 0xff, 0xff, 0xff, 0xff, 0xff, 0xff,
    0xff, 0x20, 0x3f, 0xff, 0xff, 0xca, 0xaa, 0xaa,
    0xbf, 0xff, 0xff, 0xf9, 0x3, 0xff, 0xff, 0xf4,
    0x0, 0x0, 0x0, 0x1e, 0xff, 0xff, 0xe0, 0x3f,
    0xff, 0xff, 0x40, 0x0, 0x0, 0x0, 0x7f, 0xff,
    0xff, 0x23, 0xff, 0xff, 0xf4, 0x0, 0x0, 0x0,
    0x6, 0xff, 0xff, 0xf3, 0x3f, 0xff, 0xff, 0x40,
    0x0, 0x0, 0x0, 0x6f, 0xff, 0xff, 0x43, 0xff,
    0xff, 0xf4, 0x0, 0x0, 0x0, 0x7, 0xff, 0xff,
    0xf2, 0x3f, 0xff, 0xff, 0x40, 0x0, 0x0, 0x0,
    0xdf, 0xff, 0xff, 0x3, 0xff, 0xff, 0xfa, 0x88,
    0x88, 0x89, 0xef, 0xff, 0xff, 0xa0, 0x3f, 0xff,
    0xff, 0xff, 0xff, 0xff, 0xff, 0xff, 0xff, 0xf2,
    0x3, 0xff, 0xff, 0xff, 0xff, 0xff, 0xff, 0xff,
    0xff, 0xf7, 0x0, 0x3f, 0xff, 0xff, 0xff, 0xff,
    0xff, 0xff, 0xff, 0xe6, 0x0, 0x3, 0xff, 0xff,
    0xff, 0xff, 0xff, 0xff, 0xff, 0xe0, 0x0, 0x0,
    0x3f, 0xff, 0xff, 0x40, 0x0, 0x9f, 0xff, 0xff,
    0x40, 0x0, 0x3, 0xff, 0xff, 0xf4, 0x0, 0x1,
    0xff, 0xff, 0xfc, 0x0, 0x0, 0x3f, 0xff, 0xff,
    0x40, 0x0, 0x9, 0xff, 0xff, 0xf5, 0x0, 0x3,
    0xff, 0xff, 0xf4, 0x0, 0x0, 0x2f, 0xff, 0xff,
    0xd0, 0x0, 0x3f, 0xff, 0xff, 0x40, 0x0, 0x0,
    0xaf, 0xff, 0xff, 0x50, 0x3, 0xff, 0xff, 0xf4,
    0x0, 0x0, 0x2, 0xff, 0xff, 0xfd, 0x0, 0x3f,
    0xff, 0xff, 0x40, 0x0, 0x0, 0xa, 0xff, 0xff,
    0xf5, 0x3, 0xff, 0xff, 0xf4, 0x0, 0x0, 0x0,
    0x2f, 0xff, 0xff, 0xd0, 0x3f, 0xff, 0xff, 0x40,
    0x0, 0x0, 0x0, 0xaf, 0xff, 0xff, 0x60,

    /* U+0053 "S" */
    0x0, 0x0, 0x1, 0x6a, 0xde, 0xfe, 0xdb, 0x61,
    0x0, 0x0, 0x0, 0x0, 0x8f, 0xff, 0xff, 0xff,
    0xff, 0xff, 0x91, 0x0, 0x0, 0xc, 0xff, 0xff,
    0xff, 0xff, 0xff, 0xff, 0xfe, 0x30, 0x0, 0xbf,
    0xff, 0xff, 0xff, 0xff, 0xff, 0xff, 0xff, 0xe1,
    0x4, 0xff, 0xff, 0xff, 0xfc, 0xcd, 0xff, 0xff,
    0xff, 0x30, 0x9, 0xff, 0xff, 0xf6, 0x0, 0x0,
    0x16, 0xef, 0xf3, 0x0, 0xc, 0xff, 0xff, 0xb0,
    0x0, 0x0, 0x0, 0x1c, 0x30, 0x0, 0xd, 0xff,
    0xff, 0xa0, 0x0, 0x0, 0x0, 0x0, 0x0, 0x0,
    0xc, 0xff, 0xff, 0xe1, 0x0, 0x0, 0x0, 0x0,
    0x0, 0x0, 0x8, 0xff, 0xff, 0xff, 0x95, 0x30,
    0x0, 0x0, 0x0, 0x0, 0x2, 0xff, 0xff, 0xff,
    0xff, 0xff, 0xda, 0x61, 0x0, 0x0, 0x0, 0x9f,
    0xff, 0xff, 0xff, 0xff, 0xff, 0xff, 0x80, 0x0,
    0x0, 0x9, 0xff, 0xff, 0xff, 0xff, 0xff, 0xff,
    0xfd, 0x10, 0x0, 0x0, 0x3a, 0xff, 0xff, 0xff,
    0xff, 0xff, 0xff, 0xb0, 0x0, 0x0, 0x0, 0x3,
    0x68, 0xad, 0xff, 0xff, 0xff, 0xf3, 0x0, 0x0,
    0x0, 0x0, 0x0, 0x0, 0x19, 0xff, 0xff, 0xf8,
    0x0, 0x0, 0x0, 0x0, 0x0, 0x0, 0x0, 0xef,
    0xff, 0xfa, 0x0, 0x2, 0x10, 0x0, 0x0, 0x0,
    0x0, 0xdf, 0xff, 0xfa, 0x0, 0x2e, 0xe3, 0x0,
    0x0, 0x0, 0x1, 0xff, 0xff, 0xf9, 0x2, 0xef,
    0xff, 0x93, 0x0, 0x0, 0x2c, 0xff, 0xff, 0xf5,
    0x3e, 0xff, 0xff, 0xff, 0xec, 0xcd, 0xff, 0xff,
    0xff, 0xe0, 0x2e, 0xff, 0xff, 0xff, 0xff, 0xff,
    0xff, 0xff, 0xff, 0x50, 0x1, 0xcf, 0xff, 0xff,
    0xff, 0xff, 0xff, 0xff, 0xf7, 0x0, 0x0, 0x6,
    0xef, 0xff, 0xff, 0xff, 0xff, 0xfd, 0x40, 0x0,
    0x0, 0x0, 0x5, 0xad, 0xff, 0xfe, 0xc9, 0x40,
    0x0, 0x0,

    /* U+0054 "T" */
    0xf, 0xff, 0xff, 0xff, 0xff, 0xff, 0xff, 0xff,
    0xff, 0xff, 0x0, 0xff, 0xff, 0xff, 0xff, 0xff,
    0xff, 0xff, 0xff, 0xff, 0xf0, 0xf, 0xff, 0xff,
    0xff, 0xff, 0xff, 0xff, 0xff, 0xff, 0xff, 0x0,
    0xff, 0xff, 0xff, 0xff, 0xff, 0xff, 0xff, 0xff,
    0xff, 0xf0, 0xc, 0xcc, 0xcc, 0xcd, 0xff, 0xff,
    0xfd, 0xcc, 0xcc, 0xcc, 0x0, 0x0, 0x0, 0x0,
    0x3f, 0xff, 0xff, 0x40, 0x0, 0x0, 0x0, 0x0,
    0x0, 0x0, 0x3, 0xff, 0xff, 0xf4, 0x0, 0x0,
    0x0, 0x0, 0x0, 0x0, 0x0, 0x3f, 0xff, 0xff,
    0x40, 0x0, 0x0, 0x0, 0x0, 0x0, 0x0, 0x3,
    0xff, 0xff, 0xf4, 0x0, 0x0, 0x0, 0x0, 0x0,
    0x0, 0x0, 0x3f, 0xff, 0xff, 0x40, 0x0, 0x0,
    0x0, 0x0, 0x0, 0x0, 0x3, 0xff, 0xff, 0xf4,
    0x0, 0x0, 0x0, 0x0, 0x0, 0x0, 0x0, 0x3f,
    0xff, 0xff, 0x40, 0x0, 0x0, 0x0, 0x0, 0x0,
    0x0, 0x3, 0xff, 0xff, 0xf4, 0x0, 0x0, 0x0,
    0x0, 0x0, 0x0, 0x0, 0x3f, 0xff, 0xff, 0x40,
    0x0, 0x0, 0x0, 0x0, 0x0, 0x0, 0x3, 0xff,
    0xff, 0xf4, 0x0, 0x0, 0x0, 0x0, 0x0, 0x0,
    0x0, 0x3f, 0xff, 0xff, 0x40, 0x0, 0x0, 0x0,
    0x0, 0x0, 0x0, 0x3, 0xff, 0xff, 0xf4, 0x0,
    0x0, 0x0, 0x0, 0x0, 0x0, 0x0, 0x3f, 0xff,
    0xff, 0x40, 0x0, 0x0, 0x0, 0x0, 0x0, 0x0,
    0x3, 0xff, 0xff, 0xf4, 0x0, 0x0, 0x0, 0x0,
    0x0, 0x0, 0x0, 0x3f, 0xff, 0xff, 0x40, 0x0,
    0x0, 0x0, 0x0, 0x0, 0x0, 0x3, 0xff, 0xff,
    0xf4, 0x0, 0x0, 0x0, 0x0, 0x0, 0x0, 0x0,
    0x3f, 0xff, 0xff, 0x40, 0x0, 0x0, 0x0, 0x0,
    0x0, 0x0, 0x3, 0xff, 0xff, 0xf4, 0x0, 0x0,
    0x0, 0x0, 0x0, 0x0, 0x0, 0x3f, 0xff, 0xff,
    0x40, 0x0, 0x0, 0x0, 0x0, 0x0, 0x0, 0x3,
    0xff, 0xff, 0xf4, 0x0, 0x0, 0x0, 0x0,

    /* U+0055 "U" */
    0x6f, 0xff, 0xff, 0x0, 0x0, 0x0, 0x0, 0xf,
    0xff, 0xff, 0x56, 0xff, 0xff, 0xf0, 0x0, 0x0,
    0x0, 0x0, 0xff, 0xff, 0xf5, 0x6f, 0xff, 0xff,
    0x0, 0x0, 0x0, 0x0, 0xf, 0xff, 0xff, 0x56,
    0xff, 0xff, 0xf0, 0x0, 0x0, 0x0, 0x0, 0xff,
    0xff, 0xf5, 0x6f, 0xff, 0xff, 0x0, 0x0, 0x0,
    0x0, 0xf, 0xff, 0xff, 0x56, 0xff, 0xff, 0xf0,
    0x0, 0x0, 0x0, 0x0, 0xff, 0xff, 0xf5, 0x6f,
    0xff, 0xff, 0x0, 0x0, 0x0, 0x0, 0xf, 0xff,
    0xff, 0x56, 0xff, 0xff, 0xf0, 0x0, 0x0, 0x0,
    0x0, 0xff, 0xff, 0xf5, 0x6f, 0xff, 0xff, 0x0,
    0x0, 0x0, 0x0, 0xf, 0xff, 0xff, 0x56, 0xff,
    0xff, 0xf0, 0x0, 0x0, 0x0, 0x0, 0xff, 0xff,
    0xf5, 0x6f, 0xff, 0xff, 0x0, 0x0, 0x0, 0x0,
    0xf, 0xff, 0xff, 0x56, 0xff, 0xff, 0xf0, 0x0,
    0x0, 0x0, 0x0, 0xff, 0xff, 0xf5, 0x6f, 0xff,
    0xff, 0x0, 0x0, 0x0, 0x0, 0xf, 0xff, 0xff,
    0x56, 0xff, 0xff, 0xf0, 0x0, 0x0, 0x0, 0x0,
    0xff, 0xff, 0xf5, 0x5f, 0xff, 0xff, 0x0, 0x0,
    0x0, 0x0, 0xf, 0xff, 0xff, 0x55, 0xff, 0xff,
    0xf0, 0x0, 0x0, 0x0, 0x0, 0xff, 0xff, 0xf4,
    0x4f, 0xff, 0xff, 0x10, 0x0, 0x0, 0x0, 0x1f,
    0xff, 0xff, 0x42, 0xff, 0xff, 0xf4, 0x0, 0x0,
    0x0, 0x4, 0xff, 0xff, 0xf2, 0xf, 0xff, 0xff,
    0xb0, 0x0, 0x0, 0x0, 0xbf, 0xff, 0xff, 0x0,
    0xbf, 0xff, 0xff, 0xa1, 0x0, 0x1, 0xaf, 0xff,
    0xff, 0xb0, 0x5, 0xff, 0xff, 0xff, 0xfd, 0xcd,
    0xff, 0xff, 0xff, 0xf5, 0x0, 0xc, 0xff, 0xff,
    0xff, 0xff, 0xff, 0xff, 0xff, 0xfc, 0x0, 0x0,
    0x2e, 0xff, 0xff, 0xff, 0xff, 0xff, 0xff, 0xfe,
    0x20, 0x0, 0x0, 0x1b, 0xff, 0xff, 0xff, 0xff,
    0xff, 0xfb, 0x10, 0x0, 0x0, 0x0, 0x3, 0x8b,
    0xef, 0xff, 0xeb, 0x83, 0x0, 0x0, 0x0,

    /* U+0056 "V" */
    0x5f, 0xff, 0xff, 0x30, 0x0, 0x0, 0x0, 0x0,
    0xa, 0xff, 0xff, 0xb0, 0xff, 0xff, 0xf8, 0x0,
    0x0, 0x0, 0x0, 0x0, 0xef, 0xff, 0xf6, 0xb,
    0xff, 0xff, 0xd0, 0x0, 0x0, 0x0, 0x0, 0x4f,
    0xff, 0xff, 0x10, 0x5f, 0xff, 0xff, 0x20, 0x0,
    0x0, 0x0, 0x9, 0xff, 0xff, 0xb0, 0x1, 0xff,
    0xff, 0xf7, 0x0, 0x0, 0x0, 0x0, 0xdf, 0xff,
    0xf6, 0x0, 0xb, 0xff, 0xff, 0xc0, 0x0, 0x0,
    0x0, 0x3f, 0xff, 0xff, 0x10, 0x0, 0x6f, 0xff,
    0xff, 0x10, 0x0, 0x0, 0x8, 0xff, 0xff, 0xc0,
    0x0, 0x1, 0xff, 0xff, 0xf6, 0x0, 0x0, 0x0,
    0xdf, 0xff, 0xf7, 0x0, 0x0, 0xb, 0xff, 0xff,
    0xb0, 0x0, 0x0, 0x2f, 0xff, 0xff, 0x10, 0x0,
    0x0, 0x6f, 0xff, 0xff, 0x0, 0x0, 0x7, 0xff,
    0xff, 0xc0, 0x0, 0x0, 0x1, 0xff, 0xff, 0xf5,
    0x0, 0x0, 0xcf, 0xff, 0xf7, 0x0, 0x0, 0x0,
    0xc, 0xff, 0xff, 0xa0, 0x0, 0x1f, 0xff, 0xff,
    0x20, 0x0, 0x0, 0x0, 0x7f, 0xff, 0xfe, 0x0,
    0x5, 0xff, 0xff, 0xc0, 0x0, 0x0, 0x0, 0x1,
    0xff, 0xff, 0xf2, 0x0, 0x9f, 0xff, 0xf7, 0x0,
    0x0, 0x0, 0x0, 0xc, 0xff, 0xff, 0x60, 0xd,
    0xff, 0xff, 0x20, 0x0, 0x0, 0x0, 0x0, 0x7f,
    0xff, 0xfa, 0x1, 0xff, 0xff, 0xd0, 0x0, 0x0,
    0x0, 0x0, 0x2, 0xff, 0xff, 0xe0, 0x5f, 0xff,
    0xf7, 0x0, 0x0, 0x0, 0x0, 0x0, 0xd, 0xff,
    0xff, 0x28, 0xff, 0xff, 0x20, 0x0, 0x0, 0x0,
    0x0, 0x0, 0x8f, 0xff, 0xf6, 0xcf, 0xff, 0xd0,
    0x0, 0x0, 0x0, 0x0, 0x0, 0x2, 0xff, 0xff,
    0xbf, 0xff, 0xf8, 0x0, 0x0, 0x0, 0x0, 0x0,
    0x0, 0xd, 0xff, 0xff, 0xff, 0xff, 0x30, 0x0,
    0x0, 0x0, 0x0, 0x0, 0x0, 0x8f, 0xff, 0xff,
    0xff, 0xd0, 0x0, 0x0, 0x0, 0x0, 0x0, 0x0,
    0x3, 0xff, 0xff, 0xff, 0xf8, 0x0, 0x0, 0x0,
    0x0, 0x0, 0x0, 0x0, 0xe, 0xff, 0xff, 0xff,
    0x30, 0x0, 0x0, 0x0, 0x0, 0x0, 0x0, 0x0,
    0x8f, 0xff, 0xff, 0xe0, 0x0, 0x0, 0x0, 0x0,

    /* U+0057 "W" */
    0xdf, 0xff, 0xf8, 0x0, 0x0, 0x0, 0x8, 0xff,
    0xff, 0xfb, 0x0, 0x0, 0x0, 0x4, 0xff, 0xff,
    0xd9, 0xff, 0xff, 0xb0, 0x0, 0x0, 0x0, 0xbf,
    0xff, 0xff, 0xe0, 0x0, 0x0, 0x0, 0x8f, 0xff,
    0xfa, 0x6f, 0xff, 0xfe, 0x0, 0x0, 0x0, 0xf,
    0xff, 0xff, 0xff, 0x20, 0x0, 0x0, 0xb, 0xff,
    0xff, 0x62, 0xff, 0xff, 0xf2, 0x0, 0x0, 0x3,
    0xff, 0xff, 0xff, 0xf6, 0x0, 0x0, 0x0, 0xef,
    0xff, 0xf2, 0xe, 0xff, 0xff, 0x50, 0x0, 0x0,
    0x6f, 0xff, 0xff, 0xff, 0xa0, 0x0, 0x0, 0x1f,
    0xff, 0xfe, 0x0, 0xbf, 0xff, 0xf8, 0x0, 0x0,
    0xa, 0xff, 0xff, 0xff, 0xfe, 0x0, 0x0, 0x4,
    0xff, 0xff, 0xb0, 0x7, 0xff, 0xff, 0xb0, 0x0,
    0x0, 0xef, 0xff, 0xaf, 0xff, 0xf1, 0x0, 0x0,
    0x8f, 0xff, 0xf7, 0x0, 0x4f, 0xff, 0xfe, 0x0,
    0x0, 0x1f, 0xff, 0xf3, 0xff, 0xff, 0x50, 0x0,
    0xb, 0xff, 0xff, 0x30, 0x0, 0xff, 0xff, 0xf1,
    0x0, 0x5, 0xff, 0xfd, 0xe, 0xff, 0xf9, 0x0,
    0x0, 0xef, 0xff, 0xf0, 0x0, 0xc, 0xff, 0xff,
    0x50, 0x0, 0x9f, 0xff, 0x90, 0xbf, 0xff, 0xd0,
    0x0, 0x1f, 0xff, 0xfc, 0x0, 0x0, 0x9f, 0xff,
    0xf8, 0x0, 0xc, 0xff, 0xf6, 0x7, 0xff, 0xff,
    0x0, 0x4, 0xff, 0xff, 0x80, 0x0, 0x5, 0xff,
    0xff, 0xb0, 0x0, 0xff, 0xff, 0x20, 0x3f, 0xff,
    0xf4, 0x0, 0x8f, 0xff, 0xf4, 0x0, 0x0, 0x1f,
    0xff, 0xfe, 0x0, 0x4f, 0xff, 0xe0, 0x0, 0xff,
    0xff, 0x80, 0xb, 0xff, 0xff, 0x10, 0x0, 0x0,
    0xef, 0xff, 0xf1, 0x7, 0xff, 0xfa, 0x0, 0xc,
    0xff, 0xfb, 0x0, 0xef, 0xff, 0xd0, 0x0, 0x0,
    0xa, 0xff, 0xff, 0x40, 0xbf, 0xff, 0x70, 0x0,
    0x8f, 0xff, 0xf0, 0x1f, 0xff, 0xf9, 0x0, 0x0,
    0x0, 0x6f, 0xff, 0xf7, 0xf, 0xff, 0xf3, 0x0,
    0x4, 0xff, 0xff, 0x24, 0xff, 0xff, 0x50, 0x0,
    0x0, 0x3, 0xff, 0xff, 0xa2, 0xff, 0xff, 0x0,
    0x0, 0x1f, 0xff, 0xf6, 0x7f, 0xff, 0xf2, 0x0,
    0x0, 0x0, 0xf, 0xff, 0xfd, 0x6f, 0xff, 0xb0,
    0x0, 0x0, 0xdf, 0xff, 0xaa, 0xff, 0xfe, 0x0,
    0x0, 0x0, 0x0, 0xbf, 0xff, 0xfb, 0xff, 0xf8,
    0x0, 0x0, 0x9, 0xff, 0xfd, 0xdf, 0xff, 0xa0,
    0x0, 0x0, 0x0, 0x8, 0xff, 0xff, 0xff, 0xff,
    0x40, 0x0, 0x0, 0x5f, 0xff, 0xff, 0xff, 0xf7,
    0x0, 0x0, 0x0, 0x0, 0x4f, 0xff, 0xff, 0xff,
    0xf0, 0x0, 0x0, 0x2, 0xff, 0xff, 0xff, 0xff,
    0x30, 0x0, 0x0, 0x0, 0x1, 0xff, 0xff, 0xff,
    0xfd, 0x0, 0x0, 0x0, 0xe, 0xff, 0xff, 0xff,
    0xf0, 0x0, 0x0, 0x0, 0x0, 0xd, 0xff, 0xff,
    0xff, 0x90, 0x0, 0x0, 0x0, 0xaf, 0xff, 0xff,
    0xfb, 0x0, 0x0, 0x0, 0x0, 0x0, 0x9f, 0xff,
    0xff, 0xf5, 0x0, 0x0, 0x0, 0x6, 0xff, 0xff,
    0xff, 0x80, 0x0, 0x0, 0x0, 0x0, 0x6, 0xff,
    0xff, 0xff, 0x10, 0x0, 0x0, 0x0, 0x3f, 0xff,
    0xff, 0xf4, 0x0, 0x0, 0x0,

    /* U+0058 "X" */
    0xb, 0xff, 0xff, 0xfa, 0x0, 0x0, 0x0, 0x0,
    0x1e, 0xff, 0xff, 0xd0, 0x1, 0xff, 0xff, 0xff,
    0x30, 0x0, 0x0, 0x0, 0x9f, 0xff, 0xff, 0x40,
    0x0, 0x7f, 0xff, 0xff, 0xc0, 0x0, 0x0, 0x2,
    0xff, 0xff, 0xfa, 0x0, 0x0, 0xc, 0xff, 0xff,
    0xf5, 0x0, 0x0, 0xb, 0xff, 0xff, 0xe1, 0x0,
    0x0, 0x3, 0xff, 0xff, 0xfe, 0x0, 0x0, 0x5f,
    0xff, 0xff, 0x50, 0x0, 0x0, 0x0, 0x8f, 0xff,
    0xff, 0x80, 0x0, 0xef, 0xff, 0xfb, 0x0, 0x0,
    0x0, 0x0, 0xd, 0xff, 0xff, 0xf2, 0x8, 0xff,
    0xff, 0xf2, 0x0, 0x0, 0x0, 0x0, 0x4, 0xff,
    0xff, 0xfa, 0x2f, 0xff, 0xff, 0x70, 0x0, 0x0,
    0x0, 0x0, 0x0, 0xaf, 0xff, 0xff, 0xdf, 0xff,
    0xfc, 0x0, 0x0, 0x0, 0x0, 0x0, 0x0, 0x1e,
    0xff, 0xff, 0xff, 0xff, 0xf3, 0x0, 0x0, 0x0,
    0x0, 0x0, 0x0, 0x5, 0xff, 0xff, 0xff, 0xff,
    0x80, 0x0, 0x0, 0x0, 0x0, 0x0, 0x0, 0x0,
    0xbf, 0xff, 0xff, 0xfd, 0x0, 0x0, 0x0, 0x0,
    0x0, 0x0, 0x0, 0x0, 0xaf, 0xff, 0xff, 0xfb,
    0x0, 0x0, 0x0, 0x0, 0x0, 0x0, 0x0, 0x4,
    0xff, 0xff, 0xff, 0xff, 0x50, 0x0, 0x0, 0x0,
    0x0, 0x0, 0x0, 0xd, 0xff, 0xff, 0xff, 0xff,
    0xe1, 0x0, 0x0, 0x0, 0x0, 0x0, 0x0, 0x8f,
    0xff, 0xff, 0xff, 0xff, 0xf9, 0x0, 0x0, 0x0,
    0x0, 0x0, 0x2, 0xff, 0xff, 0xf5, 0xbf, 0xff,
    0xff, 0x30, 0x0, 0x0, 0x0, 0x0, 0xb, 0xff,
    0xff, 0xc0, 0x2f, 0xff, 0xff, 0xd0, 0x0, 0x0,
    0x0, 0x0, 0x5f, 0xff, 0xff, 0x30, 0x8, 0xff,
    0xff, 0xf8, 0x0, 0x0, 0x0, 0x1, 0xef, 0xff,
    0xfa, 0x0, 0x0, 0xef, 0xff, 0xff, 0x20, 0x0,
    0x0, 0x9, 0xff, 0xff, 0xf1, 0x0, 0x0, 0x5f,
    0xff, 0xff, 0xc0, 0x0, 0x0, 0x3f, 0xff, 0xff,
    0x70, 0x0, 0x0, 0xc, 0xff, 0xff, 0xf6, 0x0,
    0x0, 0xdf, 0xff, 0xfe, 0x0, 0x0, 0x0, 0x2,
    0xff, 0xff, 0xff, 0x10, 0x7, 0xff, 0xff, 0xf5,
    0x0, 0x0, 0x0, 0x0, 0x9f, 0xff, 0xff, 0xb0,
    0x2f, 0xff, 0xff, 0xc0, 0x0, 0x0, 0x0, 0x0,
    0x1e, 0xff, 0xff, 0xf5,

    /* U+0059 "Y" */
    0x6f, 0xff, 0xff, 0xb0, 0x0, 0x0, 0x0, 0x0,
    0x2f, 0xff, 0xff, 0xc0, 0xd, 0xff, 0xff, 0xf4,
    0x0, 0x0, 0x0, 0x0, 0xbf, 0xff, 0xff, 0x30,
    0x4, 0xff, 0xff, 0xfc, 0x0, 0x0, 0x0, 0x3,
    0xff, 0xff, 0xfa, 0x0, 0x0, 0xbf, 0xff, 0xff,
    0x50, 0x0, 0x0, 0xb, 0xff, 0xff, 0xf1, 0x0,
    0x0, 0x2f, 0xff, 0xff, 0xd0, 0x0, 0x0, 0x3f,
    0xff, 0xff, 0x70, 0x0, 0x0, 0x9, 0xff, 0xff,
    0xf6, 0x0, 0x0, 0xcf, 0xff, 0xfe, 0x0, 0x0,
    0x0, 0x1, 0xef, 0xff, 0xfe, 0x0, 0x4, 0xff,
    0xff, 0xf5, 0x0, 0x0, 0x0, 0x0, 0x7f, 0xff,
    0xff, 0x80, 0xc, 0xff, 0xff, 0xc0, 0x0, 0x0,
    0x0, 0x0, 0xd, 0xff, 0xff, 0xf1, 0x5f, 0xff,
    0xff, 0x30, 0x0, 0x0, 0x0, 0x0, 0x4, 0xff,
    0xff, 0xf9, 0xdf, 0xff, 0xfa, 0x0, 0x0, 0x0,
    0x0, 0x0, 0x0, 0xbf, 0xff, 0xff, 0xff, 0xff,
    0xf2, 0x0, 0x0, 0x0, 0x0, 0x0, 0x0, 0x3f,
    0xff, 0xff, 0xff, 0xff, 0x80, 0x0, 0x0, 0x0,
    0x0, 0x0, 0x0, 0x9, 0xff, 0xff, 0xff, 0xfe,
    0x0, 0x0, 0x0, 0x0, 0x0, 0x0, 0x0, 0x1,
    0xff, 0xff, 0xff, 0xf6, 0x0, 0x0, 0x0, 0x0,
    0x0, 0x0, 0x0, 0x0, 0x7f, 0xff, 0xff, 0xd0,
    0x0, 0x0, 0x0, 0x0, 0x0, 0x0, 0x0, 0x0,
    0x1f, 0xff, 0xff, 0x70, 0x0, 0x0, 0x0, 0x0,
    0x0, 0x0, 0x0, 0x0, 0x1f, 0xff, 0xff, 0x70,
    0x0, 0x0, 0x0, 0x0, 0x0, 0x0, 0x0, 0x0,
    0x1f, 0xff, 0xff, 0x70, 0x0, 0x0, 0x0, 0x0,
    0x0, 0x0, 0x0, 0x0, 0x1f, 0xff, 0xff, 0x70,
    0x0, 0x0, 0x0, 0x0, 0x0, 0x0, 0x0, 0x0,
    0x1f, 0xff, 0xff, 0x70, 0x0, 0x0, 0x0, 0x0,
    0x0, 0x0, 0x0, 0x0, 0x1f, 0xff, 0xff, 0x70,
    0x0, 0x0, 0x0, 0x0, 0x0, 0x0, 0x0, 0x0,
    0x1f, 0xff, 0xff, 0x70, 0x0, 0x0, 0x0, 0x0,
    0x0, 0x0, 0x0, 0x0, 0x1f, 0xff, 0xff, 0x70,
    0x0, 0x0, 0x0, 0x0, 0x0, 0x0, 0x0, 0x0,
    0x1f, 0xff, 0xff, 0x70, 0x0, 0x0, 0x0, 0x0,
    0x0, 0x0, 0x0, 0x0, 0x1f, 0xff, 0xff, 0x70,
    0x0, 0x0, 0x0, 0x0,

    /* U+005A "Z" */
    0xf, 0xff, 0xff, 0xff, 0xff, 0xff, 0xff, 0xff,
    0xff, 0xf2, 0xf, 0xff, 0xff, 0xff, 0xff, 0xff,
    0xff, 0xff, 0xff, 0xf2, 0xf, 0xff, 0xff, 0xff,
    0xff, 0xff, 0xff, 0xff, 0xff, 0xf2, 0xf, 0xff,
    0xff, 0xff, 0xff, 0xff, 0xff, 0xff, 0xff, 0xf2,
    0xc, 0xcc, 0xcc, 0xcc, 0xcc, 0xcc, 0xdf, 0xff,
    0xff, 0xf2, 0x0, 0x0, 0x0, 0x0, 0x0, 0x0,
    0xcf, 0xff, 0xff, 0x90, 0x0, 0x0, 0x0, 0x0,
    0x0, 0x9, 0xff, 0xff, 0xfc, 0x0, 0x0, 0x0,
    0x0, 0x0, 0x0, 0x6f, 0xff, 0xff, 0xe1, 0x0,
    0x0, 0x0, 0x0, 0x0, 0x3, 0xff, 0xff, 0xff,
    0x30, 0x0, 0x0, 0x0, 0x0, 0x0, 0x1e, 0xff,
    0xff, 0xf5, 0x0, 0x0, 0x0, 0x0, 0x0, 0x0,
    0xcf, 0xff, 0xff, 0x80, 0x0, 0x0, 0x0, 0x0,
    0x0, 0x9, 0xff, 0xff, 0xfb, 0x0, 0x0, 0x0,
    0x0, 0x0, 0x0, 0x6f, 0xff, 0xff, 0xd1, 0x0,
    0x0, 0x0, 0x0, 0x0, 0x3, 0xff, 0xff, 0xff,
    0x20, 0x0, 0x0, 0x0, 0x0, 0x0, 0x1e, 0xff,
    0xff, 0xf5, 0x0, 0x0, 0x0, 0x0, 0x0, 0x0,
    0xcf, 0xff, 0xff, 0x80, 0x0, 0x0, 0x0, 0x0,
    0x0, 0x9, 0xff, 0xff, 0xfb, 0x0, 0x0, 0x0,
    0x0, 0x0, 0x0, 0x6f, 0xff, 0xff, 0xd1, 0x0,
    0x0, 0x0, 0x0, 0x0, 0x3, 0xff, 0xff, 0xff,
    0x20, 0x0, 0x0, 0x0, 0x0, 0x0, 0x1e, 0xff,
    0xff, 0xf5, 0x0, 0x0, 0x0, 0x0, 0x0, 0x0,
    0x9f, 0xff, 0xff, 0xfc, 0xcc, 0xcc, 0xcc, 0xcc,
    0xcc, 0xc5, 0x9f, 0xff, 0xff, 0xff, 0xff, 0xff,
    0xff, 0xff, 0xff, 0xf7, 0x9f, 0xff, 0xff, 0xff,
    0xff, 0xff, 0xff, 0xff, 0xff, 0xf7, 0x9f, 0xff,
    0xff, 0xff, 0xff, 0xff, 0xff, 0xff, 0xff, 0xf7,
    0x9f, 0xff, 0xff, 0xff, 0xff, 0xff, 0xff, 0xff,
    0xff, 0xf7,

    /* U+005B "[" */
    0x2a, 0xaa, 0xaa, 0xaa, 0x23, 0xff, 0xff, 0xff,
    0xf3, 0x3f, 0xff, 0xff, 0xff, 0x33, 0xff, 0xff,
    0xff, 0xf3, 0x3f, 0xff, 0xfb, 0x0, 0x3, 0xff,
    0xff, 0xb0, 0x0, 0x3f, 0xff, 0xfb, 0x0, 0x3,
    0xff, 0xff, 0xb0, 0x0, 0x3f, 0xff, 0xfb, 0x0,
    0x3, 0xff, 0xff, 0xb0, 0x0, 0x3f, 0xff, 0xfb,
    0x0, 0x3, 0xff, 0xff, 0xb0, 0x0, 0x3f, 0xff,
    0xfb, 0x0, 0x3, 0xff, 0xff, 0xb0, 0x0, 0x3f,
    0xff, 0xfb, 0x0, 0x3, 0xff, 0xff, 0xb0, 0x0,
    0x3f, 0xff, 0xfb, 0x0, 0x3, 0xff, 0xff, 0xb0,
    0x0, 0x3f, 0xff, 0xfb, 0x0, 0x3, 0xff, 0xff,
    0xb0, 0x0, 0x3f, 0xff, 0xfb, 0x0, 0x3, 0xff,
    0xff, 0xb0, 0x0, 0x3f, 0xff, 0xfb, 0x0, 0x3,
    0xff, 0xff, 0xb0, 0x0, 0x3f, 0xff, 0xfb, 0x0,
    0x3, 0xff, 0xff, 0xb0, 0x0, 0x3f, 0xff, 0xfb,
    0x0, 0x3, 0xff, 0xff, 0xb0, 0x0, 0x3f, 0xff,
    0xfe, 0xbb, 0x23, 0xff, 0xff, 0xff, 0xf3, 0x3f,
    0xff, 0xff, 0xff, 0x33, 0xff, 0xff, 0xff, 0xf3,

    /* U+005C "\\" */
    0x8f, 0xff, 0xd0, 0x0, 0x0, 0x0, 0x0, 0x0,
    0x3f, 0xff, 0xf3, 0x0, 0x0, 0x0, 0x0, 0x0,
    0xd, 0xff, 0xf8, 0x0, 0x0, 0x0, 0x0, 0x0,
    0x8, 0xff, 0xfe, 0x0, 0x0, 0x0, 0x0, 0x0,
    0x2, 0xff, 0xff, 0x30, 0x0, 0x0, 0x0, 0x0,
    0x0, 0xdf, 0xff, 0x80, 0x0, 0x0, 0x0, 0x0,
    0x0, 0x7f, 0xff, 0xe0, 0x0, 0x0, 0x0, 0x0,
    0x0, 0x2f, 0xff, 0xf3, 0x0, 0x0, 0x0, 0x0,
    0x0, 0xc, 0xff, 0xf9, 0x0, 0x0, 0x0, 0x0,
    0x0, 0x7, 0xff, 0xfe, 0x0, 0x0, 0x0, 0x0,
    0x0, 0x2, 0xff, 0xff, 0x40, 0x0, 0x0, 0x0,
    0x0, 0x0, 0xcf, 0xff, 0x90, 0x0, 0x0, 0x0,
    0x0, 0x0, 0x7f, 0xff, 0xe0, 0x0, 0x0, 0x0,
    0x0, 0x0, 0x1f, 0xff, 0xf4, 0x0, 0x0, 0x0,
    0x0, 0x0, 0xc, 0xff, 0xfa, 0x0, 0x0, 0x0,
    0x0, 0x0, 0x6, 0xff, 0xff, 0x0, 0x0, 0x0,
    0x0, 0x0, 0x1, 0xff, 0xff, 0x40, 0x0, 0x0,
    0x0, 0x0, 0x0, 0xbf, 0xff, 0xa0, 0x0, 0x0,
    0x0, 0x0, 0x0, 0x6f, 0xff, 0xf0, 0x0, 0x0,
    0x0, 0x0, 0x0, 0x1f, 0xff, 0xf5, 0x0, 0x0,
    0x0, 0x0, 0x0, 0xb, 0xff, 0xfa, 0x0, 0x0,
    0x0, 0x0, 0x0, 0x6, 0xff, 0xff, 0x0, 0x0,
    0x0, 0x0, 0x0, 0x1, 0xff, 0xff, 0x50, 0x0,
    0x0, 0x0, 0x0, 0x0, 0xbf, 0xff, 0xb0, 0x0,
    0x0, 0x0, 0x0, 0x0, 0x5f, 0xff, 0xf0, 0x0,
    0x0, 0x0, 0x0, 0x0, 0xf, 0xff, 0xf6, 0x0,
    0x0, 0x0, 0x0, 0x0, 0xa, 0xff, 0xfb, 0x0,
    0x0, 0x0, 0x0, 0x0, 0x5, 0xff, 0xff, 0x10,
    0x0, 0x0, 0x0, 0x0, 0x0, 0xff, 0xff, 0x60,
    0x0, 0x0, 0x0, 0x0, 0x0, 0xaf, 0xff, 0xb0,
    0x0, 0x0, 0x0, 0x0, 0x0, 0x4f, 0xff, 0xf1,
    0x0, 0x0, 0x0, 0x0, 0x0, 0x7, 0x88, 0x82,

    /* U+005D "]" */
    0x2a, 0xaa, 0xaa, 0xaa, 0x23, 0xff, 0xff, 0xff,
    0xf4, 0x3f, 0xff, 0xff, 0xff, 0x43, 0xff, 0xff,
    0xff, 0xf4, 0x0, 0xb, 0xff, 0xff, 0x40, 0x0,
    0xbf, 0xff, 0xf4, 0x0, 0xb, 0xff, 0xff, 0x40,
    0x0, 0xbf, 0xff, 0xf4, 0x0, 0xb, 0xff, 0xff,
    0x40, 0x0, 0xbf, 0xff, 0xf4, 0x0, 0xb, 0xff,
    0xff, 0x40, 0x0, 0xbf, 0xff, 0xf4, 0x0, 0xb,
    0xff, 0xff, 0x40, 0x0, 0xbf, 0xff, 0xf4, 0x0,
    0xb, 0xff, 0xff, 0x40, 0x0, 0xbf, 0xff, 0xf4,
    0x0, 0xb, 0xff, 0xff, 0x40, 0x0, 0xbf, 0xff,
    0xf4, 0x0, 0xb, 0xff, 0xff, 0x40, 0x0, 0xbf,
    0xff, 0xf4, 0x0, 0xb, 0xff, 0xff, 0x40, 0x0,
    0xbf, 0xff, 0xf4, 0x0, 0xb, 0xff, 0xff, 0x40,
    0x0, 0xbf, 0xff, 0xf4, 0x0, 0xb, 0xff, 0xff,
    0x40, 0x0, 0xbf, 0xff, 0xf4, 0x0, 0xb, 0xff,
    0xff, 0x40, 0x0, 0xbf, 0xff, 0xf4, 0x2b, 0xbe,
    0xff, 0xff, 0x43, 0xff, 0xff, 0xff, 0xf4, 0x3f,
    0xff, 0xff, 0xff, 0x43, 0xff, 0xff, 0xff, 0xf4,

    /* U+005E "^" */
    0x0, 0x0, 0x0, 0x9, 0xff, 0xff, 0x40, 0x0,
    0x0, 0x0, 0x0, 0x0, 0x0, 0x2f, 0xff, 0xff,
    0xd0, 0x0, 0x0, 0x0, 0x0, 0x0, 0x0, 0xaf,
    0xff, 0xff, 0xf6, 0x0, 0x0, 0x0, 0x0, 0x0,
    0x3, 0xff, 0xff, 0xff, 0xfe, 0x0, 0x0, 0x0,
    0x0, 0x0, 0xc, 0xff, 0xff, 0xff, 0xff, 0x80,
    0x0, 0x0, 0x0, 0x0, 0x5f, 0xff, 0xfe, 0xff,
    0xff, 0xf1, 0x0, 0x0, 0x0, 0x0, 0xef, 0xff,
    0xf2, 0xcf, 0xff, 0xf9, 0x0, 0x0, 0x0, 0x7,
    0xff, 0xff, 0x90, 0x3f, 0xff, 0xff, 0x20, 0x0,
    0x0, 0x1f, 0xff, 0xff, 0x10, 0xa, 0xff, 0xff,
    0xb0, 0x0, 0x0, 0x9f, 0xff, 0xf8, 0x0, 0x2,
    0xff, 0xff, 0xf4, 0x0, 0x2, 0xff, 0xff, 0xe0,
    0x0, 0x0, 0x9f, 0xff, 0xfc, 0x0, 0xb, 0xff,
    0xff, 0x60, 0x0, 0x0, 0x1f, 0xff, 0xff, 0x50,
    0x4f, 0xff, 0xfd, 0x0, 0x0, 0x0, 0x7, 0xff,
    0xff, 0xe0, 0x6, 0xdf, 0xf5, 0x0, 0x0, 0x0,
    0x0, 0xef, 0xfa, 0x30, 0x0, 0x6, 0xa0, 0x0,
    0x0, 0x0, 0x0, 0x59, 0x20, 0x0,

    /* U+005F "_" */
    0x55, 0x55, 0x55, 0x55, 0x55, 0x55, 0x55, 0x55,
    0x55, 0xef, 0xff, 0xff, 0xff, 0xff, 0xff, 0xff,
    0xff, 0xff, 0xef, 0xff, 0xff, 0xff, 0xff, 0xff,
    0xff, 0xff, 0xff, 0xef, 0xff, 0xff, 0xff, 0xff,
    0xff, 0xff, 0xff, 0xff, 0xef, 0xff, 0xff, 0xff,
    0xff, 0xff, 0xff, 0xff, 0xff,

    /* U+0060 "`" */
    0x0, 0x3, 0xa1, 0x0, 0x0, 0x4b, 0xff, 0x80,
    0x0, 0x5f, 0xff, 0xff, 0x10, 0x0, 0xaf, 0xff,
    0xf9, 0x0, 0x0, 0xdf, 0xff, 0xf1, 0x0, 0x2,
    0xff, 0xff, 0x90, 0x0, 0x5, 0xff, 0xff, 0x20,
    0x0, 0x9, 0xfe, 0x60, 0x0, 0x0, 0x5, 0x0,
    0x0,

    /* U+0061 "a" */
    0x0, 0x0, 0x5a, 0xdf, 0xff, 0xda, 0x60, 0x0,
    0x0, 0x0, 0x2, 0xcf, 0xff, 0xff, 0xff, 0xff,
    0xe5, 0x0, 0x0, 0x3, 0xff, 0xff, 0xff, 0xff,
    0xff, 0xff, 0xf5, 0x0, 0x0, 0xcf, 0xff, 0xff,
    0xff, 0xff, 0xff, 0xff, 0xe0, 0x0, 0x1, 0xcf,
    0xfd, 0x62, 0x24, 0xcf, 0xff, 0xff, 0x40, 0x0,
    0x0, 0xab, 0x0, 0x0, 0x1, 0xff, 0xff, 0xf8,
    0x0, 0x0, 0x0, 0x0, 0x0, 0x0, 0xc, 0xff,
    0xff, 0x90, 0x0, 0x0, 0x0, 0x0, 0x0, 0x0,
    0xbf, 0xff, 0xfa, 0x0, 0x0, 0x2, 0x7b, 0xef,
    0xff, 0xff, 0xff, 0xff, 0xa0, 0x0, 0x9, 0xff,
    0xff, 0xff, 0xff, 0xff, 0xff, 0xfa, 0x0, 0xb,
    0xff, 0xff, 0xff, 0xff, 0xff, 0xff, 0xff, 0xa0,
    0x5, 0xff, 0xff, 0xf7, 0x10, 0x0, 0xbf, 0xff,
    0xfa, 0x0, 0xaf, 0xff, 0xfb, 0x0, 0x0, 0xb,
    0xff, 0xff, 0xa0, 0xc, 0xff, 0xff, 0x90, 0x0,
    0x0, 0xcf, 0xff, 0xfa, 0x0, 0xbf, 0xff, 0xfd,
    0x10, 0x0, 0x5f, 0xff, 0xff, 0xa1, 0x8, 0xff,
    0xff, 0xfe, 0xbb, 0xdf, 0xbf, 0xff, 0xff, 0xf6,
    0x1f, 0xff, 0xff, 0xff, 0xff, 0xf2, 0xcf, 0xff,
    0xff, 0x60, 0x4f, 0xff, 0xff, 0xff, 0xf6, 0x4,
    0xff, 0xff, 0xf6, 0x0, 0x29, 0xdf, 0xfd, 0x92,
    0x0, 0x5, 0xdf, 0xff, 0x60,

    /* U+0062 "b" */
    0x8f, 0xff, 0xfd, 0x0, 0x0, 0x0, 0x0, 0x0,
    0x0, 0x8, 0xff, 0xff, 0xd0, 0x0, 0x0, 0x0,
    0x0, 0x0, 0x0, 0x8f, 0xff, 0xfd, 0x0, 0x0,
    0x0, 0x0, 0x0, 0x0, 0x8, 0xff, 0xff, 0xd0,
    0x0, 0x0, 0x0, 0x0, 0x0, 0x0, 0x8f, 0xff,
    0xfd, 0x0, 0x0, 0x0, 0x0, 0x0, 0x0, 0x8,
    0xff, 0xff, 0xd0, 0x0, 0x0, 0x0, 0x0, 0x0,
    0x0, 0x8f, 0xff, 0xfd, 0x0, 0x0, 0x0, 0x0,
    0x0, 0x0, 0x8, 0xff, 0xff, 0xd0, 0x5, 0xce,
    0xfd, 0x93, 0x0, 0x0, 0x8f, 0xff, 0xfd, 0xb,
    0xff, 0xff, 0xff, 0xf8, 0x0, 0x8, 0xff, 0xff,
    0xd8, 0xff, 0xff, 0xff, 0xff, 0xf8, 0x0, 0x8f,
    0xff, 0xfe, 0xff, 0xff, 0xff, 0xff, 0xff, 0xf2,
    0x8, 0xff, 0xff, 0xff, 0x95, 0x47, 0xff, 0xff,
    0xff, 0x80, 0x8f, 0xff, 0xff, 0x40, 0x0, 0x2,
    0xff, 0xff, 0xfe, 0x8, 0xff, 0xff, 0xe0, 0x0,
    0x0, 0x7, 0xff, 0xff, 0xf1, 0x8f, 0xff, 0xfd,
    0x0, 0x0, 0x0, 0x4f, 0xff, 0xff, 0x38, 0xff,
    0xff, 0xd0, 0x0, 0x0, 0x3, 0xff, 0xff, 0xf4,
    0x8f, 0xff, 0xfd, 0x0, 0x0, 0x0, 0x3f, 0xff,
    0xff, 0x58, 0xff, 0xff, 0xd0, 0x0, 0x0, 0x3,
    0xff, 0xff, 0xf4, 0x8f, 0xff, 0xfd, 0x0, 0x0,
    0x0, 0x4f, 0xff, 0xff, 0x38, 0xff, 0xff, 0xe0,
    0x0, 0x0, 0x7, 0xff, 0xff, 0xf1, 0x8f, 0xff,
    0xff, 0x40, 0x0, 0x2, 0xff, 0xff, 0xfe, 0x8,
    0xff, 0xff, 0xff, 0x95, 0x47, 0xff, 0xff, 0xff,
    0x80, 0x8f, 0xff, 0xfe, 0xff, 0xff, 0xff, 0xff,
    0xff, 0xf2, 0x8, 0xff, 0xff, 0xd8, 0xff, 0xff,
    0xff, 0xff, 0xf8, 0x0, 0x8f, 0xff, 0xfd, 0xb,
    0xff, 0xff, 0xff, 0xf8, 0x0, 0x8, 0xff, 0xff,
    0xd0, 0x5, 0xce, 0xfd, 0x93, 0x0, 0x0,

    /* U+0063 "c" */
    0x0, 0x0, 0x6, 0xad, 0xff, 0xeb, 0x60, 0x0,
    0x0, 0x0, 0x4e, 0xff, 0xff, 0xff, 0xff, 0xe4,
    0x0, 0x0, 0x5f, 0xff, 0xff, 0xff, 0xff, 0xff,
    0xf4, 0x0, 0x2f, 0xff, 0xff, 0xff, 0xff, 0xff,
    0xff, 0xe1, 0xa, 0xff, 0xff, 0xf8, 0x43, 0x6e,
    0xff, 0xff, 0x71, 0xff, 0xff, 0xf7, 0x0, 0x0,
    0x3f, 0xfb, 0x40, 0x5f, 0xff, 0xff, 0x0, 0x0,
    0x0, 0x52, 0x0, 0x8, 0xff, 0xff, 0xe0, 0x0,
    0x0, 0x0, 0x0, 0x0, 0xaf, 0xff, 0xfd, 0x0,
    0x0, 0x0, 0x0, 0x0, 0xa, 0xff, 0xff, 0xd0,
    0x0, 0x0, 0x0, 0x0, 0x0, 0xaf, 0xff, 0xfd,
    0x0, 0x0, 0x0, 0x0, 0x0, 0x8, 0xff, 0xff,
    0xe0, 0x0, 0x0, 0x0, 0x0, 0x0, 0x5f, 0xff,
    0xff, 0x0, 0x0, 0x0, 0x67, 0x10, 0x1, 0xff,
    0xff, 0xf7, 0x0, 0x0, 0x2e, 0xff, 0x93, 0xa,
    0xff, 0xff, 0xf8, 0x33, 0x6e, 0xff, 0xff, 0x80,
    0x2f, 0xff, 0xff, 0xff, 0xff, 0xff, 0xff, 0xe1,
    0x0, 0x5f, 0xff, 0xff, 0xff, 0xff, 0xff, 0xf5,
    0x0, 0x0, 0x4d, 0xff, 0xff, 0xff, 0xff, 0xe4,
    0x0, 0x0, 0x0, 0x5, 0xad, 0xff, 0xeb, 0x60,
    0x0, 0x0,

    /* U+0064 "d" */
    0x0, 0x0, 0x0, 0x0, 0x0, 0x0, 0xe, 0xff,
    0xff, 0x60, 0x0, 0x0, 0x0, 0x0, 0x0, 0x0,
    0xef, 0xff, 0xf6, 0x0, 0x0, 0x0, 0x0, 0x0,
    0x0, 0xe, 0xff, 0xff, 0x60, 0x0, 0x0, 0x0,
    0x0, 0x0, 0x0, 0xef, 0xff, 0xf6, 0x0, 0x0,
    0x0, 0x0, 0x0, 0x0, 0xe, 0xff, 0xff, 0x60,
    0x0, 0x0, 0x0, 0x0, 0x0, 0x0, 0xef, 0xff,
    0xf6, 0x0, 0x0, 0x0, 0x0, 0x0, 0x0, 0xe,
    0xff, 0xff, 0x60, 0x0, 0x4, 0xae, 0xfe, 0xb4,
    0x0, 0xef, 0xff, 0xf6, 0x0, 0xa, 0xff, 0xff,
    0xff, 0xfa, 0xe, 0xff, 0xff, 0x60, 0xa, 0xff,
    0xff, 0xff, 0xff, 0xf7, 0xef, 0xff, 0xf6, 0x4,
    0xff, 0xff, 0xff, 0xff, 0xff, 0xef, 0xff, 0xff,
    0x60, 0xaf, 0xff, 0xff, 0xe7, 0x45, 0xaf, 0xff,
    0xff, 0xf6, 0xf, 0xff, 0xff, 0xe1, 0x0, 0x0,
    0x6f, 0xff, 0xff, 0x63, 0xff, 0xff, 0xf5, 0x0,
    0x0, 0x0, 0xff, 0xff, 0xf6, 0x5f, 0xff, 0xff,
    0x20, 0x0, 0x0, 0xe, 0xff, 0xff, 0x66, 0xff,
    0xff, 0xf1, 0x0, 0x0, 0x0, 0xef, 0xff, 0xf6,
    0x7f, 0xff, 0xff, 0x10, 0x0, 0x0, 0xe, 0xff,
    0xff, 0x66, 0xff, 0xff, 0xf1, 0x0, 0x0, 0x0,
    0xef, 0xff, 0xf6, 0x5f, 0xff, 0xff, 0x20, 0x0,
    0x0, 0xe, 0xff, 0xff, 0x63, 0xff, 0xff, 0xf5,
    0x0, 0x0, 0x0, 0xff, 0xff, 0xf6, 0xf, 0xff,
    0xff, 0xe1, 0x0, 0x0, 0x6f, 0xff, 0xff, 0x60,
    0xaf, 0xff, 0xff, 0xe7, 0x45, 0xaf, 0xff, 0xff,
    0xf6, 0x3, 0xff, 0xff, 0xff, 0xff, 0xff, 0xef,
    0xff, 0xff, 0x60, 0xa, 0xff, 0xff, 0xff, 0xff,
    0xf7, 0xef, 0xff, 0xf6, 0x0, 0xa, 0xff, 0xff,
    0xff, 0xf9, 0xe, 0xff, 0xff, 0x60, 0x0, 0x4,
    0xae, 0xfe, 0xb4, 0x0, 0xef, 0xff, 0xf6,

    /* U+0065 "e" */
    0x0, 0x0, 0x5, 0xad, 0xff, 0xec, 0x71, 0x0,
    0x0, 0x0, 0x3, 0xdf, 0xff, 0xff, 0xff, 0xff,
    0x80, 0x0, 0x0, 0x4f, 0xff, 0xff, 0xff, 0xff,
    0xff, 0xfb, 0x0, 0x2, 0xff, 0xff, 0xff, 0xfe,
    0xff, 0xff, 0xff, 0x80, 0xa, 0xff, 0xff, 0xd4,
    0x0, 0x19, 0xff, 0xff, 0xf1, 0x1f, 0xff, 0xff,
    0x30, 0x0, 0x0, 0xdf, 0xff, 0xf7, 0x5f, 0xff,
    0xfe, 0x0, 0x0, 0x0, 0xaf, 0xff, 0xfa, 0x8f,
    0xff, 0xff, 0xff, 0xff, 0xff, 0xff, 0xff, 0xfd,
    0xaf, 0xff, 0xff, 0xff, 0xff, 0xff, 0xff, 0xff,
    0xfe, 0xaf, 0xff, 0xff, 0xff, 0xff, 0xff, 0xff,
    0xff, 0xff, 0xaf, 0xff, 0xfd, 0x33, 0x33, 0x33,
    0x33, 0x33, 0x33, 0x8f, 0xff, 0xfe, 0x0, 0x0,
    0x0, 0x0, 0x0, 0x0, 0x5f, 0xff, 0xff, 0x20,
    0x0, 0x0, 0x0, 0x40, 0x0, 0x1f, 0xff, 0xff,
    0xb0, 0x0, 0x0, 0x7, 0xf6, 0x0, 0xa, 0xff,
    0xff, 0xfb, 0x42, 0x25, 0xcf, 0xff, 0x30, 0x1,
    0xef, 0xff, 0xff, 0xff, 0xff, 0xff, 0xff, 0xe1,
    0x0, 0x4f, 0xff, 0xff, 0xff, 0xff, 0xff, 0xff,
    0x90, 0x0, 0x2, 0xcf, 0xff, 0xff, 0xff, 0xff,
    0xe6, 0x0, 0x0, 0x0, 0x4, 0x9d, 0xef, 0xed,
    0x95, 0x0, 0x0,

    /* U+0066 "f" */
    0x0, 0x0, 0x3, 0x9d, 0xff, 0xff, 0x80, 0x0,
    0x5, 0xff, 0xff, 0xff, 0xf8, 0x0, 0x1, 0xff,
    0xff, 0xff, 0xff, 0x80, 0x0, 0x6f, 0xff, 0xff,
    0xff, 0xf8, 0x0, 0x8, 0xff, 0xff, 0xc1, 0x11,
    0x0, 0x0, 0x9f, 0xff, 0xfc, 0x0, 0x0, 0x0,
    0x9, 0xff, 0xff, 0xc0, 0x0, 0x4, 0xff, 0xff,
    0xff, 0xff, 0xff, 0xf8, 0x4f, 0xff, 0xff, 0xff,
    0xff, 0xff, 0x84, 0xff, 0xff, 0xff, 0xff, 0xff,
    0xf8, 0x4f, 0xff, 0xff, 0xff, 0xff, 0xff, 0x80,
    0x11, 0x9f, 0xff, 0xfc, 0x11, 0x10, 0x0, 0x9,
    0xff, 0xff, 0xc0, 0x0, 0x0, 0x0, 0x9f, 0xff,
    0xfc, 0x0, 0x0, 0x0, 0x9, 0xff, 0xff, 0xc0,
    0x0, 0x0, 0x0, 0x9f, 0xff, 0xfc, 0x0, 0x0,
    0x0, 0x9, 0xff, 0xff, 0xc0, 0x0, 0x0, 0x0,
    0x9f, 0xff, 0xfc, 0x0, 0x0, 0x0, 0x9, 0xff,
    0xff, 0xc0, 0x0, 0x0, 0x0, 0x9f, 0xff, 0xfc,
    0x0, 0x0, 0x0, 0x9, 0xff, 0xff, 0xc0, 0x0,
    0x0, 0x0, 0x9f, 0xff, 0xfc, 0x0, 0x0, 0x0,
    0x9, 0xff, 0xff, 0xc0, 0x0, 0x0, 0x0, 0x9f,
    0xff, 0xfc, 0x0, 0x0, 0x0, 0x9, 0xff, 0xff,
    0xc0, 0x0, 0x0, 0x0, 0x9f, 0xff, 0xfc, 0x0,
    0x0,

    /* U+0067 "g" */
    0x0, 0x0, 0x0, 0x0, 0x0, 0x0, 0x0, 0x9d,
    0xee, 0xc0, 0x0, 0x0, 0x0, 0x0, 0x0, 0x0,
    0x9, 0xff, 0xff, 0xd0, 0x0, 0x0, 0x0, 0x0,
    0x0, 0x0, 0xe, 0xff, 0xff, 0xd0, 0x0, 0x0,
    0x0, 0x0, 0x0, 0x0, 0xf, 0xff, 0xff, 0xd0,
    0x0, 0x0, 0x4, 0xad, 0xef, 0xff, 0xff, 0xe3,
    0x0, 0x0, 0x0, 0x2, 0xdf, 0xff, 0xff, 0xff,
    0xff, 0xff, 0x60, 0x0, 0x0, 0x2e, 0xff, 0xff,
    0xff, 0xff, 0xff, 0xff, 0xf2, 0x0, 0x0, 0xbf,
    0xff, 0xff, 0xa8, 0x8c, 0xff, 0xff, 0xf8, 0x0,
    0x1, 0xff, 0xff, 0xf2, 0x0, 0x0, 0x8f, 0xff,
    0xfc, 0x0, 0x3, 0xff, 0xff, 0xc0, 0x0, 0x0,
    0x1f, 0xff, 0xfe, 0x0, 0x3, 0xff, 0xff, 0xc0,
    0x0, 0x0, 0x1f, 0xff, 0xfd, 0x0, 0x1, 0xff,
    0xff, 0xf2, 0x0, 0x0, 0x7f, 0xff, 0xfa, 0x0,
    0x0, 0xbf, 0xff, 0xff, 0x97, 0x8b, 0xff, 0xff,
    0xf4, 0x0, 0x0, 0x2e, 0xff, 0xff, 0xff, 0xff,
    0xff, 0xff, 0xa0, 0x0, 0x0, 0x2, 0xcf, 0xff,
    0xff, 0xff, 0xff, 0xf9, 0x0, 0x0, 0x0, 0x2,
    0x8f, 0xbc, 0xef, 0xfe, 0xc8, 0x20, 0x0, 0x0,
    0x0, 0x6f, 0xfd, 0x0, 0x0, 0x0, 0x0, 0x0,
    0x0, 0x0, 0x2, 0xff, 0xfc, 0x0, 0x0, 0x0,
    0x0, 0x0, 0x0, 0x0, 0x6, 0xff, 0xff, 0xb7,
    0x77, 0x77, 0x77, 0x64, 0x10, 0x0, 0x4, 0xff,
    0xff, 0xff, 0xff, 0xff, 0xff, 0xff, 0xfa, 0x10,
    0x0, 0xdf, 0xff, 0xff, 0xff, 0xff, 0xff, 0xff,
    0xff, 0xd0, 0x0, 0x19, 0xff, 0xff, 0xff, 0xff,
    0xff, 0xff, 0xff, 0xf7, 0x0, 0x28, 0xef, 0xff,
    0xff, 0xff, 0xff, 0xff, 0xff, 0xfd, 0x5, 0xff,
    0xf3, 0x0, 0x0, 0x0, 0x2, 0x9f, 0xff, 0xff,
    0xe, 0xff, 0xf0, 0x0, 0x0, 0x0, 0x0, 0x1f,
    0xff, 0xfe, 0x2f, 0xff, 0xf3, 0x0, 0x0, 0x0,
    0x0, 0x6f, 0xff, 0xfc, 0x1f, 0xff, 0xff, 0xb8,
    0x77, 0x77, 0x8b, 0xff, 0xff, 0xf6, 0xb, 0xff,
    0xff, 0xff, 0xff, 0xff, 0xff, 0xff, 0xff, 0xb0,
    0x0, 0xaf, 0xff, 0xff, 0xff, 0xff, 0xff, 0xff,
    0xf8, 0x0, 0x0, 0x2, 0x7b, 0xde, 0xff, 0xfe,
    0xeb, 0x95, 0x10, 0x0,

    /* U+0068 "h" */
    0x8f, 0xff, 0xfd, 0x0, 0x0, 0x0, 0x0, 0x0,
    0x0, 0x8f, 0xff, 0xfd, 0x0, 0x0, 0x0, 0x0,
    0x0, 0x0, 0x8f, 0xff, 0xfd, 0x0, 0x0, 0x0,
    0x0, 0x0, 0x0, 0x8f, 0xff, 0xfd, 0x0, 0x0,
    0x0, 0x0, 0x0, 0x0, 0x8f, 0xff, 0xfd, 0x0,
    0x0, 0x0, 0x0, 0x0, 0x0, 0x8f, 0xff, 0xfd,
    0x0, 0x0, 0x0, 0x0, 0x0, 0x0, 0x8f, 0xff,
    0xfd, 0x0, 0x0, 0x0, 0x0, 0x0, 0x0, 0x8f,
    0xff, 0xfd, 0x0, 0x6c, 0xff, 0xe9, 0x20, 0x0,
    0x8f, 0xff, 0xfd, 0x9, 0xff, 0xff, 0xff, 0xf4,
    0x0, 0x8f, 0xff, 0xfd, 0x6f, 0xff, 0xff, 0xff,
    0xff, 0x10, 0x8f, 0xff, 0xfe, 0xef, 0xff, 0xff,
    0xff, 0xff, 0x80, 0x8f, 0xff, 0xff, 0xfa, 0x54,
    0x8f, 0xff, 0xff, 0xd0, 0x8f, 0xff, 0xff, 0x50,
    0x0, 0x9, 0xff, 0xff, 0xf0, 0x8f, 0xff, 0xfe,
    0x0, 0x0, 0x4, 0xff, 0xff, 0xf2, 0x8f, 0xff,
    0xfd, 0x0, 0x0, 0x2, 0xff, 0xff, 0xf2, 0x8f,
    0xff, 0xfd, 0x0, 0x0, 0x2, 0xff, 0xff, 0xf3,
    0x8f, 0xff, 0xfd, 0x0, 0x0, 0x2, 0xff, 0xff,
    0xf3, 0x8f, 0xff, 0xfd, 0x0, 0x0, 0x2, 0xff,
    0xff, 0xf3, 0x8f, 0xff, 0xfd, 0x0, 0x0, 0x2,
    0xff, 0xff, 0xf3, 0x8f, 0xff, 0xfd, 0x0, 0x0,
    0x2, 0xff, 0xff, 0xf3, 0x8f, 0xff, 0xfd, 0x0,
    0x0, 0x2, 0xff, 0xff, 0xf3, 0x8f, 0xff, 0xfd,
    0x0, 0x0, 0x2, 0xff, 0xff, 0xf3, 0x8f, 0xff,
    0xfd, 0x0, 0x0, 0x2, 0xff, 0xff, 0xf3, 0x8f,
    0xff, 0xfd, 0x0, 0x0, 0x2, 0xff, 0xff, 0xf3,
    0x8f, 0xff, 0xfd, 0x0, 0x0, 0x2, 0xff, 0xff,
    0xf3, 0x8f, 0xff, 0xfd, 0x0, 0x0, 0x2, 0xff,
    0xff, 0xf3,

    /* U+0069 "i" */
    0x1a, 0xef, 0xc3, 0xb, 0xff, 0xff, 0xe0, 0xef,
    0xff, 0xff, 0x3e, 0xff, 0xff, 0xf3, 0xaf, 0xff,
    0xfe, 0x1, 0x9d, 0xeb, 0x30, 0x0, 0x0, 0x0,
    0x8, 0xff, 0xff, 0xd0, 0x8f, 0xff, 0xfd, 0x8,
    0xff, 0xff, 0xd0, 0x8f, 0xff, 0xfd, 0x8, 0xff,
    0xff, 0xd0, 0x8f, 0xff, 0xfd, 0x8, 0xff, 0xff,
    0xd0, 0x8f, 0xff, 0xfd, 0x8, 0xff, 0xff, 0xd0,
    0x8f, 0xff, 0xfd, 0x8, 0xff, 0xff, 0xd0, 0x8f,
    0xff, 0xfd, 0x8, 0xff, 0xff, 0xd0, 0x8f, 0xff,
    0xfd, 0x8, 0xff, 0xff, 0xd0, 0x8f, 0xff, 0xfd,
    0x8, 0xff, 0xff, 0xd0, 0x8f, 0xff, 0xfd, 0x8,
    0xff, 0xff, 0xd0,

    /* U+006A "j" */
    0x0, 0x1, 0xae, 0xfc, 0x30, 0x0, 0xb, 0xff,
    0xff, 0xe0, 0x0, 0xe, 0xff, 0xff, 0xf3, 0x0,
    0xe, 0xff, 0xff, 0xf3, 0x0, 0xa, 0xff, 0xff,
    0xe0, 0x0, 0x1, 0x9d, 0xeb, 0x30, 0x0, 0x0,
    0x0, 0x0, 0x0, 0x0, 0x8, 0xff, 0xff, 0xd0,
    0x0, 0x8, 0xff, 0xff, 0xd0, 0x0, 0x8, 0xff,
    0xff, 0xd0, 0x0, 0x8, 0xff, 0xff, 0xd0, 0x0,
    0x8, 0xff, 0xff, 0xd0, 0x0, 0x8, 0xff, 0xff,
    0xd0, 0x0, 0x8, 0xff, 0xff, 0xd0, 0x0, 0x8,
    0xff, 0xff, 0xd0, 0x0, 0x8, 0xff, 0xff, 0xd0,
    0x0, 0x8, 0xff, 0xff, 0xd0, 0x0, 0x8, 0xff,
    0xff, 0xd0, 0x0, 0x8, 0xff, 0xff, 0xd0, 0x0,
    0x8, 0xff, 0xff, 0xd0, 0x0, 0x8, 0xff, 0xff,
    0xd0, 0x0, 0x8, 0xff, 0xff, 0xd0, 0x0, 0x8,
    0xff, 0xff, 0xd0, 0x0, 0x8, 0xff, 0xff, 0xd0,
    0x0, 0x8, 0xff, 0xff, 0xd0, 0x0, 0x8, 0xff,
    0xff, 0xd0, 0x0, 0x8, 0xff, 0xff, 0xd0, 0x0,
    0x8, 0xff, 0xff, 0xc0, 0x1, 0x18, 0xff, 0xff,
    0xc0, 0x5f, 0xff, 0xff, 0xff, 0x90, 0x5f, 0xff,
    0xff, 0xff, 0x40, 0x5f, 0xff, 0xff, 0xfa, 0x0,
    0x5f, 0xff, 0xec, 0x60, 0x0,

    /* U+006B "k" */
    0x8f, 0xff, 0xfd, 0x0, 0x0, 0x0, 0x0, 0x0,
    0x0, 0x8, 0xff, 0xff, 0xd0, 0x0, 0x0, 0x0,
    0x0, 0x0, 0x0, 0x8f, 0xff, 0xfd, 0x0, 0x0,
    0x0, 0x0, 0x0, 0x0, 0x8, 0xff, 0xff, 0xd0,
    0x0, 0x0, 0x0, 0x0, 0x0, 0x0, 0x8f, 0xff,
    0xfd, 0x0, 0x0, 0x0, 0x0, 0x0, 0x0, 0x8,
    0xff, 0xff, 0xd0, 0x0, 0x0, 0x0, 0x0, 0x0,
    0x0, 0x8f, 0xff, 0xfd, 0x0, 0x0, 0x0, 0x0,
    0x0, 0x0, 0x8, 0xff, 0xff, 0xd0, 0x0, 0x0,
    0x4f, 0xff, 0xff, 0x90, 0x8f, 0xff, 0xfd, 0x0,
    0x0, 0x2f, 0xff, 0xff, 0xb0, 0x8, 0xff, 0xff,
    0xd0, 0x0, 0x1d, 0xff, 0xff, 0xd0, 0x0, 0x8f,
    0xff, 0xfd, 0x0, 0xc, 0xff, 0xff, 0xe1, 0x0,
    0x8, 0xff, 0xff, 0xd0, 0x9, 0xff, 0xff, 0xf3,
    0x0, 0x0, 0x8f, 0xff, 0xfd, 0x4, 0xff, 0xff,
    0xf4, 0x0, 0x0, 0x8, 0xff, 0xff, 0xd0, 0xef,
    0xff, 0xf6, 0x0, 0x0, 0x0, 0x8f, 0xff, 0xfd,
    0x9f, 0xff, 0xfe, 0x0, 0x0, 0x0, 0x8, 0xff,
    0xff, 0xff, 0xff, 0xff, 0xf7, 0x0, 0x0, 0x0,
    0x8f, 0xff, 0xff, 0xff, 0xff, 0xff, 0xf1, 0x0,
    0x0, 0x8, 0xff, 0xff, 0xff, 0xff, 0xff, 0xff,
    0xa0, 0x0, 0x0, 0x8f, 0xff, 0xff, 0xfb, 0x8f,
    0xff, 0xff, 0x40, 0x0, 0x8, 0xff, 0xff, 0xfc,
    0x1, 0xef, 0xff, 0xfd, 0x0, 0x0, 0x8f, 0xff,
    0xfe, 0x10, 0x7, 0xff, 0xff, 0xf7, 0x0, 0x8,
    0xff, 0xff, 0xd0, 0x0, 0xe, 0xff, 0xff, 0xf1,
    0x0, 0x8f, 0xff, 0xfd, 0x0, 0x0, 0x6f, 0xff,
    0xff, 0xa0, 0x8, 0xff, 0xff, 0xd0, 0x0, 0x0,
    0xdf, 0xff, 0xff, 0x40, 0x8f, 0xff, 0xfd, 0x0,
    0x0, 0x5, 0xff, 0xff, 0xfd, 0x8, 0xff, 0xff,
    0xd0, 0x0, 0x0, 0xd, 0xff, 0xff, 0xf7,

    /* U+006C "l" */
    0x8f, 0xff, 0xfd, 0x0, 0x8, 0xff, 0xff, 0xd0,
    0x0, 0x8f, 0xff, 0xfd, 0x0, 0x8, 0xff, 0xff,
    0xd0, 0x0, 0x8f, 0xff, 0xfd, 0x0, 0x8, 0xff,
    0xff, 0xd0, 0x0, 0x8f, 0xff, 0xfd, 0x0, 0x8,
    0xff, 0xff, 0xd0, 0x0, 0x8f, 0xff, 0xfd, 0x0,
    0x8, 0xff, 0xff, 0xd0, 0x0, 0x8f, 0xff, 0xfd,
    0x0, 0x8, 0xff, 0xff, 0xd0, 0x0, 0x8f, 0xff,
    0xfd, 0x0, 0x8, 0xff, 0xff, 0xd0, 0x0, 0x8f,
    0xff, 0xfd, 0x0, 0x8, 0xff, 0xff, 0xd0, 0x0,
    0x8f, 0xff, 0xfd, 0x0, 0x8, 0xff, 0xff, 0xd0,
    0x0, 0x8f, 0xff, 0xfd, 0x0, 0x8, 0xff, 0xff,
    0xd0, 0x0, 0x8f, 0xff, 0xfd, 0x0, 0x7, 0xff,
    0xff, 0xd1, 0x10, 0x5f, 0xff, 0xff, 0xff, 0x31,
    0xff, 0xff, 0xff, 0xf3, 0x6, 0xff, 0xff, 0xff,
    0x30, 0x3, 0xae, 0xff, 0xf3,

    /* U+006D "m" */
    0x8f, 0xff, 0xfd, 0x0, 0x6c, 0xff, 0xd7, 0x10,
    0x0, 0x5, 0xcf, 0xfd, 0x91, 0x0, 0x8f, 0xff,
    0xfd, 0xa, 0xff, 0xff, 0xff, 0xd1, 0x1, 0xcf,
    0xff, 0xff, 0xfe, 0x20, 0x8f, 0xff, 0xfd, 0x7f,
    0xff, 0xff, 0xff, 0xfc, 0xd, 0xff, 0xff, 0xff,
    0xff, 0xc0, 0x8f, 0xff, 0xfe, 0xef, 0xff, 0xff,
    0xff, 0xff, 0xbf, 0xff, 0xff, 0xff, 0xff, 0xf4,
    0x8f, 0xff, 0xff, 0xf9, 0x55, 0xcf, 0xff, 0xff,
    0xff, 0x95, 0x5c, 0xff, 0xff, 0xf9, 0x8f, 0xff,
    0xff, 0x50, 0x0, 0xe, 0xff, 0xff, 0xf5, 0x0,
    0x0, 0xef, 0xff, 0xfc, 0x8f, 0xff, 0xfe, 0x0,
    0x0, 0x9, 0xff, 0xff, 0xf0, 0x0, 0x0, 0x8f,
    0xff, 0xfd, 0x8f, 0xff, 0xfd, 0x0, 0x0, 0x8,
    0xff, 0xff, 0xd0, 0x0, 0x0, 0x7f, 0xff, 0xfe,
    0x8f, 0xff, 0xfd, 0x0, 0x0, 0x7, 0xff, 0xff,
    0xd0, 0x0, 0x0, 0x6f, 0xff, 0xfe, 0x8f, 0xff,
    0xfd, 0x0, 0x0, 0x7, 0xff, 0xff, 0xd0, 0x0,
    0x0, 0x6f, 0xff, 0xfe, 0x8f, 0xff, 0xfd, 0x0,
    0x0, 0x7, 0xff, 0xff, 0xd0, 0x0, 0x0, 0x6f,
    0xff, 0xfe, 0x8f, 0xff, 0xfd, 0x0, 0x0, 0x7,
    0xff, 0xff, 0xd0, 0x0, 0x0, 0x6f, 0xff, 0xfe,
    0x8f, 0xff, 0xfd, 0x0, 0x0, 0x7, 0xff, 0xff,
    0xd0, 0x0, 0x0, 0x6f, 0xff, 0xfe, 0x8f, 0xff,
    0xfd, 0x0, 0x0, 0x7, 0xff, 0xff, 0xd0, 0x0,
    0x0, 0x6f, 0xff, 0xfe, 0x8f, 0xff, 0xfd, 0x0,
    0x0, 0x7, 0xff, 0xff, 0xd0, 0x0, 0x0, 0x6f,
    0xff, 0xfe, 0x8f, 0xff, 0xfd, 0x0, 0x0, 0x7,
    0xff, 0xff, 0xd0, 0x0, 0x0, 0x6f, 0xff, 0xfe,
    0x8f, 0xff, 0xfd, 0x0, 0x0, 0x7, 0xff, 0xff,
    0xd0, 0x0, 0x0, 0x6f, 0xff, 0xfe, 0x8f, 0xff,
    0xfd, 0x0, 0x0, 0x7, 0xff, 0xff, 0xd0, 0x0,
    0x0, 0x6f, 0xff, 0xfe, 0x8f, 0xff, 0xfd, 0x0,
    0x0, 0x7, 0xff, 0xff, 0xd0, 0x0, 0x0, 0x6f,
    0xff, 0xfe,

    /* U+006E "n" */
    0x8f, 0xff, 0xfd, 0x0, 0x6c, 0xff, 0xe9, 0x20,
    0x0, 0x8f, 0xff, 0xfd, 0xa, 0xff, 0xff, 0xff,
    0xf4, 0x0, 0x8f, 0xff, 0xfd, 0x7f, 0xff, 0xff,
    0xff, 0xff, 0x10, 0x8f, 0xff, 0xfe, 0xef, 0xff,
    0xff, 0xff, 0xff, 0x80, 0x8f, 0xff, 0xff, 0xfa,
    0x54, 0x8f, 0xff, 0xff, 0xd0, 0x8f, 0xff, 0xff,
    0x50, 0x0, 0x9, 0xff, 0xff, 0xf0, 0x8f, 0xff,
    0xfe, 0x0, 0x0, 0x4, 0xff, 0xff, 0xf2, 0x8f,
    0xff, 0xfd, 0x0, 0x0, 0x2, 0xff, 0xff, 0xf2,
    0x8f, 0xff, 0xfd, 0x0, 0x0, 0x2, 0xff, 0xff,
    0xf3, 0x8f, 0xff, 0xfd, 0x0, 0x0, 0x2, 0xff,
    0xff, 0xf3, 0x8f, 0xff, 0xfd, 0x0, 0x0, 0x2,
    0xff, 0xff, 0xf3, 0x8f, 0xff, 0xfd, 0x0, 0x0,
    0x2, 0xff, 0xff, 0xf3, 0x8f, 0xff, 0xfd, 0x0,
    0x0, 0x2, 0xff, 0xff, 0xf3, 0x8f, 0xff, 0xfd,
    0x0, 0x0, 0x2, 0xff, 0xff, 0xf3, 0x8f, 0xff,
    0xfd, 0x0, 0x0, 0x2, 0xff, 0xff, 0xf3, 0x8f,
    0xff, 0xfd, 0x0, 0x0, 0x2, 0xff, 0xff, 0xf3,
    0x8f, 0xff, 0xfd, 0x0, 0x0, 0x2, 0xff, 0xff,
    0xf3, 0x8f, 0xff, 0xfd, 0x0, 0x0, 0x2, 0xff,
    0xff, 0xf3, 0x8f, 0xff, 0xfd, 0x0, 0x0, 0x2,
    0xff, 0xff, 0xf3,

    /* U+006F "o" */
    0x0, 0x0, 0x5, 0xad, 0xff, 0xeb, 0x71, 0x0,
    0x0, 0x0, 0x0, 0x3d, 0xff, 0xff, 0xff, 0xff,
    0xf6, 0x0, 0x0, 0x0, 0x4f, 0xff, 0xff, 0xff,
    0xff, 0xff, 0xf8, 0x0, 0x0, 0x1e, 0xff, 0xff,
    0xff, 0xff, 0xff, 0xff, 0xf5, 0x0, 0x9, 0xff,
    0xff, 0xf8, 0x43, 0x6e, 0xff, 0xff, 0xe0, 0x1,
    0xff, 0xff, 0xf7, 0x0, 0x0, 0x2f, 0xff, 0xff,
    0x50, 0x5f, 0xff, 0xff, 0x0, 0x0, 0x0, 0xbf,
    0xff, 0xfa, 0x8, 0xff, 0xff, 0xe0, 0x0, 0x0,
    0x9, 0xff, 0xff, 0xd0, 0xaf, 0xff, 0xfd, 0x0,
    0x0, 0x0, 0x8f, 0xff, 0xff, 0xa, 0xff, 0xff,
    0xd0, 0x0, 0x0, 0x8, 0xff, 0xff, 0xf0, 0xaf,
    0xff, 0xfd, 0x0, 0x0, 0x0, 0x8f, 0xff, 0xff,
    0x8, 0xff, 0xff, 0xe0, 0x0, 0x0, 0x9, 0xff,
    0xff, 0xd0, 0x5f, 0xff, 0xff, 0x0, 0x0, 0x0,
    0xbf, 0xff, 0xf9, 0x1, 0xff, 0xff, 0xf7, 0x0,
    0x0, 0x2f, 0xff, 0xff, 0x50, 0x9, 0xff, 0xff,
    0xf8, 0x33, 0x6e, 0xff, 0xff, 0xe0, 0x0, 0x1e,
    0xff, 0xff, 0xff, 0xff, 0xff, 0xff, 0xf5, 0x0,
    0x0, 0x4f, 0xff, 0xff, 0xff, 0xff, 0xff, 0xf8,
    0x0, 0x0, 0x0, 0x3d, 0xff, 0xff, 0xff, 0xff,
    0xf6, 0x0, 0x0, 0x0, 0x0, 0x5, 0xad, 0xff,
    0xeb, 0x71, 0x0, 0x0, 0x0,

    /* U+0070 "p" */
    0x8f, 0xff, 0xfd, 0x0, 0x5c, 0xef, 0xd9, 0x30,
    0x0, 0x8, 0xff, 0xff, 0xd0, 0xbf, 0xff, 0xff,
    0xff, 0x80, 0x0, 0x8f, 0xff, 0xfd, 0x9f, 0xff,
    0xff, 0xff, 0xff, 0x80, 0x8, 0xff, 0xff, 0xef,
    0xff, 0xff, 0xff, 0xff, 0xff, 0x20, 0x8f, 0xff,
    0xff, 0xf9, 0x54, 0x7f, 0xff, 0xff, 0xf8, 0x8,
    0xff, 0xff, 0xf4, 0x0, 0x0, 0x2f, 0xff, 0xff,
    0xe0, 0x8f, 0xff, 0xfe, 0x0, 0x0, 0x0, 0x7f,
    0xff, 0xff, 0x18, 0xff, 0xff, 0xd0, 0x0, 0x0,
    0x4, 0xff, 0xff, 0xf3, 0x8f, 0xff, 0xfd, 0x0,
    0x0, 0x0, 0x3f, 0xff, 0xff, 0x48, 0xff, 0xff,
    0xd0, 0x0, 0x0, 0x3, 0xff, 0xff, 0xf5, 0x8f,
    0xff, 0xfd, 0x0, 0x0, 0x0, 0x3f, 0xff, 0xff,
    0x48, 0xff, 0xff, 0xd0, 0x0, 0x0, 0x4, 0xff,
    0xff, 0xf3, 0x8f, 0xff, 0xfe, 0x0, 0x0, 0x0,
    0x7f, 0xff, 0xff, 0x18, 0xff, 0xff, 0xf4, 0x0,
    0x0, 0x2f, 0xff, 0xff, 0xe0, 0x8f, 0xff, 0xff,
    0xf9, 0x54, 0x7f, 0xff, 0xff, 0xf8, 0x8, 0xff,
    0xff, 0xee, 0xff, 0xff, 0xff, 0xff, 0xff, 0x20,
    0x8f, 0xff, 0xfd, 0x7f, 0xff, 0xff, 0xff, 0xff,
    0x80, 0x8, 0xff, 0xff, 0xd0, 0xaf, 0xff, 0xff,
    0xff, 0x80, 0x0, 0x8f, 0xff, 0xfd, 0x0, 0x5c,
    0xff, 0xd9, 0x30, 0x0, 0x8, 0xff, 0xff, 0xd0,
    0x0, 0x0, 0x0, 0x0, 0x0, 0x0, 0x8f, 0xff,
    0xfd, 0x0, 0x0, 0x0, 0x0, 0x0, 0x0, 0x8,
    0xff, 0xff, 0xd0, 0x0, 0x0, 0x0, 0x0, 0x0,
    0x0, 0x8f, 0xff, 0xfd, 0x0, 0x0, 0x0, 0x0,
    0x0, 0x0, 0x8, 0xff, 0xff, 0xd0, 0x0, 0x0,
    0x0, 0x0, 0x0, 0x0, 0x8f, 0xff, 0xfd, 0x0,
    0x0, 0x0, 0x0, 0x0, 0x0, 0x8, 0xff, 0xff,
    0xd0, 0x0, 0x0, 0x0, 0x0, 0x0, 0x0,

    /* U+0071 "q" */
    0x0, 0x0, 0x4a, 0xef, 0xeb, 0x40, 0xe, 0xff,
    0xff, 0x60, 0x0, 0xaf, 0xff, 0xff, 0xff, 0xa0,
    0xef, 0xff, 0xf6, 0x0, 0xaf, 0xff, 0xff, 0xff,
    0xff, 0x7e, 0xff, 0xff, 0x60, 0x4f, 0xff, 0xff,
    0xff, 0xff, 0xfe, 0xff, 0xff, 0xf6, 0xa, 0xff,
    0xff, 0xfe, 0x74, 0x5a, 0xff, 0xff, 0xff, 0x60,
    0xff, 0xff, 0xfe, 0x10, 0x0, 0x6, 0xff, 0xff,
    0xf6, 0x3f, 0xff, 0xff, 0x50, 0x0, 0x0, 0xf,
    0xff, 0xff, 0x65, 0xff, 0xff, 0xf2, 0x0, 0x0,
    0x0, 0xef, 0xff, 0xf6, 0x6f, 0xff, 0xff, 0x10,
    0x0, 0x0, 0xe, 0xff, 0xff, 0x67, 0xff, 0xff,
    0xf1, 0x0, 0x0, 0x0, 0xef, 0xff, 0xf6, 0x6f,
    0xff, 0xff, 0x10, 0x0, 0x0, 0xe, 0xff, 0xff,
    0x65, 0xff, 0xff, 0xf2, 0x0, 0x0, 0x0, 0xef,
    0xff, 0xf6, 0x3f, 0xff, 0xff, 0x50, 0x0, 0x0,
    0xf, 0xff, 0xff, 0x60, 0xff, 0xff, 0xfe, 0x10,
    0x0, 0x6, 0xff, 0xff, 0xf6, 0xa, 0xff, 0xff,
    0xfe, 0x74, 0x5a, 0xff, 0xff, 0xff, 0x60, 0x3f,
    0xff, 0xff, 0xff, 0xff, 0xfe, 0xff, 0xff, 0xf6,
    0x0, 0xaf, 0xff, 0xff, 0xff, 0xff, 0x6e, 0xff,
    0xff, 0x60, 0x0, 0xaf, 0xff, 0xff, 0xff, 0x90,
    0xef, 0xff, 0xf6, 0x0, 0x0, 0x4a, 0xef, 0xfb,
    0x40, 0xe, 0xff, 0xff, 0x60, 0x0, 0x0, 0x0,
    0x0, 0x0, 0x0, 0xef, 0xff, 0xf6, 0x0, 0x0,
    0x0, 0x0, 0x0, 0x0, 0xe, 0xff, 0xff, 0x60,
    0x0, 0x0, 0x0, 0x0, 0x0, 0x0, 0xef, 0xff,
    0xf6, 0x0, 0x0, 0x0, 0x0, 0x0, 0x0, 0xe,
    0xff, 0xff, 0x60, 0x0, 0x0, 0x0, 0x0, 0x0,
    0x0, 0xef, 0xff, 0xf6, 0x0, 0x0, 0x0, 0x0,
    0x0, 0x0, 0xe, 0xff, 0xff, 0x60, 0x0, 0x0,
    0x0, 0x0, 0x0, 0x0, 0xef, 0xff, 0xf6,

    /* U+0072 "r" */
    0x8f, 0xff, 0xfd, 0x0, 0x6d, 0xfc, 0x8f, 0xff,
    0xfd, 0xb, 0xff, 0xfc, 0x8f, 0xff, 0xfd, 0x6f,
    0xff, 0xfc, 0x8f, 0xff, 0xfd, 0xdf, 0xff, 0xfc,
    0x8f, 0xff, 0xff, 0xff, 0xfe, 0xea, 0x8f, 0xff,
    0xff, 0xc4, 0x0, 0x0, 0x8f, 0xff, 0xff, 0x10,
    0x0, 0x0, 0x8f, 0xff, 0xfd, 0x0, 0x0, 0x0,
    0x8f, 0xff, 0xfd, 0x0, 0x0, 0x0, 0x8f, 0xff,
    0xfd, 0x0, 0x0, 0x0, 0x8f, 0xff, 0xfd, 0x0,
    0x0, 0x0, 0x8f, 0xff, 0xfd, 0x0, 0x0, 0x0,
    0x8f, 0xff, 0xfd, 0x0, 0x0, 0x0, 0x8f, 0xff,
    0xfd, 0x0, 0x0, 0x0, 0x8f, 0xff, 0xfd, 0x0,
    0x0, 0x0, 0x8f, 0xff, 0xfd, 0x0, 0x0, 0x0,
    0x8f, 0xff, 0xfd, 0x0, 0x0, 0x0, 0x8f, 0xff,
    0xfd, 0x0, 0x0, 0x0, 0x8f, 0xff, 0xfd, 0x0,
    0x0, 0x0,

    /* U+0073 "s" */
    0x0, 0x0, 0x16, 0xbe, 0xff, 0xec, 0x93, 0x0,
    0x0, 0x0, 0x4e, 0xff, 0xff, 0xff, 0xff, 0xfa,
    0x10, 0x0, 0x4f, 0xff, 0xff, 0xff, 0xff, 0xff,
    0xfe, 0x30, 0xe, 0xff, 0xff, 0xff, 0xff, 0xff,
    0xff, 0xd1, 0x4, 0xff, 0xff, 0xf6, 0x21, 0x39,
    0xff, 0xd1, 0x0, 0x6f, 0xff, 0xfb, 0x0, 0x0,
    0x2, 0xa1, 0x0, 0x6, 0xff, 0xff, 0xe1, 0x0,
    0x0, 0x0, 0x0, 0x0, 0x3f, 0xff, 0xff, 0xfc,
    0x97, 0x51, 0x0, 0x0, 0x0, 0xcf, 0xff, 0xff,
    0xff, 0xff, 0xfc, 0x50, 0x0, 0x2, 0xdf, 0xff,
    0xff, 0xff, 0xff, 0xff, 0x90, 0x0, 0x0, 0x8e,
    0xff, 0xff, 0xff, 0xff, 0xff, 0x50, 0x0, 0x0,
    0x3, 0x68, 0xad, 0xff, 0xff, 0xfc, 0x0, 0x0,
    0x10, 0x0, 0x0, 0x6, 0xff, 0xff, 0xf0, 0x0,
    0xcd, 0x30, 0x0, 0x0, 0x3f, 0xff, 0xfe, 0x1,
    0xcf, 0xff, 0x94, 0x11, 0x3c, 0xff, 0xff, 0xb0,
    0xcf, 0xff, 0xff, 0xff, 0xff, 0xff, 0xff, 0xf5,
    0x3, 0xef, 0xff, 0xff, 0xff, 0xff, 0xff, 0xf9,
    0x0, 0x1, 0xaf, 0xff, 0xff, 0xff, 0xff, 0xf7,
    0x0, 0x0, 0x0, 0x38, 0xce, 0xff, 0xeb, 0x71,
    0x0, 0x0,

    /* U+0074 "t" */
    0x0, 0x0, 0x78, 0x88, 0x60, 0x0, 0x0, 0x0,
    0xf, 0xff, 0xfd, 0x0, 0x0, 0x0, 0x0, 0xff,
    0xff, 0xd0, 0x0, 0x0, 0x0, 0xf, 0xff, 0xfd,
    0x0, 0x0, 0x0, 0x7, 0xff, 0xff, 0xd0, 0x0,
    0x2, 0xff, 0xff, 0xff, 0xff, 0xff, 0xf9, 0x2f,
    0xff, 0xff, 0xff, 0xff, 0xff, 0x92, 0xff, 0xff,
    0xff, 0xff, 0xff, 0xf9, 0x2f, 0xff, 0xff, 0xff,
    0xff, 0xff, 0x90, 0x11, 0x8f, 0xff, 0xfd, 0x11,
    0x10, 0x0, 0x8, 0xff, 0xff, 0xd0, 0x0, 0x0,
    0x0, 0x8f, 0xff, 0xfd, 0x0, 0x0, 0x0, 0x8,
    0xff, 0xff, 0xd0, 0x0, 0x0, 0x0, 0x8f, 0xff,
    0xfd, 0x0, 0x0, 0x0, 0x8, 0xff, 0xff, 0xd0,
    0x0, 0x0, 0x0, 0x8f, 0xff, 0xfd, 0x0, 0x0,
    0x0, 0x8, 0xff, 0xff, 0xd0, 0x0, 0x0, 0x0,
    0x8f, 0xff, 0xfd, 0x0, 0x0, 0x0, 0x8, 0xff,
    0xff, 0xd0, 0x0, 0x0, 0x0, 0x6f, 0xff, 0xfd,
    0x11, 0x10, 0x0, 0x3, 0xff, 0xff, 0xff, 0xff,
    0x40, 0x0, 0xd, 0xff, 0xff, 0xff, 0xf4, 0x0,
    0x0, 0x3e, 0xff, 0xff, 0xff, 0x40, 0x0, 0x0,
    0x18, 0xdf, 0xff, 0xf4,

    /* U+0075 "u" */
    0xbf, 0xff, 0xf9, 0x0, 0x0, 0x5, 0xff, 0xff,
    0xfb, 0xff, 0xff, 0x90, 0x0, 0x0, 0x5f, 0xff,
    0xff, 0xbf, 0xff, 0xf9, 0x0, 0x0, 0x5, 0xff,
    0xff, 0xfb, 0xff, 0xff, 0x90, 0x0, 0x0, 0x5f,
    0xff, 0xff, 0xbf, 0xff, 0xf9, 0x0, 0x0, 0x5,
    0xff, 0xff, 0xfb, 0xff, 0xff, 0x90, 0x0, 0x0,
    0x5f, 0xff, 0xff, 0xbf, 0xff, 0xf9, 0x0, 0x0,
    0x5, 0xff, 0xff, 0xfb, 0xff, 0xff, 0x90, 0x0,
    0x0, 0x5f, 0xff, 0xff, 0xbf, 0xff, 0xf9, 0x0,
    0x0, 0x5, 0xff, 0xff, 0xfb, 0xff, 0xff, 0x90,
    0x0, 0x0, 0x5f, 0xff, 0xff, 0xbf, 0xff, 0xf9,
    0x0, 0x0, 0x5, 0xff, 0xff, 0xfb, 0xff, 0xff,
    0x90, 0x0, 0x0, 0x5f, 0xff, 0xff, 0xbf, 0xff,
    0xfb, 0x0, 0x0, 0x6, 0xff, 0xff, 0xf9, 0xff,
    0xff, 0xf1, 0x0, 0x1, 0xdf, 0xff, 0xff, 0x6f,
    0xff, 0xff, 0xd6, 0x47, 0xdf, 0xff, 0xff, 0xf1,
    0xff, 0xff, 0xff, 0xff, 0xff, 0xdf, 0xff, 0xff,
    0xa, 0xff, 0xff, 0xff, 0xff, 0xe6, 0xff, 0xff,
    0xf0, 0xc, 0xff, 0xff, 0xff, 0xf3, 0x5f, 0xff,
    0xff, 0x0, 0x7, 0xcf, 0xfe, 0x91, 0x5, 0xff,
    0xff, 0xf0,

    /* U+0076 "v" */
    0x8f, 0xff, 0xfb, 0x0, 0x0, 0x0, 0x2, 0xff,
    0xff, 0xe0, 0x2f, 0xff, 0xff, 0x0, 0x0, 0x0,
    0x7, 0xff, 0xff, 0x80, 0xd, 0xff, 0xff, 0x50,
    0x0, 0x0, 0xb, 0xff, 0xff, 0x30, 0x8, 0xff,
    0xff, 0xa0, 0x0, 0x0, 0xf, 0xff, 0xfe, 0x0,
    0x3, 0xff, 0xff, 0xe0, 0x0, 0x0, 0x5f, 0xff,
    0xf9, 0x0, 0x0, 0xef, 0xff, 0xf4, 0x0, 0x0,
    0xaf, 0xff, 0xf4, 0x0, 0x0, 0x8f, 0xff, 0xf9,
    0x0, 0x0, 0xef, 0xff, 0xe0, 0x0, 0x0, 0x3f,
    0xff, 0xfd, 0x0, 0x3, 0xff, 0xff, 0x90, 0x0,
    0x0, 0xe, 0xff, 0xff, 0x20, 0x7, 0xff, 0xff,
    0x40, 0x0, 0x0, 0x9, 0xff, 0xff, 0x60, 0xb,
    0xff, 0xfe, 0x0, 0x0, 0x0, 0x4, 0xff, 0xff,
    0xa0, 0xf, 0xff, 0xfa, 0x0, 0x0, 0x0, 0x0,
    0xef, 0xff, 0xe0, 0x4f, 0xff, 0xf4, 0x0, 0x0,
    0x0, 0x0, 0x9f, 0xff, 0xf2, 0x8f, 0xff, 0xf0,
    0x0, 0x0, 0x0, 0x0, 0x4f, 0xff, 0xf6, 0xcf,
    0xff, 0xa0, 0x0, 0x0, 0x0, 0x0, 0xe, 0xff,
    0xfc, 0xff, 0xff, 0x50, 0x0, 0x0, 0x0, 0x0,
    0xa, 0xff, 0xff, 0xff, 0xff, 0x0, 0x0, 0x0,
    0x0, 0x0, 0x4, 0xff, 0xff, 0xff, 0xfa, 0x0,
    0x0, 0x0, 0x0, 0x0, 0x0, 0xff, 0xff, 0xff,
    0xf5, 0x0, 0x0, 0x0, 0x0, 0x0, 0x0, 0xaf,
    0xff, 0xff, 0xf0, 0x0, 0x0, 0x0,

    /* U+0077 "w" */
    0x2f, 0xff, 0xfe, 0x0, 0x0, 0x0, 0x5f, 0xff,
    0xfc, 0x0, 0x0, 0x0, 0x7f, 0xff, 0xf7, 0xe,
    0xff, 0xff, 0x30, 0x0, 0x0, 0xaf, 0xff, 0xff,
    0x10, 0x0, 0x0, 0xbf, 0xff, 0xf2, 0x9, 0xff,
    0xff, 0x60, 0x0, 0x0, 0xef, 0xff, 0xff, 0x50,
    0x0, 0x0, 0xef, 0xff, 0xe0, 0x5, 0xff, 0xff,
    0xa0, 0x0, 0x3, 0xff, 0xff, 0xff, 0xa0, 0x0,
    0x2, 0xff, 0xff, 0xa0, 0x1, 0xff, 0xff, 0xe0,
    0x0, 0x7, 0xff, 0xff, 0xff, 0xe0, 0x0, 0x6,
    0xff, 0xff, 0x50, 0x0, 0xcf, 0xff, 0xf2, 0x0,
    0xc, 0xff, 0xff, 0xff, 0xf3, 0x0, 0xa, 0xff,
    0xff, 0x10, 0x0, 0x8f, 0xff, 0xf6, 0x0, 0xf,
    0xff, 0xeb, 0xff, 0xf8, 0x0, 0xe, 0xff, 0xfc,
    0x0, 0x0, 0x3f, 0xff, 0xfa, 0x0, 0x5f, 0xff,
    0xa7, 0xff, 0xfc, 0x0, 0x2f, 0xff, 0xf8, 0x0,
    0x0, 0xe, 0xff, 0xfd, 0x0, 0x9f, 0xff, 0x62,
    0xff, 0xff, 0x10, 0x5f, 0xff, 0xf4, 0x0, 0x0,
    0xa, 0xff, 0xff, 0x10, 0xdf, 0xff, 0x20, 0xef,
    0xff, 0x50, 0x9f, 0xff, 0xf0, 0x0, 0x0, 0x6,
    0xff, 0xff, 0x41, 0xff, 0xfd, 0x0, 0xaf, 0xff,
    0x90, 0xcf, 0xff, 0xb0, 0x0, 0x0, 0x1, 0xff,
    0xff, 0x86, 0xff, 0xf9, 0x0, 0x5f, 0xff, 0xd0,
    0xff, 0xff, 0x60, 0x0, 0x0, 0x0, 0xdf, 0xff,
    0xca, 0xff, 0xf4, 0x0, 0x1f, 0xff, 0xf6, 0xff,
    0xff, 0x20, 0x0, 0x0, 0x0, 0x8f, 0xff, 0xfe,
    0xff, 0xf0, 0x0, 0xc, 0xff, 0xfe, 0xff, 0xfe,
    0x0, 0x0, 0x0, 0x0, 0x4f, 0xff, 0xff, 0xff,
    0xb0, 0x0, 0x8, 0xff, 0xff, 0xff, 0xf9, 0x0,
    0x0, 0x0, 0x0, 0xf, 0xff, 0xff, 0xff, 0x70,
    0x0, 0x3, 0xff, 0xff, 0xff, 0xf5, 0x0, 0x0,
    0x0, 0x0, 0xb, 0xff, 0xff, 0xff, 0x20, 0x0,
    0x0, 0xef, 0xff, 0xff, 0xf1, 0x0, 0x0, 0x0,
    0x0, 0x7, 0xff, 0xff, 0xfe, 0x0, 0x0, 0x0,
    0xaf, 0xff, 0xff, 0xc0, 0x0, 0x0, 0x0, 0x0,
    0x2, 0xff, 0xff, 0xf9, 0x0, 0x0, 0x0, 0x5f,
    0xff, 0xff, 0x80, 0x0, 0x0,

    /* U+0078 "x" */
    0xe, 0xff, 0xff, 0xf1, 0x0, 0x0, 0x6, 0xff,
    0xff, 0xf2, 0x4, 0xff, 0xff, 0xfa, 0x0, 0x0,
    0x1e, 0xff, 0xff, 0x70, 0x0, 0xaf, 0xff, 0xff,
    0x30, 0x0, 0x9f, 0xff, 0xfc, 0x0, 0x0, 0x1e,
    0xff, 0xff, 0xd0, 0x2, 0xff, 0xff, 0xf3, 0x0,
    0x0, 0x5, 0xff, 0xff, 0xf6, 0xb, 0xff, 0xff,
    0x80, 0x0, 0x0, 0x0, 0xaf, 0xff, 0xfe, 0x6f,
    0xff, 0xfd, 0x0, 0x0, 0x0, 0x0, 0x1e, 0xff,
    0xff, 0xff, 0xff, 0xf3, 0x0, 0x0, 0x0, 0x0,
    0x5, 0xff, 0xff, 0xff, 0xff, 0x80, 0x0, 0x0,
    0x0, 0x0, 0x0, 0xaf, 0xff, 0xff, 0xfd, 0x0,
    0x0, 0x0, 0x0, 0x0, 0x0, 0x4f, 0xff, 0xff,
    0xf6, 0x0, 0x0, 0x0, 0x0, 0x0, 0x0, 0xdf,
    0xff, 0xff, 0xfd, 0x0, 0x0, 0x0, 0x0, 0x0,
    0x8, 0xff, 0xff, 0xff, 0xff, 0x80, 0x0, 0x0,
    0x0, 0x0, 0x2f, 0xff, 0xff, 0xff, 0xff, 0xf3,
    0x0, 0x0, 0x0, 0x0, 0xcf, 0xff, 0xf4, 0xcf,
    0xff, 0xfd, 0x0, 0x0, 0x0, 0x7, 0xff, 0xff,
    0xb0, 0x3f, 0xff, 0xff, 0x80, 0x0, 0x0, 0x2f,
    0xff, 0xff, 0x20, 0x9, 0xff, 0xff, 0xf3, 0x0,
    0x0, 0xbf, 0xff, 0xf9, 0x0, 0x1, 0xef, 0xff,
    0xfd, 0x0, 0x6, 0xff, 0xff, 0xf1, 0x0, 0x0,
    0x6f, 0xff, 0xff, 0x80, 0x1e, 0xff, 0xff, 0x70,
    0x0, 0x0, 0xd, 0xff, 0xff, 0xf3,

    /* U+0079 "y" */
    0x9f, 0xff, 0xfa, 0x0, 0x0, 0x0, 0x1, 0xff,
    0xff, 0xd0, 0x4f, 0xff, 0xff, 0x0, 0x0, 0x0,
    0x6, 0xff, 0xff, 0x80, 0xe, 0xff, 0xff, 0x40,
    0x0, 0x0, 0xb, 0xff, 0xff, 0x20, 0x9, 0xff,
    0xff, 0x90, 0x0, 0x0, 0x1f, 0xff, 0xfd, 0x0,
    0x4, 0xff, 0xff, 0xe0, 0x0, 0x0, 0x6f, 0xff,
    0xf8, 0x0, 0x0, 0xef, 0xff, 0xf3, 0x0, 0x0,
    0xbf, 0xff, 0xf2, 0x0, 0x0, 0x9f, 0xff, 0xf8,
    0x0, 0x0, 0xff, 0xff, 0xd0, 0x0, 0x0, 0x4f,
    0xff, 0xfd, 0x0, 0x5, 0xff, 0xff, 0x80, 0x0,
    0x0, 0xe, 0xff, 0xff, 0x20, 0xa, 0xff, 0xff,
    0x20, 0x0, 0x0, 0x9, 0xff, 0xff, 0x70, 0xe,
    0xff, 0xfd, 0x0, 0x0, 0x0, 0x4, 0xff, 0xff,
    0xb0, 0x2f, 0xff, 0xf7, 0x0, 0x0, 0x0, 0x0,
    0xef, 0xff, 0xf0, 0x6f, 0xff, 0xf2, 0x0, 0x0,
    0x0, 0x0, 0x9f, 0xff, 0xf3, 0xaf, 0xff, 0xd0,
    0x0, 0x0, 0x0, 0x0, 0x4f, 0xff, 0xf7, 0xef,
    0xff, 0x70, 0x0, 0x0, 0x0, 0x0, 0xe, 0xff,
    0xfe, 0xff, 0xff, 0x20, 0x0, 0x0, 0x0, 0x0,
    0x9, 0xff, 0xff, 0xff, 0xfd, 0x0, 0x0, 0x0,
    0x0, 0x0, 0x4, 0xff, 0xff, 0xff, 0xf7, 0x0,
    0x0, 0x0, 0x0, 0x0, 0x0, 0xef, 0xff, 0xff,
    0xf2, 0x0, 0x0, 0x0, 0x0, 0x0, 0x0, 0x9f,
    0xff, 0xff, 0xd0, 0x0, 0x0, 0x0, 0x0, 0x0,
    0x0, 0x4f, 0xff, 0xff, 0x70, 0x0, 0x0, 0x0,
    0x0, 0x0, 0x0, 0x5f, 0xff, 0xff, 0x20, 0x0,
    0x0, 0x0, 0x0, 0x1, 0x11, 0xaf, 0xff, 0xfc,
    0x0, 0x0, 0x0, 0x0, 0x0, 0x6f, 0xff, 0xff,
    0xff, 0xf6, 0x0, 0x0, 0x0, 0x0, 0x0, 0x6f,
    0xff, 0xff, 0xff, 0xe0, 0x0, 0x0, 0x0, 0x0,
    0x0, 0x6f, 0xff, 0xff, 0xff, 0x30, 0x0, 0x0,
    0x0, 0x0, 0x0, 0x6f, 0xff, 0xfd, 0x92, 0x0,
    0x0, 0x0, 0x0, 0x0,

    /* U+007A "z" */
    0x4f, 0xff, 0xff, 0xff, 0xff, 0xff, 0xff, 0xff,
    0x4, 0xff, 0xff, 0xff, 0xff, 0xff, 0xff, 0xff,
    0xf0, 0x4f, 0xff, 0xff, 0xff, 0xff, 0xff, 0xff,
    0xff, 0x4, 0xff, 0xff, 0xff, 0xff, 0xff, 0xff,
    0xff, 0xf0, 0x1, 0x11, 0x11, 0x11, 0x1a, 0xff,
    0xff, 0xfa, 0x0, 0x0, 0x0, 0x0, 0x7, 0xff,
    0xff, 0xfb, 0x0, 0x0, 0x0, 0x0, 0x5, 0xff,
    0xff, 0xfd, 0x0, 0x0, 0x0, 0x0, 0x3, 0xff,
    0xff, 0xfe, 0x10, 0x0, 0x0, 0x0, 0x2, 0xef,
    0xff, 0xff, 0x30, 0x0, 0x0, 0x0, 0x1, 0xdf,
    0xff, 0xff, 0x40, 0x0, 0x0, 0x0, 0x0, 0xcf,
    0xff, 0xff, 0x60, 0x0, 0x0, 0x0, 0x0, 0xaf,
    0xff, 0xff, 0x80, 0x0, 0x0, 0x0, 0x0, 0x8f,
    0xff, 0xff, 0xa0, 0x0, 0x0, 0x0, 0x0, 0x6f,
    0xff, 0xff, 0xc0, 0x0, 0x0, 0x0, 0x0, 0x4f,
    0xff, 0xff, 0xe2, 0x11, 0x11, 0x11, 0x11, 0x9,
    0xff, 0xff, 0xff, 0xff, 0xff, 0xff, 0xff, 0xf4,
    0x9f, 0xff, 0xff, 0xff, 0xff, 0xff, 0xff, 0xff,
    0x49, 0xff, 0xff, 0xff, 0xff, 0xff, 0xff, 0xff,
    0xf4, 0x9f, 0xff, 0xff, 0xff, 0xff, 0xff, 0xff,
    0xff, 0x40,

    /* U+007B "{" */
    0x0, 0x0, 0x0, 0x7a, 0xaa, 0xa6, 0x0, 0x0,
    0x1e, 0xff, 0xff, 0xf9, 0x0, 0x0, 0x9f, 0xff,
    0xff, 0xf9, 0x0, 0x0, 0xcf, 0xff, 0xff, 0xf9,
    0x0, 0x0, 0xdf, 0xff, 0xf1, 0x0, 0x0, 0x0,
    0xdf, 0xff, 0xf1, 0x0, 0x0, 0x0, 0xdf, 0xff,
    0xf1, 0x0, 0x0, 0x0, 0xdf, 0xff, 0xf1, 0x0,
    0x0, 0x0, 0xdf, 0xff, 0xf1, 0x0, 0x0, 0x0,
    0xdf, 0xff, 0xf1, 0x0, 0x0, 0x0, 0xdf, 0xff,
    0xf1, 0x0, 0x0, 0x0, 0xef, 0xff, 0xf1, 0x0,
    0x0, 0x4, 0xff, 0xff, 0xf0, 0x0, 0x1, 0x6e,
    0xff, 0xff, 0x80, 0x0, 0x4f, 0xff, 0xff, 0xfc,
    0x0, 0x0, 0x5f, 0xff, 0xfe, 0x80, 0x0, 0x0,
    0x5f, 0xff, 0xfe, 0x70, 0x0, 0x0, 0x5f, 0xff,
    0xff, 0xfb, 0x0, 0x0, 0x1, 0x7f, 0xff, 0xff,
    0x70, 0x0, 0x0, 0x4, 0xff, 0xff, 0xe0, 0x0,
    0x0, 0x0, 0xff, 0xff, 0xf1, 0x0, 0x0, 0x0,
    0xdf, 0xff, 0xf1, 0x0, 0x0, 0x0, 0xdf, 0xff,
    0xf1, 0x0, 0x0, 0x0, 0xdf, 0xff, 0xf1, 0x0,
    0x0, 0x0, 0xdf, 0xff, 0xf1, 0x0, 0x0, 0x0,
    0xdf, 0xff, 0xf1, 0x0, 0x0, 0x0, 0xdf, 0xff,
    0xf1, 0x0, 0x0, 0x0, 0xdf, 0xff, 0xf1, 0x0,
    0x0, 0x0, 0xcf, 0xff, 0xfb, 0xb6, 0x0, 0x0,
    0xaf, 0xff, 0xff, 0xf9, 0x0, 0x0, 0x3f, 0xff,
    0xff, 0xf9, 0x0, 0x0, 0x4, 0xcf, 0xff, 0xf9,

    /* U+007C "|" */
    0xc, 0xcc, 0xc6, 0xf, 0xff, 0xf8, 0xf, 0xff,
    0xf8, 0xf, 0xff, 0xf8, 0xf, 0xff, 0xf8, 0xf,
    0xff, 0xf8, 0xf, 0xff, 0xf8, 0xf, 0xff, 0xf8,
    0xf, 0xff, 0xf8, 0xf, 0xff, 0xf8, 0xf, 0xff,
    0xf8, 0xf, 0xff, 0xf8, 0xf, 0xff, 0xf8, 0xf,
    0xff, 0xf8, 0xf, 0xff, 0xf8, 0xf, 0xff, 0xf8,
    0xf, 0xff, 0xf8, 0xf, 0xff, 0xf8, 0xf, 0xff,
    0xf8, 0xf, 0xff, 0xf8, 0xf, 0xff, 0xf8, 0xf,
    0xff, 0xf8, 0xf, 0xff, 0xf8, 0xf, 0xff, 0xf8,
    0xf, 0xff, 0xf8, 0xf, 0xff, 0xf8, 0xf, 0xff,
    0xf8, 0xf, 0xff, 0xf8, 0xf, 0xff, 0xf8, 0xf,
    0xff, 0xf8, 0xf, 0xff, 0xf8, 0xf, 0xff, 0xf8,

    /* U+007D "}" */
    0x2a, 0xaa, 0xa8, 0x30, 0x0, 0x0, 0x3f, 0xff,
    0xff, 0xf6, 0x0, 0x0, 0x3f, 0xff, 0xff, 0xff,
    0x0, 0x0, 0x3f, 0xff, 0xff, 0xff, 0x30, 0x0,
    0x0, 0xb, 0xff, 0xff, 0x30, 0x0, 0x0, 0xb,
    0xff, 0xff, 0x30, 0x0, 0x0, 0xb, 0xff, 0xff,
    0x30, 0x0, 0x0, 0xb, 0xff, 0xff, 0x30, 0x0,
    0x0, 0xb, 0xff, 0xff, 0x30, 0x0, 0x0, 0xb,
    0xff, 0xff, 0x30, 0x0, 0x0, 0xb, 0xff, 0xff,
    0x30, 0x0, 0x0, 0xb, 0xff, 0xff, 0x50, 0x0,
    0x0, 0x9, 0xff, 0xff, 0xa0, 0x0, 0x0, 0x2,
    0xff, 0xff, 0xfa, 0x20, 0x0, 0x0, 0x7f, 0xff,
    0xff, 0xfb, 0x0, 0x0, 0x4, 0xbf, 0xff, 0xfb,
    0x0, 0x0, 0x4, 0xcf, 0xff, 0xfb, 0x0, 0x0,
    0x6f, 0xff, 0xff, 0xfb, 0x0, 0x2, 0xff, 0xff,
    0xfa, 0x30, 0x0, 0x8, 0xff, 0xff, 0xb0, 0x0,
    0x0, 0xb, 0xff, 0xff, 0x50, 0x0, 0x0, 0xb,
    0xff, 0xff, 0x30, 0x0, 0x0, 0xb, 0xff, 0xff,
    0x30, 0x0, 0x0, 0xb, 0xff, 0xff, 0x30, 0x0,
    0x0, 0xb, 0xff, 0xff, 0x30, 0x0, 0x0, 0xb,
    0xff, 0xff, 0x30, 0x0, 0x0, 0xb, 0xff, 0xff,
    0x30, 0x0, 0x0, 0xb, 0xff, 0xff, 0x30, 0x0,
    0x2b, 0xbe, 0xff, 0xff, 0x30, 0x0, 0x3f, 0xff,
    0xff, 0xff, 0x10, 0x0, 0x3f, 0xff, 0xff, 0xfa,
    0x0, 0x0, 0x3f, 0xff, 0xfd, 0x80, 0x0, 0x0,

    /* U+007E "~" */
    0x0, 0x29, 0xdf, 0xeb, 0x50, 0x0, 0x0, 0x0,
    0x0, 0x0, 0x4f, 0xff, 0xff, 0xff, 0xd5, 0x0,
    0x0, 0x1, 0x0, 0xe, 0xff, 0xff, 0xff, 0xff,
    0xfd, 0x74, 0x47, 0xe6, 0x0, 0x7f, 0xff, 0xff,
    0xff, 0xff, 0xff, 0xff, 0xff, 0xf1, 0x0, 0xdc,
    0x53, 0x59, 0xff, 0xff, 0xff, 0xff, 0xff, 0x80,
    0x1, 0x0, 0x0, 0x1, 0x9f, 0xff, 0xff, 0xff,
    0xc0, 0x0, 0x0, 0x0, 0x0, 0x0, 0x28, 0xdf,
    0xfc, 0x70, 0x0,

    /* U+00B0 "°" */
    0x0, 0x0, 0x1, 0x45, 0x40, 0x0, 0x0, 0x0,
    0x0, 0x2a, 0xff, 0xff, 0xfa, 0x10, 0x0, 0x0,
    0x4f, 0xff, 0xff, 0xff, 0xfe, 0x30, 0x0, 0x1e,
    0xff, 0xff, 0xff, 0xff, 0xfe, 0x0, 0x9, 0xff,
    0xfc, 0x30, 0x3c, 0xff, 0xf8, 0x0, 0xef, 0xfe,
    0x0, 0x0, 0x1f, 0xff, 0xd0, 0x2f, 0xff, 0x90,
    0x0, 0x0, 0xaf, 0xff, 0x2, 0xff, 0xf7, 0x0,
    0x0, 0x8, 0xff, 0xf1, 0x1f, 0xff, 0xa0, 0x0,
    0x0, 0xbf, 0xff, 0x0, 0xdf, 0xff, 0x30, 0x0,
    0x4f, 0xff, 0xc0, 0x6, 0xff, 0xff, 0x96, 0x9f,
    0xff, 0xf5, 0x0, 0xc, 0xff, 0xff, 0xff, 0xff,
    0xfa, 0x0, 0x0, 0x1b, 0xff, 0xff, 0xff, 0xfa,
    0x0, 0x0, 0x0, 0x5, 0xbe, 0xfe, 0xa4, 0x0,
    0x0,

    /* U+00B7 "·" */
    0x0, 0x35, 0x30, 0x1, 0xdf, 0xff, 0xc0, 0x8f,
    0xff, 0xff, 0x6b, 0xff, 0xff, 0xf9, 0xaf, 0xff,
    0xff, 0x86, 0xff, 0xff, 0xf4, 0x7, 0xdf, 0xd6,
    0x0,

    /* U+2014 "—" */
    0x23, 0x33, 0x33, 0x33, 0x33, 0x33, 0x33, 0x33,
    0x33, 0x33, 0x33, 0x33, 0x32, 0xbf, 0xff, 0xff,
    0xff, 0xff, 0xff, 0xff, 0xff, 0xff, 0xff, 0xff,
    0xff, 0xfc, 0xbf, 0xff, 0xff, 0xff, 0xff, 0xff,
    0xff, 0xff, 0xff, 0xff, 0xff, 0xff, 0xfc, 0xbf,
    0xff, 0xff, 0xff, 0xff, 0xff, 0xff, 0xff, 0xff,
    0xff, 0xff, 0xff, 0xfc, 0xbf, 0xff, 0xff, 0xff,
    0xff, 0xff, 0xff, 0xff, 0xff, 0xff, 0xff, 0xff,
    0xfc,

    /* U+2026 "…" */
    0x0, 0x35, 0x30, 0x0, 0x0, 0x0, 0x14, 0x52,
    0x0, 0x0, 0x0, 0x2, 0x54, 0x0, 0xc, 0xff,
    0xfd, 0x10, 0x0, 0x4, 0xff, 0xff, 0x70, 0x0,
    0x0, 0xaf, 0xff, 0xe2, 0x6f, 0xff, 0xff, 0x80,
    0x0, 0xd, 0xff, 0xff, 0xf1, 0x0, 0x4, 0xff,
    0xff, 0xfa, 0x9f, 0xff, 0xff, 0xb0, 0x0, 0xf,
    0xff, 0xff, 0xf4, 0x0, 0x6, 0xff, 0xff, 0xfd,
    0x8f, 0xff, 0xff, 0xb0, 0x0, 0xf, 0xff, 0xff,
    0xf3, 0x0, 0x6, 0xff, 0xff, 0xfd, 0x4f, 0xff,
    0xff, 0x60, 0x0, 0xb, 0xff, 0xff, 0xe0, 0x0,
    0x2, 0xff, 0xff, 0xf8, 0x6, 0xdf, 0xd7, 0x0,
    0x0, 0x1, 0xae, 0xfc, 0x30, 0x0, 0x0, 0x4c,
    0xfe, 0x90,

    /* U+2039 "‹" */
    0x0, 0x0, 0x0, 0x21, 0x0, 0x0, 0x0, 0x3e,
    0x80, 0x0, 0x0, 0x5f, 0xff, 0x10, 0x0, 0x8f,
    0xff, 0xf7, 0x0, 0xaf, 0xff, 0xfd, 0x11, 0xcf,
    0xff, 0xfd, 0x10, 0x9f, 0xff, 0xfe, 0x20, 0xa,
    0xff, 0xfe, 0x20, 0x0, 0xaf, 0xff, 0x80, 0x0,
    0xa, 0xff, 0xff, 0x50, 0x0, 0x8f, 0xff, 0xff,
    0x40, 0x0, 0x9f, 0xff, 0xff, 0x30, 0x0, 0x6f,
    0xff, 0xff, 0x30, 0x0, 0x4f, 0xff, 0xf6, 0x0,
    0x0, 0x2d, 0xfe, 0x0, 0x0, 0x0, 0x1c, 0x60,
    0x0, 0x0, 0x0, 0x0, 0x0
};


/*---------------------
 *  GLYPH DESCRIPTION
 *--------------------*/

static const lv_font_fmt_txt_glyph_dsc_t glyph_dsc[] = {
    {.bitmap_index = 0, .adv_w = 0, .box_w = 0, .box_h = 0, .ofs_x = 0, .ofs_y = 0} /* id = 0 reserved */,
    {.bitmap_index = 0, .adv_w = 136, .box_w = 0, .box_h = 0, .ofs_x = 0, .ofs_y = 0},
    {.bitmap_index = 0, .adv_w = 184, .box_w = 7, .box_h = 25, .ofs_x = 2, .ofs_y = 0},
    {.bitmap_index = 88, .adv_w = 284, .box_w = 14, .box_h = 12, .ofs_x = 2, .ofs_y = 14},
    {.bitmap_index = 172, .adv_w = 364, .box_w = 23, .box_h = 25, .ofs_x = 0, .ofs_y = 0},
    {.bitmap_index = 460, .adv_w = 346, .box_w = 20, .box_h = 31, .ofs_x = 1, .ofs_y = -3},
    {.bitmap_index = 770, .adv_w = 561, .box_w = 33, .box_h = 25, .ofs_x = 1, .ofs_y = 0},
    {.bitmap_index = 1183, .adv_w = 415, .box_w = 25, .box_h = 25, .ofs_x = 1, .ofs_y = 0},
    {.bitmap_index = 1496, .adv_w = 154, .box_w = 6, .box_h = 12, .ofs_x = 2, .ofs_y = 14},
    {.bitmap_index = 1532, .adv_w = 195, .box_w = 12, .box_h = 32, .ofs_x = 1, .ofs_y = -5},
    {.bitmap_index = 1724, .adv_w = 195, .box_w = 12, .box_h = 32, .ofs_x = -1, .ofs_y = -5},
    {.bitmap_index = 1916, .adv_w = 346, .box_w = 20, .box_h = 19, .ofs_x = 1, .ofs_y = 7},
    {.bitmap_index = 2106, .adv_w = 346, .box_w = 18, .box_h = 18, .ofs_x = 2, .ofs_y = 2},
    {.bitmap_index = 2268, .adv_w = 179, .box_w = 8, .box_h = 12, .ofs_x = 1, .ofs_y = -5},
    {.bitmap_index = 2316, .adv_w = 232, .box_w = 12, .box_h = 6, .ofs_x = 1, .ofs_y = 8},
    {.bitmap_index = 2352, .adv_w = 179, .box_w = 7, .box_h = 7, .ofs_x = 2, .ofs_y = 0},
    {.bitmap_index = 2377, .adv_w = 265, .box_w = 16, .box_h = 32, .ofs_x = 0, .ofs_y = -6},
    {.bitmap_index = 2633, .adv_w = 346, .box_w = 20, .box_h = 25, .ofs_x = 1, .ofs_y = 0},
    {.bitmap_index = 2883, .adv_w = 346, .box_w = 20, .box_h = 25, .ofs_x = 1, .ofs_y = 0},
    {.bitmap_index = 3133, .adv_w = 346, .box_w = 19, .box_h = 25, .ofs_x = 1, .ofs_y = 0},
    {.bitmap_index = 3371, .adv_w = 346, .box_w = 20, .box_h = 25, .ofs_x = 0, .ofs_y = 0},
    {.bitmap_index = 3621, .adv_w = 346, .box_w = 20, .box_h = 25, .ofs_x = 1, .ofs_y = 0},
    {.bitmap_index = 3871, .adv_w = 346, .box_w = 20, .box_h = 25, .ofs_x = 1, .ofs_y = 0},
    {.bitmap_index = 4121, .adv_w = 346, .box_w = 20, .box_h = 25, .ofs_x = 1, .ofs_y = 0},
    {.bitmap_index = 4371, .adv_w = 346, .box_w = 19, .box_h = 25, .ofs_x = 1, .ofs_y = 0},
    {.bitmap_index = 4609, .adv_w = 346, .box_w = 20, .box_h = 25, .ofs_x = 1, .ofs_y = 0},
    {.bitmap_index = 4859, .adv_w = 346, .box_w = 20, .box_h = 25, .ofs_x = 1, .ofs_y = 0},
    {.bitmap_index = 5109, .adv_w = 190, .box_w = 8, .box_h = 19, .ofs_x = 2, .ofs_y = 0},
    {.bitmap_index = 5185, .adv_w = 190, .box_w = 9, .box_h = 25, .ofs_x = 1, .ofs_y = -6},
    {.bitmap_index = 5298, .adv_w = 346, .box_w = 15, .box_h = 23, .ofs_x = 3, .ofs_y = -1},
    {.bitmap_index = 5471, .adv_w = 346, .box_w = 18, .box_h = 13, .ofs_x = 2, .ofs_y = 5},
    {.bitmap_index = 5588, .adv_w = 346, .box_w = 15, .box_h = 23, .ofs_x = 3, .ofs_y = -1},
    {.bitmap_index = 5761, .adv_w = 288, .box_w = 18, .box_h = 25, .ofs_x = 0, .ofs_y = 0},
    {.bitmap_index = 5986, .adv_w = 520, .box_w = 29, .box_h = 30, .ofs_x = 2, .ofs_y = -5},
    {.bitmap_index = 6421, .adv_w = 395, .box_w = 24, .box_h = 25, .ofs_x = 0, .ofs_y = 0},
    {.bitmap_index = 6721, .adv_w = 384, .box_w = 21, .box_h = 25, .ofs_x = 2, .ofs_y = 0},
    {.bitmap_index = 6984, .adv_w = 375, .box_w = 22, .box_h = 25, .ofs_x = 1, .ofs_y = 0},
    {.bitmap_index = 7259, .adv_w = 401, .box_w = 22, .box_h = 25, .ofs_x = 2, .ofs_y = 0},
    {.bitmap_index = 7534, .adv_w = 350, .box_w = 18, .box_h = 25, .ofs_x = 2, .ofs_y = 0},
    {.bitmap_index = 7759, .adv_w = 337, .box_w = 18, .box_h = 25, .ofs_x = 2, .ofs_y = 0},
    {.bitmap_index = 7984, .adv_w = 414, .box_w = 23, .box_h = 25, .ofs_x = 1, .ofs_y = 0},
    {.bitmap_index = 8272, .adv_w = 417, .box_w = 22, .box_h = 25, .ofs_x = 2, .ofs_y = 0},
    {.bitmap_index = 8547, .adv_w = 249, .box_w = 13, .box_h = 25, .ofs_x = 1, .ofs_y = 0},
    {.bitmap_index = 8710, .adv_w = 322, .box_w = 18, .box_h = 25, .ofs_x = 0, .ofs_y = 0},
    {.bitmap_index = 8935, .adv_w = 401, .box_w = 23, .box_h = 25, .ofs_x = 2, .ofs_y = 0},
    {.bitmap_index = 9223, .adv_w = 305, .box_w = 16, .box_h = 25, .ofs_x = 2, .ofs_y = 0},
    {.bitmap_index = 9423, .adv_w = 472, .box_w = 25, .box_h = 25, .ofs_x = 2, .ofs_y = 0},
    {.bitmap_index = 9736, .adv_w = 417, .box_w = 22, .box_h = 25, .ofs_x = 2, .ofs_y = 0},
    {.bitmap_index = 10011, .adv_w = 411, .box_w = 23, .box_h = 25, .ofs_x = 1, .ofs_y = 0},
    {.bitmap_index = 10299, .adv_w = 378, .box_w = 21, .box_h = 25, .ofs_x = 2, .ofs_y = 0},
    {.bitmap_index = 10562, .adv_w = 411, .box_w = 23, .box_h = 32, .ofs_x = 1, .ofs_y = -7},
    {.bitmap_index = 10930, .adv_w = 388, .box_w = 21, .box_h = 25, .ofs_x = 2, .ofs_y = 0},
    {.bitmap_index = 11193, .adv_w = 359, .box_w = 20, .box_h = 25, .ofs_x = 1, .ofs_y = 0},
    {.bitmap_index = 11443, .adv_w = 336, .box_w = 21, .box_h = 25, .ofs_x = 0, .ofs_y = 0},
    {.bitmap_index = 11706, .adv_w = 400, .box_w = 21, .box_h = 25, .ofs_x = 2, .ofs_y = 0},
    {.bitmap_index = 11969, .adv_w = 374, .box_w = 23, .box_h = 25, .ofs_x = 0, .ofs_y = 0},
    {.bitmap_index = 12257, .adv_w = 560, .box_w = 33, .box_h = 25, .ofs_x = 1, .ofs_y = 0},
    {.bitmap_index = 12670, .adv_w = 388, .box_w = 24, .box_h = 25, .ofs_x = 0, .ofs_y = 0},
    {.bitmap_index = 12970, .adv_w = 374, .box_w = 24, .box_h = 25, .ofs_x = 0, .ofs_y = 0},
    {.bitmap_index = 13270, .adv_w = 350, .box_w = 20, .box_h = 25, .ofs_x = 1, .ofs_y = 0},
    {.bitmap_index = 13520, .adv_w = 192, .box_w = 9, .box_h = 32, .ofs_x = 2, .ofs_y = -5},
    {.bitmap_index = 13664, .adv_w = 265, .box_w = 16, .box_h = 32, .ofs_x = 1, .ofs_y = -6},
    {.bitmap_index = 13920, .adv_w = 192, .box_w = 9, .box_h = 32, .ofs_x = 1, .ofs_y = -5},
    {.bitmap_index = 14064, .adv_w = 346, .box_w = 20, .box_h = 15, .ofs_x = 1, .ofs_y = 10},
    {.bitmap_index = 14214, .adv_w = 320, .box_w = 18, .box_h = 5, .ofs_x = 1, .ofs_y = -7},
    {.bitmap_index = 14259, .adv_w = 346, .box_w = 9, .box_h = 9, .ofs_x = 5, .ofs_y = 20},
    {.bitmap_index = 14300, .adv_w = 328, .box_w = 19, .box_h = 19, .ofs_x = 1, .ofs_y = 0},
    {.bitmap_index = 14481, .adv_w = 350, .box_w = 19, .box_h = 26, .ofs_x = 2, .ofs_y = 0},
    {.bitmap_index = 14728, .adv_w = 298, .box_w = 17, .box_h = 19, .ofs_x = 1, .ofs_y = 0},
    {.bitmap_index = 14890, .adv_w = 350, .box_w = 19, .box_h = 26, .ofs_x = 1, .ofs_y = 0},
    {.bitmap_index = 15137, .adv_w = 324, .box_w = 18, .box_h = 19, .ofs_x = 1, .ofs_y = 0},
    {.bitmap_index = 15308, .adv_w = 208, .box_w = 13, .box_h = 26, .ofs_x = 0, .ofs_y = 0},
    {.bitmap_index = 15477, .adv_w = 318, .box_w = 20, .box_h = 30, .ofs_x = 0, .ofs_y = -7},
    {.bitmap_index = 15777, .adv_w = 343, .box_w = 18, .box_h = 26, .ofs_x = 2, .ofs_y = 0},
    {.bitmap_index = 16011, .adv_w = 165, .box_w = 7, .box_h = 26, .ofs_x = 2, .ofs_y = 0},
    {.bitmap_index = 16102, .adv_w = 165, .box_w = 10, .box_h = 33, .ofs_x = -1, .ofs_y = -7},
    {.bitmap_index = 16267, .adv_w = 332, .box_w = 19, .box_h = 26, .ofs_x = 2, .ofs_y = 0},
    {.bitmap_index = 16514, .adv_w = 175, .box_w = 9, .box_h = 26, .ofs_x = 2, .ofs_y = 0},
    {.bitmap_index = 16631, .adv_w = 515, .box_w = 28, .box_h = 19, .ofs_x = 2, .ofs_y = 0},
    {.bitmap_index = 16897, .adv_w = 343, .box_w = 18, .box_h = 19, .ofs_x = 2, .ofs_y = 0},
    {.bitmap_index = 17068, .adv_w = 325, .box_w = 19, .box_h = 19, .ofs_x = 1, .ofs_y = 0},
    {.bitmap_index = 17249, .adv_w = 350, .box_w = 19, .box_h = 26, .ofs_x = 2, .ofs_y = -7},
    {.bitmap_index = 17496, .adv_w = 350, .box_w = 19, .box_h = 26, .ofs_x = 1, .ofs_y = -7},
    {.bitmap_index = 17743, .adv_w = 233, .box_w = 12, .box_h = 19, .ofs_x = 2, .ofs_y = 0},
    {.bitmap_index = 17857, .adv_w = 290, .box_w = 17, .box_h = 19, .ofs_x = 0, .ofs_y = 0},
    {.bitmap_index = 18019, .adv_w = 221, .box_w = 13, .box_h = 24, .ofs_x = 0, .ofs_y = 0},
    {.bitmap_index = 18175, .adv_w = 343, .box_w = 17, .box_h = 19, .ofs_x = 2, .ofs_y = 0},
    {.bitmap_index = 18337, .adv_w = 310, .box_w = 20, .box_h = 19, .ofs_x = 0, .ofs_y = 0},
    {.bitmap_index = 18527, .adv_w = 484, .box_w = 30, .box_h = 19, .ofs_x = 0, .ofs_y = 0},
    {.bitmap_index = 18812, .adv_w = 323, .box_w = 20, .box_h = 19, .ofs_x = 0, .ofs_y = 0},
    {.bitmap_index = 19002, .adv_w = 308, .box_w = 20, .box_h = 26, .ofs_x = 0, .ofs_y = -7},
    {.bitmap_index = 19262, .adv_w = 298, .box_w = 17, .box_h = 19, .ofs_x = 1, .ofs_y = 0},
    {.bitmap_index = 19424, .adv_w = 214, .box_w = 12, .box_h = 32, .ofs_x = 0, .ofs_y = -5},
    {.bitmap_index = 19616, .adv_w = 232, .box_w = 6, .box_h = 32, .ofs_x = 4, .ofs_y = -5},
    {.bitmap_index = 19712, .adv_w = 214, .box_w = 12, .box_h = 32, .ofs_x = 1, .ofs_y = -5},
    {.bitmap_index = 19904, .adv_w = 346, .box_w = 19, .box_h = 7, .ofs_x = 1, .ofs_y = 8},
    {.bitmap_index = 19971, .adv_w = 271, .box_w = 15, .box_h = 14, .ofs_x = 1, .ofs_y = 12},
    {.bitmap_index = 20076, .adv_w = 206, .box_w = 7, .box_h = 7, .ofs_x = 3, .ofs_y = 8},
    {.bitmap_index = 20101, .adv_w = 449, .box_w = 26, .box_h = 5, .ofs_x = 1, .ofs_y = 9},
    {.bitmap_index = 20166, .adv_w = 517, .box_w = 28, .box_h = 7, .ofs_x = 2, .ofs_y = 0},
    {.bitmap_index = 20264, .adv_w = 183, .box_w = 9, .box_h = 17, .ofs_x = 1, .ofs_y = 1}
};

/*---------------------
 *  CHARACTER MAPPING
 *--------------------*/

static const uint16_t unicode_list_1[] = {
    0x0, 0x7, 0x1f64, 0x1f76, 0x1f89
};

/*Collect the unicode lists and glyph_id offsets*/
static const lv_font_fmt_txt_cmap_t cmaps[] =
{
    {
        .range_start = 32, .range_length = 95, .glyph_id_start = 1,
        .unicode_list = NULL, .glyph_id_ofs_list = NULL, .list_length = 0, .type = LV_FONT_FMT_TXT_CMAP_FORMAT0_TINY
    },
    {
        .range_start = 176, .range_length = 8074, .glyph_id_start = 96,
        .unicode_list = unicode_list_1, .glyph_id_ofs_list = NULL, .list_length = 5, .type = LV_FONT_FMT_TXT_CMAP_SPARSE_TINY
    }
};

/*-----------------
 *    KERNING
 *----------------*/


/*Map glyph_ids to kern left classes*/
static const uint8_t kern_left_class_mapping[] =
{
    0, 0, 0, 0, 0, 0, 1, 0,
    0, 0, 0, 0, 0, 0, 0, 0,
    0, 0, 0, 0, 0, 0, 0, 0,
    0, 0, 0, 0, 0, 0, 0, 0,
    0, 0, 2, 3, 4, 5, 6, 7,
    8, 0, 9, 10, 11, 12, 0, 0,
    0, 13, 0, 14, 15, 16, 17, 18,
    19, 20, 21, 22, 0, 0, 0, 0,
    0, 0, 23, 24, 25, 0, 26, 27,
    28, 29, 30, 0, 31, 32, 29, 29,
    33, 24, 34, 35, 36, 37, 38, 39,
    40, 41, 42, 43, 0, 0, 0, 0,
    0, 0, 0, 0, 0
};

/*Map glyph_ids to kern right classes*/
static const uint8_t kern_right_class_mapping[] =
{
    0, 0, 1, 2, 0, 0, 0, 3,
    2, 0, 4, 2, 0, 5, 6, 5,
    7, 0, 0, 0, 0, 0, 0, 0,
    0, 0, 0, 8, 8, 0, 0, 0,
    9, 10, 11, 0, 12, 0, 0, 0,
    12, 0, 13, 14, 0, 0, 0, 0,
    12, 0, 12, 0, 15, 16, 17, 18,
    19, 20, 21, 22, 0, 0, 23, 0,
    24, 0, 25, 0, 26, 27, 26, 28,
    29, 0, 30, 31, 0, 32, 33, 33,
    26, 34, 27, 33, 35, 36, 37, 38,
    39, 40, 41, 42, 0, 0, 23, 0,
    0, 0, 6, 5, 43
};

/*Kern values between classes*/
static const int8_t kern_class_values[] =
{
    0, -35, 0, 0, 0, 0, 0, 0,
    0, 0, 0, 0, 0, 0, 0, 0,
    0, 0, 0, 0, 0, 0, 0, 0,
    0, 0, 0, 0, 0, 0, 0, 0,
    0, 0, 0, 0, 0, 0, 0, 0,
    0, 0, 0, 0, -29, -6, 0, 12,
    -9, 0, 0, -29, -12, 6, -17, 0,
    -8, 0, -37, -14, -31, -16, 3, -40,
    0, 0, 9, 2, 0, 0, 0, 0,
    0, 0, 0, 0, 0, 0, -11, 0,
    -17, -12, 0, -9, 6, 0, 0, 0,
    0, 0, -9, 0, -14, 0, 0, 0,
    -9, 0, 0, -6, 0, -15, 0, -16,
    -5, -12, -25, 0, 0, -37, 0, 0,
    0, -1, -2, 0, 0, 0, 0, 0,
    0, -3, 0, -5, -4, -7, -5, 0,
    0, 0, 0, -6, 0, 0, -6, -12,
    0, 0, -6, -5, -7, 0, 0, 0,
    0, 0, 0, 0, -12, -6, 0, 0,
    -25, 0, 0, 0, 0, 0, 0, 0,
    0, 0, 0, 0, 0, 0, 0, 0,
    0, 0, 0, 0, 0, -6, 0, 0,
    -23, 9, -26, 0, 0, 0, -21, 0,
    0, -17, 0, -14, 0, -18, -13, -17,
    -26, -14, 0, 0, 0, 0, 0, 0,
    0, 0, 0, 0, 0, 0, 0, 0,
    0, 0, 0, 0, 0, 0, 12, 0,
    0, -9, 0, 0, 0, 0, 0, 0,
    -6, 0, 0, 0, -12, 0, 0, 0,
    0, 0, 0, 0, 0, 0, 0, 0,
    -6, -6, 0, -3, 0, 0, 0, 0,
    0, 0, 0, 0, 0, 0, 0, 0,
    0, 0, 0, 3, -23, 9, -58, 0,
    -49, 0, 0, -17, -50, -17, 0, -43,
    0, 0, 0, 0, 0, 0, 0, 0,
    0, -81, -23, -18, -20, -4, -25, 0,
    -6, 0, -17, -17, -23, -9, -14, -12,
    -9, -23, -12, -14, 0, 0, -6, 0,
    0, 0, 6, 0, 0, 0, 0, 0,
    0, 0, -7, 0, -22, 0, -17, -7,
    -6, -25, 0, 0, 0, 0, 0, 0,
    0, 0, 0, 0, 0, 0, 0, 0,
    0, 0, 0, 0, 0, 0, 0, 0,
    0, 0, 0, 0, 0, -17, 0, 0,
    0, -12, 0, 0, 0, 0, 0, -2,
    0, 0, 0, 0, 0, 0, 0, 0,
    0, -3, -3, 0, 0, 0, 0, 0,
    0, 0, -3, 0, 0, -3, 0, 0,
    -3, 0, 0, 0, 0, 0, 0, -14,
    0, -20, 0, 0, 0, -12, 0, 0,
    -7, 0, 0, 0, 0, 0, -9, 0,
    0, 0, -49, 0, 0, 0, 0, 0,
    0, 0, 0, 0, 0, 0, 0, 0,
    0, 0, 0, 0, 0, 0, 0, -6,
    -17, 6, 6, -26, 0, 0, 0, -23,
    0, -23, 0, -12, -6, -14, 0, -14,
    -6, 0, -12, 0, 0, 0, -6, -14,
    -14, -12, -6, 0, 0, -6, -6, -6,
    0, -17, -12, -12, -12, -3, -12, 6,
    -17, 0, -52, -3, 0, 12, -20, 6,
    0, -35, -6, 10, -23, 0, 0, 0,
    -43, -19, -41, -24, 0, -51, 0, 0,
    12, 2, -6, -5, 0, 0, 0, 0,
    0, 0, 0, 0, -12, -3, -29, -17,
    6, -20, 6, -9, 0, 3, -17, 0,
    -58, 0, -52, 0, 0, -6, -42, 0,
    0, -40, -6, 0, 0, -3, -6, -20,
    -14, -14, 0, -86, -9, -12, -12, 0,
    -17, 0, 0, 0, -6, -9, -9, 0,
    0, 0, 3, -9, 0, 0, 0, 0,
    0, -14, 0, 0, -9, -12, 0, 0,
    -12, 0, -6, 0, -20, 0, -14, -8,
    -17, -8, 0, -23, 0, 0, 0, -6,
    -9, -9, 0, -14, 0, 0, 0, 0,
    0, 0, 0, 0, 0, 0, 0, -2,
    0, 0, 0, 0, -6, 0, 0, 9,
    -20, 0, 0, -6, 0, 0, 0, 0,
    -8, -13, 0, -10, -10, 0, -23, 0,
    0, -35, 0, 0, 0, 0, 0, 0,
    0, 0, 0, 0, 0, -3, 0, 0,
    0, 0, 0, 0, 12, 0, 0, 0,
    0, 0, 0, 0, -23, 0, 0, 0,
    0, 0, 0, 0, 0, 0, 0, 0,
    0, 0, 0, 0, 0, 0, 0, 0,
    0, 0, 0, 0, 0, 0, 0, 0,
    0, 0, 0, 0, 0, 0, 0, 0,
    0, 0, -6, 0, -20, 0, -23, 0,
    0, 0, -14, 0, 0, -9, 0, 0,
    0, 0, 0, 0, 0, 0, 0, -40,
    0, 0, 0, 0, -6, 0, 0, 0,
    0, 0, 0, 0, 0, 0, 0, 0,
    0, 0, 0, 0, 0, 0, 0, 0,
    0, 0, -17, 0, 0, 0, 0, 0,
    0, 0, 0, 0, 0, 0, 0, 0,
    0, 0, 0, 0, 0, 0, 0, 0,
    0, 0, 0, 0, 0, 0, 0, 0,
    0, 0, 0, 0, 0, 0, 0, 9,
    -20, 6, -23, -6, -29, 0, 0, -12,
    -16, -13, 0, -29, 0, 2, 0, 2,
    1, 0, 0, -3, 0, -29, -17, -14,
    -14, 0, -12, 0, -3, 0, -6, -3,
    -6, 0, -3, 0, -6, -6, 0, -6,
    0, 0, 0, 0, 0, 0, 0, 0,
    -9, 0, 0, 0, 0, 0, 0, 0,
    0, 0, 0, 0, 0, 0, 0, 0,
    0, 0, 0, 0, 0, 0, 0, 0,
    0, 0, 0, 0, 0, 0, 0, 0,
    0, 0, 0, 0, 0, 0, 0, 0,
    0, 0, 0, -29, 0, 0, 0, 0,
    0, 0, 0, 0, 0, 0, 0, 0,
    0, 0, 0, 0, 0, 0, 0, 0,
    0, 0, 0, 0, 0, 0, 0, 0,
    0, 0, 0, 0, 0, 0, 0, 0,
    3, -6, 6, 17, -23, 0, 0, 0,
    -9, 0, -10, 0, -4, 0, 0, 0,
    -5, -3, 0, -6, 0, 0, 9, 0,
    -3, -3, 0, 0, 0, 0, 0, 0,
    0, 0, -6, -3, 0, 0, 0, -3,
    0, -12, 0, -9, 0, 0, 6, -3,
    12, 0, 0, 0, 5, 0, 0, 0,
    0, -40, 0, -17, -6, 0, -26, 3,
    0, 6, 0, 0, 0, 0, 0, 0,
    0, 0, 0, 0, 0, -3, 0, -6,
    -3, 0, -5, 0, 0, 0, -12, 0,
    0, -9, 6, 0, 0, 0, 0, 0,
    0, -3, 0, 0, -37, 0, -20, -14,
    -12, -35, -3, 0, -29, 0, 0, 0,
    -3, 0, 0, 0, 0, 0, 0, 0,
    -3, 0, -5, -6, -9, -6, -5, 9,
    0, 0, 0, 0, 0, 0, -3, 0,
    0, 0, 5, 0, 0, 3, 0, -26,
    0, -16, -6, 0, -30, 3, 0, -23,
    0, -3, -3, 0, 0, 0, 0, 0,
    0, 0, 0, 0, 0, 0, 0, 0,
    0, 0, 3, 0, -12, 0, 0, -9,
    6, 0, 0, 0, 0, 0, 0, -3,
    0, -6, -37, 0, -20, -12, -12, -35,
    -3, 0, -35, 0, 0, 0, 0, 0,
    0, 0, 0, 0, 0, 0, 0, 0,
    -6, -3, -9, -4, -3, 9, 12, 17,
    -9, 14, -17, 0, -12, 0, 17, 0,
    -3, 9, 0, -13, 0, 14, 0, 20,
    14, 8, 17, 1, 9, -36, 0, -2,
    -2, 2, -2, 7, 0, 0, 0, 0,
    0, 0, 0, 6, 0, 0, 6, 0,
    0, 0, 3, -3, 16, 3, 0, 13,
    0, 0, 0, 14, 0, 0, -5, 0,
    -5, 0, -4, 0, 6, -5, 6, 7,
    32, -1, -3, -3, 0, 4, 0, 16,
    0, 0, 0, 0, 0, -2, 0, 0,
    0, 3, 0, 0, 0, -9, 0, 0,
    0, 0, 0, 0, 0, 0, 0, 0,
    0, 0, 0, -32, 0, -20, -14, 0,
    -32, 0, 0, 0, 0, 0, 0, 0,
    0, 0, 0, 0, 0, 0, 0, 0,
    0, -5, -3, 0, -5, 0, 0, 0,
    0, 0, 0, 0, 0, 0, 0, 0,
    0, 0, 0, 0, -6, 0, 0, 0,
    0, 0, 0, -6, 0, 0, 0, 0,
    0, 0, 0, 0, 0, 0, 0, 0,
    0, 0, 0, 0, 0, 0, 0, 0,
    0, 0, 0, 0, -6, 0, 0, -20,
    0, 0, 0, -6, 9, -7, 0, -3,
    -4, -18, 0, -10, -4, 0, -26, 9,
    0, 12, 0, -16, -12, 0, 0, 0,
    0, 0, 0, 0, -6, -6, -6, -7,
    -3, 0, -3, 0, 0, 0, 0, 0,
    0, 6, -6, 0, 0, 0, 0, 14,
    0, 0, 6, 0, -7, 0, -3, 0,
    9, -9, 9, 0, 14, 0, 0, 0,
    0, 0, 0, 0, -5, 0, 0, 0,
    -3, 0, -3, -2, 0, -3, 3, 0,
    0, -12, 0, 0, -9, 6, 0, 0,
    0, 0, 0, 0, -3, 0, 0, -37,
    0, -20, -14, -12, -35, -3, 0, -35,
    0, 0, 0, -3, 0, 0, 0, 0,
    0, 0, 0, -3, 0, -5, -6, -9,
    -6, -5, 9, 0, 0, 0, 0, 0,
    0, 0, 0, 0, 0, 0, 0, 0,
    0, 0, -23, 0, -14, -6, 0, -17,
    0, 0, 0, 0, 0, 0, 0, 0,
    0, 0, 0, 0, 0, 0, 0, 0,
    0, 0, 0, 0, 0, 0, 0, 17,
    -12, 0, -46, 0, -13, 0, 0, 0,
    -23, 6, 0, -14, 4, -6, 0, 0,
    0, -12, -12, -6, 0, -46, -8, -3,
    -2, 5, -8, 0, 0, 0, 0, 0,
    0, 2, 0, 4, 3, 0, 4, 0,
    0, 0, -6, 0, 0, -5, 0, 0,
    0, 0, 0, 1, 0, 0, -1, 0,
    -37, 0, -19, 0, -13, -31, 0, 0,
    -29, 0, 0, 0, -2, 0, 0, 0,
    0, 0, 0, -4, -5, 0, -7, -6,
    -10, -5, -6, 0, 0, 0, -6, 0,
    0, -6, 0, 0, 0, 0, 3, 0,
    0, 0, 0, -14, 0, 0, 0, 0,
    -12, 0, 0, 12, 0, -2, -2, 0,
    0, 0, 0, 0, 0, 0, 0, -3,
    0, 0, 0, 0, 0, 0, -6, 0,
    0, 0, 0, 0, 0, 0, 0, 0,
    0, 0, 0, 0, 0, 0, -26, 0,
    -14, -6, 0, -29, 0, 0, 0, 0,
    0, 0, 0, 0, 0, 0, 0, 0,
    0, 0, 0, 0, 0, 0, 0, 0,
    0, 0, 0, 14, -12, 0, -28, -3,
    -9, 0, 0, 0, -17, 0, -3, -17,
    0, -14, 0, -6, 0, 0, -20, 0,
    0, -40, -5, -5, -5, 3, -7, 0,
    0, 0, 0, 0, -1, 0, 0, 0,
    0, 0, 0, -2, 0, 0, 12, -12,
    0, -23, -2, 0, 0, 0, -6, -12,
    0, 0, -17, 0, -20, 0, -6, -6,
    0, -23, 0, 0, -29, -8, -6, -6,
    0, -10, 0, 0, 0, 0, 0, -2,
    0, 0, 0, 0, 0, 0, 0, 0,
    0, 0, -17, 0, 0, -20, 0, 0,
    0, -12, 0, 0, 0, -9, 0, -20,
    0, -6, -6, 0, -23, 0, 0, 12,
    0, -9, -9, 0, 0, 0, 0, 0,
    0, 0, -2, 0, 0, 0, 0, 0,
    0, 0, -6, 0, 12, -17, 0, -26,
    -3, -3, 0, 0, -6, -9, 0, -3,
    -17, 0, -17, 0, -6, 0, 0, -20,
    0, 0, -46, -8, -5, -5, 4, -12,
    0, 0, 0, 0, 0, -5, 0, 0,
    0, 0, 0, 0, -2, 0, 0, 3,
    -6, 0, 6, -12, 0, 0, 0, -6,
    6, 0, 0, 0, 0, -20, 0, -6,
    -3, 6, -17, 0, 0, 3, 0, -7,
    -6, 0, 0, 0, 0, 0, 0, 0,
    0, 0, 0, 0, 0, 0, 0, 0,
    0
};


/*Collect the kern class' data in one place*/
static const lv_font_fmt_txt_kern_classes_t kern_classes =
{
    .class_pair_values   = kern_class_values,
    .left_class_mapping  = kern_left_class_mapping,
    .right_class_mapping = kern_right_class_mapping,
    .left_class_cnt      = 43,
    .right_class_cnt     = 43,
};

/*--------------------
 *  ALL CUSTOM DATA
 *--------------------*/

#if LVGL_VERSION_MAJOR == 8
/*Store all the custom data of the font*/
static  lv_font_fmt_txt_glyph_cache_t cache;
#endif

#if LVGL_VERSION_MAJOR >= 8
static const lv_font_fmt_txt_dsc_t font_dsc = {
#else
static lv_font_fmt_txt_dsc_t font_dsc = {
#endif
    .glyph_bitmap = glyph_bitmap,
    .glyph_dsc = glyph_dsc,
    .cmaps = cmaps,
    .kern_dsc = &kern_classes,
    .kern_scale = 16,
    .cmap_num = 2,
    .bpp = 4,
    .kern_classes = 1,
    .bitmap_format = 0,
#if LVGL_VERSION_MAJOR == 8
    .cache = &cache
#endif
};



/*-----------------
 *  PUBLIC FONT
 *----------------*/

/*Initialize a public general font descriptor*/
#if LVGL_VERSION_MAJOR >= 8
const lv_font_t gc_plex_36 = {
#else
lv_font_t gc_plex_36 = {
#endif
    .get_glyph_dsc = lv_font_get_glyph_dsc_fmt_txt,    /*Function pointer to get glyph's data*/
    .get_glyph_bitmap = lv_font_get_bitmap_fmt_txt,    /*Function pointer to get glyph's bitmap*/
    .line_height = 36,          /*The maximum line height required by the font*/
    .base_line = 7,             /*Baseline measured from the bottom of the line*/
#if !(LVGL_VERSION_MAJOR == 6 && LVGL_VERSION_MINOR == 0)
    .subpx = LV_FONT_SUBPX_NONE,
#endif
#if LV_VERSION_CHECK(7, 4, 0) || LVGL_VERSION_MAJOR >= 8
    .underline_position = -2,
    .underline_thickness = 4,
#endif
    .dsc = &font_dsc,          /*The custom font data. Will be accessed by `get_glyph_bitmap/dsc` */
#if LV_VERSION_CHECK(8, 2, 0) || LVGL_VERSION_MAJOR >= 9
    .fallback = NULL,
#endif
    .user_data = NULL,
};



#endif /*#if GC_PLEX_36*/

