/*******************************************************************************
 * Size: 40 px
 * Bpp: 4
 * Opts: --format lvgl --bpp 4 --no-compress --lv-include lvgl.h --size 40 -o ../components/ui/fonts/gc_plex_40.c --font .fontcache/ibm-plex-sans/fonts/complete/ttf/IBMPlexSans-Bold.ttf -r 0x20-0x7E,0xB0,0xB7,0x2014,0x2026,0x2039
 ******************************************************************************/

#ifdef LV_LVGL_H_INCLUDE_SIMPLE
#include "lvgl.h"
#else
#include "lvgl.h"
#endif

#ifndef GC_PLEX_40
#define GC_PLEX_40 1
#endif

#if GC_PLEX_40

/*-----------------
 *    BITMAPS
 *----------------*/

/*Store the image of the glyphs*/
static LV_ATTRIBUTE_LARGE_CONST const uint8_t glyph_bitmap[] = {
    /* U+0020 " " */

    /* U+0021 "!" */
    0xb, 0xff, 0xff, 0xf9, 0xb, 0xff, 0xff, 0xf9,
    0xb, 0xff, 0xff, 0xf9, 0xb, 0xff, 0xff, 0xf9,
    0xb, 0xff, 0xff, 0xf9, 0xb, 0xff, 0xff, 0xf9,
    0xb, 0xff, 0xff, 0xf9, 0xa, 0xff, 0xff, 0xf8,
    0x9, 0xff, 0xff, 0xf7, 0x7, 0xff, 0xff, 0xf5,
    0x4, 0xff, 0xff, 0xf2, 0x1, 0xff, 0xff, 0xf0,
    0x0, 0xff, 0xff, 0xd0, 0x0, 0xcf, 0xff, 0xa0,
    0x0, 0xaf, 0xff, 0x80, 0x0, 0x7f, 0xff, 0x50,
    0x0, 0x4f, 0xff, 0x30, 0x0, 0x2f, 0xff, 0x0,
    0x0, 0xf, 0xfe, 0x0, 0x0, 0x7, 0x97, 0x0,
    0x0, 0x0, 0x0, 0x0, 0x0, 0x1, 0x21, 0x0,
    0x2, 0xdf, 0xff, 0xb1, 0xc, 0xff, 0xff, 0xf9,
    0x1f, 0xff, 0xff, 0xfe, 0x2f, 0xff, 0xff, 0xff,
    0xf, 0xff, 0xff, 0xfd, 0xb, 0xff, 0xff, 0xf7,
    0x1, 0xae, 0xfe, 0x80,

    /* U+0022 "\"" */
    0x4f, 0xff, 0xff, 0x0, 0x4, 0xff, 0xff, 0xf4,
    0xff, 0xff, 0xf0, 0x0, 0x4f, 0xff, 0xff, 0x4f,
    0xff, 0xff, 0x0, 0x4, 0xff, 0xff, 0xf4, 0xff,
    0xff, 0xf0, 0x0, 0x4f, 0xff, 0xff, 0x4f, 0xff,
    0xff, 0x0, 0x4, 0xff, 0xff, 0xf4, 0xff, 0xff,
    0xf0, 0x0, 0x4f, 0xff, 0xff, 0x4f, 0xff, 0xff,
    0x0, 0x4, 0xff, 0xff, 0xf4, 0xff, 0xff, 0xf0,
    0x0, 0x4f, 0xff, 0xff, 0x4f, 0xff, 0xff, 0x0,
    0x4, 0xff, 0xff, 0xf4, 0xff, 0xff, 0xf0, 0x0,
    0x4f, 0xff, 0xff, 0x4f, 0xff, 0xff, 0x0, 0x4,
    0xff, 0xff, 0xf4, 0xff, 0xff, 0xf0, 0x0, 0x4f,
    0xff, 0xff, 0x4f, 0xff, 0xff, 0x0, 0x4, 0xff,
    0xff, 0xf1, 0x55, 0x55, 0x50, 0x0, 0x15, 0x55,
    0x55,

    /* U+0023 "#" */
    0x0, 0x0, 0x0, 0x0, 0xff, 0xfc, 0x0, 0x0,
    0x0, 0xdf, 0xfe, 0x0, 0x0, 0x0, 0x0, 0x0,
    0x2f, 0xff, 0x90, 0x0, 0x0, 0xf, 0xff, 0xb0,
    0x0, 0x0, 0x0, 0x0, 0x4, 0xff, 0xf6, 0x0,
    0x0, 0x3, 0xff, 0xf9, 0x0, 0x0, 0x0, 0x0,
    0x0, 0x7f, 0xff, 0x30, 0x0, 0x0, 0x5f, 0xff,
    0x60, 0x0, 0x0, 0x0, 0x0, 0xa, 0xff, 0xf1,
    0x0, 0x0, 0x8, 0xff, 0xf3, 0x0, 0x0, 0x0,
    0x0, 0x0, 0xdf, 0xfe, 0x0, 0x0, 0x0, 0xbf,
    0xff, 0x0, 0x0, 0x0, 0x0, 0x0, 0xf, 0xff,
    0xb0, 0x0, 0x0, 0xd, 0xff, 0xe0, 0x0, 0x0,
    0xc, 0xff, 0xff, 0xff, 0xff, 0xff, 0xff, 0xff,
    0xff, 0xff, 0xff, 0xfd, 0x0, 0xcf, 0xff, 0xff,
    0xff, 0xff, 0xff, 0xff, 0xff, 0xff, 0xff, 0xff,
    0xd0, 0xc, 0xff, 0xff, 0xff, 0xff, 0xff, 0xff,
    0xff, 0xff, 0xff, 0xff, 0xfd, 0x0, 0x8b, 0xbb,
    0xef, 0xff, 0xbb, 0xbb, 0xbb, 0xdf, 0xff, 0xbb,
    0xbb, 0x90, 0x0, 0x0, 0xd, 0xff, 0xe0, 0x0,
    0x0, 0xb, 0xff, 0xf0, 0x0, 0x0, 0x0, 0x0,
    0x0, 0xff, 0xfc, 0x0, 0x0, 0x0, 0xdf, 0xfe,
    0x0, 0x0, 0x0, 0x0, 0x0, 0x2f, 0xff, 0x90,
    0x0, 0x0, 0xf, 0xff, 0xb0, 0x0, 0x0, 0x0,
    0x0, 0x4, 0xff, 0xf7, 0x0, 0x0, 0x2, 0xff,
    0xf9, 0x0, 0x0, 0x0, 0x0, 0x0, 0x7f, 0xff,
    0x40, 0x0, 0x0, 0x5f, 0xff, 0x60, 0x0, 0x0,
    0x0, 0x0, 0x9, 0xff, 0xf2, 0x0, 0x0, 0x7,
    0xff, 0xf4, 0x0, 0x0, 0x0, 0x0, 0x0, 0xcf,
    0xff, 0x0, 0x0, 0x0, 0xaf, 0xff, 0x10, 0x0,
    0x0, 0x6a, 0xaa, 0xaf, 0xff, 0xfa, 0xaa, 0xaa,
    0xae, 0xff, 0xfa, 0xaa, 0xa0, 0x9, 0xff, 0xff,
    0xff, 0xff, 0xff, 0xff, 0xff, 0xff, 0xff, 0xff,
    0xff, 0x0, 0x9f, 0xff, 0xff, 0xff, 0xff, 0xff,
    0xff, 0xff, 0xff, 0xff, 0xff, 0xf0, 0x9, 0xff,
    0xff, 0xff, 0xff, 0xff, 0xff, 0xff, 0xff, 0xff,
    0xff, 0xff, 0x0, 0x0, 0x0, 0x9f, 0xff, 0x20,
    0x0, 0x0, 0x7f, 0xff, 0x40, 0x0, 0x0, 0x0,
    0x0, 0xc, 0xff, 0xf0, 0x0, 0x0, 0x9, 0xff,
    0xf1, 0x0, 0x0, 0x0, 0x0, 0x0, 0xff, 0xfc,
    0x0, 0x0, 0x0, 0xcf, 0xfe, 0x0, 0x0, 0x0,
    0x0, 0x0, 0x1f, 0xff, 0xa0, 0x0, 0x0, 0xf,
    0xff, 0xc0, 0x0, 0x0, 0x0, 0x0, 0x4, 0xff,
    0xf7, 0x0, 0x0, 0x2, 0xff, 0xf9, 0x0, 0x0,
    0x0, 0x0, 0x0, 0x7f, 0xff, 0x40, 0x0, 0x0,
    0x4f, 0xff, 0x60, 0x0, 0x0, 0x0, 0x0, 0xa,
    0xff, 0xf2, 0x0, 0x0, 0x7, 0xff, 0xf3, 0x0,
    0x0, 0x0, 0x0,

    /* U+0024 "$" */
    0x0, 0x0, 0x0, 0x0, 0x5, 0x55, 0x52, 0x0,
    0x0, 0x0, 0x0, 0x0, 0x0, 0x0, 0x0, 0xf,
    0xff, 0xf9, 0x0, 0x0, 0x0, 0x0, 0x0, 0x0,
    0x0, 0x0, 0xf, 0xff, 0xf9, 0x0, 0x0, 0x0,
    0x0, 0x0, 0x0, 0x0, 0x0, 0xf, 0xff, 0xf9,
    0x0, 0x0, 0x0, 0x0, 0x0, 0x0, 0x0, 0x3,
    0x6f, 0xff, 0xfb, 0x41, 0x0, 0x0, 0x0, 0x0,
    0x0, 0x18, 0xef, 0xff, 0xff, 0xff, 0xff, 0xc5,
    0x0, 0x0, 0x0, 0x4, 0xff, 0xff, 0xff, 0xff,
    0xff, 0xff, 0xff, 0xc2, 0x0, 0x0, 0x4f, 0xff,
    0xff, 0xff, 0xff, 0xff, 0xff, 0xff, 0xfe, 0x30,
    0x0, 0xef, 0xff, 0xff, 0xff, 0xff, 0xff, 0xff,
    0xff, 0xff, 0x80, 0x6, 0xff, 0xff, 0xfe, 0x68,
    0xff, 0xf5, 0x9f, 0xff, 0xf7, 0x0, 0xb, 0xff,
    0xff, 0xf2, 0x7, 0xff, 0xf1, 0x2, 0xdf, 0x60,
    0x0, 0xd, 0xff, 0xff, 0xb0, 0x7, 0xff, 0xf1,
    0x0, 0x4, 0x0, 0x0, 0xe, 0xff, 0xff, 0xa0,
    0x7, 0xff, 0xf1, 0x0, 0x0, 0x0, 0x0, 0xd,
    0xff, 0xff, 0xe1, 0x7, 0xff, 0xf1, 0x0, 0x0,
    0x0, 0x0, 0x9, 0xff, 0xff, 0xfd, 0x47, 0xff,
    0xf1, 0x0, 0x0, 0x0, 0x0, 0x3, 0xff, 0xff,
    0xff, 0xff, 0xff, 0xf1, 0x0, 0x0, 0x0, 0x0,
    0x0, 0x9f, 0xff, 0xff, 0xff, 0xff, 0xff, 0xa5,
    0x0, 0x0, 0x0, 0x0, 0xb, 0xff, 0xff, 0xff,
    0xff, 0xff, 0xff, 0xe7, 0x0, 0x0, 0x0, 0x0,
    0x6e, 0xff, 0xff, 0xff, 0xff, 0xff, 0xff, 0xd2,
    0x0, 0x0, 0x0, 0x0, 0x6b, 0xff, 0xff, 0xff,
    0xff, 0xff, 0xfe, 0x10, 0x0, 0x0, 0x0, 0x0,
    0x9, 0xff, 0xff, 0xff, 0xff, 0xff, 0x90, 0x0,
    0x0, 0x0, 0x0, 0x7, 0xff, 0xf5, 0xbf, 0xff,
    0xff, 0xf0, 0x0, 0x0, 0x0, 0x0, 0x7, 0xff,
    0xf1, 0xb, 0xff, 0xff, 0xf3, 0x0, 0x0, 0x0,
    0x0, 0x7, 0xff, 0xf1, 0x4, 0xff, 0xff, 0xf5,
    0x0, 0x2, 0x0, 0x0, 0x7, 0xff, 0xf1, 0x3,
    0xff, 0xff, 0xf4, 0x0, 0x3e, 0xc1, 0x0, 0x7,
    0xff, 0xf1, 0x7, 0xff, 0xff, 0xf2, 0x3, 0xff,
    0xfe, 0x60, 0x7, 0xff, 0xf1, 0x3e, 0xff, 0xff,
    0xe0, 0x4f, 0xff, 0xff, 0xfe, 0x9b, 0xff, 0xfa,
    0xff, 0xff, 0xff, 0x70, 0x3e, 0xff, 0xff, 0xff,
    0xff, 0xff, 0xff, 0xff, 0xff, 0xfd, 0x0, 0x2,
    0xdf, 0xff, 0xff, 0xff, 0xff, 0xff, 0xff, 0xff,
    0xe2, 0x0, 0x0, 0x8, 0xff, 0xff, 0xff, 0xff,
    0xff, 0xff, 0xfa, 0x10, 0x0, 0x0, 0x0, 0x17,
    0xcf, 0xff, 0xff, 0xff, 0xd9, 0x30, 0x0, 0x0,
    0x0, 0x0, 0x0, 0x0, 0x2f, 0xff, 0xf9, 0x0,
    0x0, 0x0, 0x0, 0x0, 0x0, 0x0, 0x0, 0xf,
    0xff, 0xf9, 0x0, 0x0, 0x0, 0x0, 0x0, 0x0,
    0x0, 0x0, 0xf, 0xff, 0xf9, 0x0, 0x0, 0x0,
    0x0, 0x0, 0x0, 0x0, 0x0, 0xf, 0xff, 0xf9,
    0x0, 0x0, 0x0, 0x0,

    /* U+0025 "%" */
    0x0, 0x3, 0x9d, 0xff, 0xeb, 0x60, 0x0, 0x0,
    0x0, 0x0, 0x0, 0x0, 0xcf, 0xff, 0xf7, 0x0,
    0x0, 0x0, 0x9, 0xff, 0xff, 0xff, 0xff, 0xd2,
    0x0, 0x0, 0x0, 0x0, 0x0, 0x7f, 0xff, 0xfc,
    0x0, 0x0, 0x0, 0x8, 0xff, 0xff, 0xff, 0xff,
    0xff, 0xe1, 0x0, 0x0, 0x0, 0x0, 0x2f, 0xff,
    0xff, 0x20, 0x0, 0x0, 0x2, 0xff, 0xff, 0xfb,
    0x9e, 0xff, 0xff, 0x80, 0x0, 0x0, 0x0, 0xc,
    0xff, 0xff, 0x70, 0x0, 0x0, 0x0, 0x8f, 0xff,
    0xf9, 0x0, 0x3f, 0xff, 0xff, 0x0, 0x0, 0x0,
    0x7, 0xff, 0xff, 0xc0, 0x0, 0x0, 0x0, 0xc,
    0xff, 0xff, 0x40, 0x0, 0xdf, 0xff, 0xf2, 0x0,
    0x0, 0x2, 0xff, 0xff, 0xf2, 0x0, 0x0, 0x0,
    0x0, 0xef, 0xff, 0xf2, 0x0, 0xb, 0xff, 0xff,
    0x50, 0x0, 0x0, 0xcf, 0xff, 0xf7, 0x0, 0x0,
    0x0, 0x0, 0xf, 0xff, 0xff, 0x20, 0x0, 0xbf,
    0xff, 0xf6, 0x0, 0x0, 0x7f, 0xff, 0xfc, 0x0,
    0x0, 0x0, 0x0, 0x0, 0xff, 0xff, 0xf2, 0x0,
    0xb, 0xff, 0xff, 0x50, 0x0, 0x2f, 0xff, 0xff,
    0x20, 0x0, 0x0, 0x0, 0x0, 0xe, 0xff, 0xff,
    0x30, 0x0, 0xcf, 0xff, 0xf4, 0x0, 0xc, 0xff,
    0xff, 0x70, 0x0, 0x0, 0x0, 0x0, 0x0, 0xaf,
    0xff, 0xf5, 0x0, 0xe, 0xff, 0xff, 0x10, 0x7,
    0xff, 0xff, 0xc0, 0x0, 0x0, 0x0, 0x0, 0x0,
    0x6, 0xff, 0xff, 0xd2, 0x19, 0xff, 0xff, 0xc0,
    0x2, 0xff, 0xff, 0xf2, 0x0, 0x0, 0x0, 0x0,
    0x0, 0x0, 0xe, 0xff, 0xff, 0xff, 0xff, 0xff,
    0xf5, 0x0, 0xcf, 0xff, 0xf7, 0x0, 0x0, 0x0,
    0x0, 0x0, 0x0, 0x0, 0x3f, 0xff, 0xff, 0xff,
    0xff, 0xf9, 0x0, 0x7f, 0xff, 0xfc, 0x0, 0x6,
    0xbe, 0xff, 0xd9, 0x20, 0x0, 0x0, 0x2b, 0xff,
    0xff, 0xff, 0xe6, 0x0, 0x2f, 0xff, 0xff, 0x20,
    0x2d, 0xff, 0xff, 0xff, 0xff, 0x70, 0x0, 0x0,
    0x2, 0x67, 0x86, 0x30, 0x0, 0xc, 0xff, 0xff,
    0x70, 0xe, 0xff, 0xff, 0xff, 0xff, 0xff, 0x70,
    0x0, 0x0, 0x0, 0x0, 0x0, 0x0, 0x8, 0xff,
    0xff, 0xc0, 0x8, 0xff, 0xff, 0xe9, 0xbf, 0xff,
    0xff, 0x10, 0x0, 0x0, 0x0, 0x0, 0x0, 0x3,
    0xff, 0xff, 0xf2, 0x0, 0xef, 0xff, 0xf3, 0x0,
    0xaf, 0xff, 0xf7, 0x0, 0x0, 0x0, 0x0, 0x0,
    0x0, 0xdf, 0xff, 0xf7, 0x0, 0x3f, 0xff, 0xfd,
    0x0, 0x4, 0xff, 0xff, 0xb0, 0x0, 0x0, 0x0,
    0x0, 0x0, 0x8f, 0xff, 0xfc, 0x0, 0x5, 0xff,
    0xff, 0xb0, 0x0, 0x3f, 0xff, 0xfd, 0x0, 0x0,
    0x0, 0x0, 0x0, 0x3f, 0xff, 0xff, 0x20, 0x0,
    0x6f, 0xff, 0xfb, 0x0, 0x2, 0xff, 0xff, 0xe0,
    0x0, 0x0, 0x0, 0x0, 0xd, 0xff, 0xff, 0x70,
    0x0, 0x6, 0xff, 0xff, 0xb0, 0x0, 0x2f, 0xff,
    0xfe, 0x0, 0x0, 0x0, 0x0, 0x8, 0xff, 0xff,
    0xc0, 0x0, 0x0, 0x5f, 0xff, 0xfb, 0x0, 0x3,
    0xff, 0xff, 0xd0, 0x0, 0x0, 0x0, 0x3, 0xff,
    0xff, 0xf2, 0x0, 0x0, 0x3, 0xff, 0xff, 0xd0,
    0x0, 0x4f, 0xff, 0xfb, 0x0, 0x0, 0x0, 0x0,
    0xdf, 0xff, 0xf7, 0x0, 0x0, 0x0, 0xe, 0xff,
    0xff, 0x20, 0xa, 0xff, 0xff, 0x70, 0x0, 0x0,
    0x0, 0x8f, 0xff, 0xfc, 0x0, 0x0, 0x0, 0x0,
    0x8f, 0xff, 0xfe, 0x9b, 0xff, 0xff, 0xf1, 0x0,
    0x0, 0x0, 0x3f, 0xff, 0xff, 0x20, 0x0, 0x0,
    0x0, 0x1, 0xef, 0xff, 0xff, 0xff, 0xff, 0xf7,
    0x0, 0x0, 0x0, 0xd, 0xff, 0xff, 0x60, 0x0,
    0x0, 0x0, 0x0, 0x2, 0xdf, 0xff, 0xff, 0xff,
    0xf8, 0x0, 0x0, 0x0, 0x8, 0xff, 0xff, 0xc0,
    0x0, 0x0, 0x0, 0x0, 0x0, 0x0, 0x6b, 0xef,
    0xfd, 0x92, 0x0, 0x0,

    /* U+0026 "&" */
    0x0, 0x0, 0x0, 0x17, 0xbe, 0xff, 0xea, 0x60,
    0x0, 0x0, 0x0, 0x0, 0x0, 0x0, 0x0, 0x0,
    0x8f, 0xff, 0xff, 0xff, 0xff, 0xe5, 0x0, 0x0,
    0x0, 0x0, 0x0, 0x0, 0x0, 0xcf, 0xff, 0xff,
    0xff, 0xff, 0xff, 0xf6, 0x0, 0x0, 0x0, 0x0,
    0x0, 0x0, 0x9f, 0xff, 0xff, 0xff, 0xff, 0xff,
    0xff, 0xf2, 0x0, 0x0, 0x0, 0x0, 0x0, 0x1f,
    0xff, 0xff, 0xfd, 0xac, 0xff, 0xff, 0xff, 0x80,
    0x0, 0x0, 0x0, 0x0, 0x6, 0xff, 0xff, 0xfa,
    0x0, 0x5, 0xff, 0xff, 0xfc, 0x0, 0x0, 0x0,
    0x0, 0x0, 0x7f, 0xff, 0xff, 0x30, 0x0, 0xd,
    0xff, 0xff, 0xd0, 0x0, 0x0, 0x0, 0x0, 0x6,
    0xff, 0xff, 0xf3, 0x0, 0x0, 0xdf, 0xff, 0xfc,
    0x0, 0x0, 0x0, 0x0, 0x0, 0x3f, 0xff, 0xff,
    0x90, 0x0, 0x2f, 0xff, 0xff, 0x80, 0x0, 0x0,
    0x0, 0x0, 0x0, 0xdf, 0xff, 0xff, 0x50, 0x1d,
    0xff, 0xff, 0xf1, 0x0, 0x0, 0x0, 0x0, 0x0,
    0x6, 0xff, 0xff, 0xff, 0x7e, 0xff, 0xff, 0xf6,
    0x0, 0x0, 0x0, 0x0, 0x0, 0x0, 0xc, 0xff,
    0xff, 0xff, 0xff, 0xff, 0xf8, 0x0, 0x0, 0x0,
    0x0, 0x0, 0x0, 0x0, 0x2e, 0xff, 0xff, 0xff,
    0xff, 0xf6, 0x0, 0x0, 0x0, 0x0, 0x0, 0x0,
    0x0, 0x1, 0xbf, 0xff, 0xff, 0xff, 0xc2, 0x0,
    0x4, 0xff, 0xff, 0xff, 0x70, 0x0, 0x4, 0xef,
    0xff, 0xff, 0xff, 0xfd, 0x0, 0x0, 0x6f, 0xff,
    0xff, 0xf7, 0x0, 0x7, 0xff, 0xff, 0xff, 0xff,
    0xff, 0xfc, 0x0, 0x8, 0xff, 0xff, 0xff, 0x70,
    0x6, 0xff, 0xff, 0xff, 0xbf, 0xff, 0xff, 0xfb,
    0x0, 0xcf, 0xff, 0xff, 0xf7, 0x1, 0xff, 0xff,
    0xff, 0x40, 0x9f, 0xff, 0xff, 0xf9, 0xf, 0xff,
    0xff, 0xff, 0x70, 0x8f, 0xff, 0xff, 0x70, 0x0,
    0xaf, 0xff, 0xff, 0xfc, 0xff, 0xff, 0xc0, 0x0,
    0xd, 0xff, 0xff, 0xf1, 0x0, 0x0, 0xbf, 0xff,
    0xff, 0xff, 0xff, 0xf7, 0x0, 0x0, 0xff, 0xff,
    0xff, 0x0, 0x0, 0x0, 0xcf, 0xff, 0xff, 0xff,
    0xff, 0x10, 0x0, 0xf, 0xff, 0xff, 0xf3, 0x0,
    0x0, 0x0, 0xcf, 0xff, 0xff, 0xff, 0x90, 0x0,
    0x0, 0xdf, 0xff, 0xff, 0xb0, 0x0, 0x0, 0x1,
    0xdf, 0xff, 0xff, 0xf5, 0x0, 0x0, 0xa, 0xff,
    0xff, 0xff, 0xb4, 0x10, 0x14, 0xaf, 0xff, 0xff,
    0xff, 0xe2, 0x0, 0x0, 0x3f, 0xff, 0xff, 0xff,
    0xff, 0xff, 0xff, 0xff, 0xff, 0xff, 0xff, 0xd1,
    0x0, 0x0, 0xaf, 0xff, 0xff, 0xff, 0xff, 0xff,
    0xff, 0xff, 0xff, 0xff, 0xff, 0xb0, 0x0, 0x0,
    0xcf, 0xff, 0xff, 0xff, 0xff, 0xff, 0xff, 0xfd,
    0xff, 0xff, 0xff, 0x90, 0x0, 0x0, 0x8f, 0xff,
    0xff, 0xff, 0xff, 0xff, 0xd5, 0xb, 0xff, 0xff,
    0xff, 0x70, 0x0, 0x0, 0x16, 0xad, 0xef, 0xfe,
    0xc9, 0x40, 0x0, 0xd, 0xff, 0xff, 0xff, 0x40,

    /* U+0027 "'" */
    0x4f, 0xff, 0xff, 0x4f, 0xff, 0xff, 0x4f, 0xff,
    0xff, 0x4f, 0xff, 0xff, 0x4f, 0xff, 0xff, 0x4f,
    0xff, 0xff, 0x4f, 0xff, 0xff, 0x4f, 0xff, 0xff,
    0x4f, 0xff, 0xff, 0x4f, 0xff, 0xff, 0x4f, 0xff,
    0xff, 0x4f, 0xff, 0xff, 0x4f, 0xff, 0xff, 0x15,
    0x55, 0x55,

    /* U+0028 "(" */
    0x0, 0x0, 0x0, 0xa, 0xcc, 0xcc, 0x80, 0x0,
    0x0, 0x0, 0xbf, 0xff, 0xfc, 0x0, 0x0, 0x0,
    0x9, 0xff, 0xff, 0xe1, 0x0, 0x0, 0x0, 0x4f,
    0xff, 0xff, 0x30, 0x0, 0x0, 0x0, 0xdf, 0xff,
    0xf9, 0x0, 0x0, 0x0, 0x7, 0xff, 0xff, 0xe1,
    0x0, 0x0, 0x0, 0xe, 0xff, 0xff, 0x70, 0x0,
    0x0, 0x0, 0x6f, 0xff, 0xff, 0x0, 0x0, 0x0,
    0x0, 0xcf, 0xff, 0xf9, 0x0, 0x0, 0x0, 0x1,
    0xff, 0xff, 0xf3, 0x0, 0x0, 0x0, 0x6, 0xff,
    0xff, 0xf0, 0x0, 0x0, 0x0, 0xa, 0xff, 0xff,
    0xb0, 0x0, 0x0, 0x0, 0xe, 0xff, 0xff, 0x70,
    0x0, 0x0, 0x0, 0x1f, 0xff, 0xff, 0x50, 0x0,
    0x0, 0x0, 0x3f, 0xff, 0xff, 0x30, 0x0, 0x0,
    0x0, 0x5f, 0xff, 0xff, 0x20, 0x0, 0x0, 0x0,
    0x6f, 0xff, 0xff, 0x10, 0x0, 0x0, 0x0, 0x7f,
    0xff, 0xff, 0x10, 0x0, 0x0, 0x0, 0x8f, 0xff,
    0xff, 0x10, 0x0, 0x0, 0x0, 0x7f, 0xff, 0xff,
    0x10, 0x0, 0x0, 0x0, 0x6f, 0xff, 0xff, 0x10,
    0x0, 0x0, 0x0, 0x5f, 0xff, 0xff, 0x20, 0x0,
    0x0, 0x0, 0x3f, 0xff, 0xff, 0x30, 0x0, 0x0,
    0x0, 0x1f, 0xff, 0xff, 0x40, 0x0, 0x0, 0x0,
    0xe, 0xff, 0xff, 0x70, 0x0, 0x0, 0x0, 0xb,
    0xff, 0xff, 0xa0, 0x0, 0x0, 0x0, 0x7, 0xff,
    0xff, 0xd0, 0x0, 0x0, 0x0, 0x2, 0xff, 0xff,
    0xf2, 0x0, 0x0, 0x0, 0x0, 0xdf, 0xff, 0xf7,
    0x0, 0x0, 0x0, 0x0, 0x7f, 0xff, 0xfd, 0x0,
    0x0, 0x0, 0x0, 0x1f, 0xff, 0xff, 0x50, 0x0,
    0x0, 0x0, 0x9, 0xff, 0xff, 0xd0, 0x0, 0x0,
    0x0, 0x1, 0xff, 0xff, 0xf6, 0x0, 0x0, 0x0,
    0x0, 0x7f, 0xff, 0xff, 0x10, 0x0, 0x0, 0x0,
    0xb, 0xff, 0xff, 0xc0, 0x0, 0x0, 0x0, 0x1,
    0xef, 0xff, 0xf9, 0x0, 0x0, 0x0, 0x0, 0x2e,
    0xff, 0xff, 0x90,

    /* U+0029 ")" */
    0x2c, 0xcc, 0xcc, 0x50, 0x0, 0x0, 0x0, 0x5,
    0xff, 0xff, 0xf4, 0x0, 0x0, 0x0, 0x0, 0x7f,
    0xff, 0xff, 0x20, 0x0, 0x0, 0x0, 0xb, 0xff,
    0xff, 0xc0, 0x0, 0x0, 0x0, 0x1, 0xff, 0xff,
    0xf6, 0x0, 0x0, 0x0, 0x0, 0x7f, 0xff, 0xfe,
    0x10, 0x0, 0x0, 0x0, 0xe, 0xff, 0xff, 0x70,
    0x0, 0x0, 0x0, 0x7, 0xff, 0xff, 0xe0, 0x0,
    0x0, 0x0, 0x1, 0xff, 0xff, 0xf4, 0x0, 0x0,
    0x0, 0x0, 0xbf, 0xff, 0xf9, 0x0, 0x0, 0x0,
    0x0, 0x7f, 0xff, 0xfe, 0x0, 0x0, 0x0, 0x0,
    0x3f, 0xff, 0xff, 0x20, 0x0, 0x0, 0x0, 0xf,
    0xff, 0xff, 0x60, 0x0, 0x0, 0x0, 0xd, 0xff,
    0xff, 0x90, 0x0, 0x0, 0x0, 0xb, 0xff, 0xff,
    0xb0, 0x0, 0x0, 0x0, 0xa, 0xff, 0xff, 0xe0,
    0x0, 0x0, 0x0, 0x9, 0xff, 0xff, 0xf0, 0x0,
    0x0, 0x0, 0x9, 0xff, 0xff, 0xf0, 0x0, 0x0,
    0x0, 0x9, 0xff, 0xff, 0xf0, 0x0, 0x0, 0x0,
    0x9, 0xff, 0xff, 0xf0, 0x0, 0x0, 0x0, 0x9,
    0xff, 0xff, 0xf0, 0x0, 0x0, 0x0, 0xa, 0xff,
    0xff, 0xe0, 0x0, 0x0, 0x0, 0xa, 0xff, 0xff,
    0xc0, 0x0, 0x0, 0x0, 0xc, 0xff, 0xff, 0x90,
    0x0, 0x0, 0x0, 0xe, 0xff, 0xff, 0x70, 0x0,
    0x0, 0x0, 0x1f, 0xff, 0xff, 0x30, 0x0, 0x0,
    0x0, 0x5f, 0xff, 0xff, 0x0, 0x0, 0x0, 0x0,
    0x9f, 0xff, 0xfa, 0x0, 0x0, 0x0, 0x0, 0xff,
    0xff, 0xf5, 0x0, 0x0, 0x0, 0x5, 0xff, 0xff,
    0xf0, 0x0, 0x0, 0x0, 0xc, 0xff, 0xff, 0x80,
    0x0, 0x0, 0x0, 0x5f, 0xff, 0xff, 0x10, 0x0,
    0x0, 0x0, 0xdf, 0xff, 0xf8, 0x0, 0x0, 0x0,
    0x8, 0xff, 0xff, 0xe0, 0x0, 0x0, 0x0, 0x4f,
    0xff, 0xff, 0x40, 0x0, 0x0, 0x2, 0xef, 0xff,
    0xf7, 0x0, 0x0, 0x0, 0x2e, 0xff, 0xff, 0x80,
    0x0, 0x0, 0x0,

    /* U+002A "*" */
    0x0, 0x0, 0x0, 0x0, 0x8f, 0xff, 0xf9, 0x0,
    0x0, 0x0, 0x0, 0x0, 0x0, 0x0, 0x0, 0x7f,
    0xff, 0xf8, 0x0, 0x0, 0x0, 0x0, 0x0, 0x0,
    0x0, 0x0, 0x7f, 0xff, 0xf7, 0x0, 0x0, 0x0,
    0x0, 0x0, 0x0, 0x0, 0x0, 0x6f, 0xff, 0xf6,
    0x0, 0x0, 0x0, 0x0, 0x0, 0x0, 0x0, 0x0,
    0x5f, 0xff, 0xf6, 0x0, 0x0, 0x0, 0x0, 0x6,
    0xe8, 0x10, 0x0, 0x4f, 0xff, 0xf5, 0x0, 0x1,
    0x7e, 0x70, 0xb, 0xff, 0xfa, 0x30, 0x4f, 0xff,
    0xf4, 0x3, 0x9f, 0xff, 0xc0, 0x1f, 0xff, 0xff,
    0xfc, 0x8f, 0xff, 0xf8, 0xcf, 0xff, 0xff, 0xf1,
    0x6f, 0xff, 0xff, 0xff, 0xff, 0xff, 0xff, 0xff,
    0xff, 0xff, 0xf7, 0x5d, 0xff, 0xff, 0xff, 0xff,
    0xff, 0xff, 0xff, 0xff, 0xff, 0xd6, 0x0, 0x27,
    0xcf, 0xff, 0xff, 0xff, 0xff, 0xff, 0xfc, 0x72,
    0x0, 0x0, 0x0, 0x1, 0x6c, 0xff, 0xff, 0xff,
    0xd6, 0x10, 0x0, 0x0, 0x0, 0x0, 0x0, 0x1e,
    0xff, 0xff, 0xff, 0xe2, 0x0, 0x0, 0x0, 0x0,
    0x0, 0x0, 0xcf, 0xff, 0xff, 0xff, 0xfd, 0x0,
    0x0, 0x0, 0x0, 0x0, 0xa, 0xff, 0xff, 0xcc,
    0xff, 0xff, 0xa0, 0x0, 0x0, 0x0, 0x0, 0x7f,
    0xff, 0xff, 0x22, 0xff, 0xff, 0xf7, 0x0, 0x0,
    0x0, 0x4, 0xff, 0xff, 0xf7, 0x0, 0x7f, 0xff,
    0xff, 0x40, 0x0, 0x0, 0x2f, 0xff, 0xff, 0xd0,
    0x0, 0xd, 0xff, 0xff, 0xf2, 0x0, 0x0, 0x1a,
    0xff, 0xff, 0x30, 0x0, 0x3, 0xff, 0xff, 0xa1,
    0x0, 0x0, 0x0, 0x5e, 0xf8, 0x0, 0x0, 0x0,
    0x8f, 0xe5, 0x0, 0x0, 0x0, 0x0, 0x1, 0x90,
    0x0, 0x0, 0x0, 0x9, 0x10, 0x0, 0x0,

    /* U+002B "+" */
    0x0, 0x0, 0x0, 0x8, 0xee, 0xee, 0x80, 0x0,
    0x0, 0x0, 0x0, 0x0, 0x0, 0x9, 0xff, 0xff,
    0x90, 0x0, 0x0, 0x0, 0x0, 0x0, 0x0, 0x9,
    0xff, 0xff, 0x90, 0x0, 0x0, 0x0, 0x0, 0x0,
    0x0, 0x9, 0xff, 0xff, 0x90, 0x0, 0x0, 0x0,
    0x0, 0x0, 0x0, 0x9, 0xff, 0xff, 0x90, 0x0,
    0x0, 0x0, 0x0, 0x0, 0x0, 0x9, 0xff, 0xff,
    0x90, 0x0, 0x0, 0x0, 0x0, 0x0, 0x0, 0x9,
    0xff, 0xff, 0x90, 0x0, 0x0, 0x0, 0x0, 0x0,
    0x0, 0x9, 0xff, 0xff, 0x90, 0x0, 0x0, 0x0,
    0x5f, 0xff, 0xff, 0xff, 0xff, 0xff, 0xff, 0xff,
    0xff, 0xf5, 0x5f, 0xff, 0xff, 0xff, 0xff, 0xff,
    0xff, 0xff, 0xff, 0xf5, 0x5f, 0xff, 0xff, 0xff,
    0xff, 0xff, 0xff, 0xff, 0xff, 0xf5, 0x5f, 0xff,
    0xff, 0xff, 0xff, 0xff, 0xff, 0xff, 0xff, 0xf5,
    0x4d, 0xdd, 0xdd, 0xde, 0xff, 0xff, 0xed, 0xdd,
    0xdd, 0xd4, 0x0, 0x0, 0x0, 0x9, 0xff, 0xff,
    0x90, 0x0, 0x0, 0x0, 0x0, 0x0, 0x0, 0x9,
    0xff, 0xff, 0x90, 0x0, 0x0, 0x0, 0x0, 0x0,
    0x0, 0x9, 0xff, 0xff, 0x90, 0x0, 0x0, 0x0,
    0x0, 0x0, 0x0, 0x9, 0xff, 0xff, 0x90, 0x0,
    0x0, 0x0, 0x0, 0x0, 0x0, 0x9, 0xff, 0xff,
    0x90, 0x0, 0x0, 0x0, 0x0, 0x0, 0x0, 0x9,
    0xff, 0xff, 0x90, 0x0, 0x0, 0x0, 0x0, 0x0,
    0x0, 0x9, 0xff, 0xff, 0x90, 0x0, 0x0, 0x0,

    /* U+002C "," */
    0x0, 0x19, 0xde, 0xb3, 0x0, 0xc, 0xff, 0xff,
    0xf3, 0x2, 0xff, 0xff, 0xff, 0x90, 0x4f, 0xff,
    0xff, 0xfb, 0x4, 0xff, 0xff, 0xff, 0xb0, 0x1f,
    0xff, 0xff, 0xf9, 0x0, 0x5f, 0xff, 0xff, 0x60,
    0x0, 0x1d, 0xff, 0xf2, 0x0, 0x2, 0xff, 0xfc,
    0x0, 0x0, 0xaf, 0xff, 0x40, 0x0, 0x5f, 0xff,
    0xa0, 0x0, 0x2f, 0xff, 0xd1, 0x0, 0x2e, 0xff,
    0xd1, 0x0, 0x0,

    /* U+002D "-" */
    0xce, 0xee, 0xee, 0xee, 0xee, 0xee, 0xef, 0xff,
    0xff, 0xff, 0xff, 0xff, 0xef, 0xff, 0xff, 0xff,
    0xff, 0xff, 0xef, 0xff, 0xff, 0xff, 0xff, 0xff,
    0xef, 0xff, 0xff, 0xff, 0xff, 0xff, 0xef, 0xff,
    0xff, 0xff, 0xff, 0xff,

    /* U+002E "." */
    0x0, 0x14, 0x52, 0x0, 0x5, 0xff, 0xff, 0xa0,
    0xf, 0xff, 0xff, 0xf6, 0x3f, 0xff, 0xff, 0xfa,
    0x4f, 0xff, 0xff, 0xfb, 0x3f, 0xff, 0xff, 0xf9,
    0xc, 0xff, 0xff, 0xf3, 0x1, 0xae, 0xfc, 0x40,

    /* U+002F "/" */
    0x0, 0x0, 0x0, 0x0, 0x0, 0x1, 0xff, 0xff,
    0xc0, 0x0, 0x0, 0x0, 0x0, 0x0, 0x7f, 0xff,
    0xf6, 0x0, 0x0, 0x0, 0x0, 0x0, 0xc, 0xff,
    0xff, 0x10, 0x0, 0x0, 0x0, 0x0, 0x1, 0xff,
    0xff, 0xc0, 0x0, 0x0, 0x0, 0x0, 0x0, 0x6f,
    0xff, 0xf7, 0x0, 0x0, 0x0, 0x0, 0x0, 0xc,
    0xff, 0xff, 0x20, 0x0, 0x0, 0x0, 0x0, 0x1,
    0xff, 0xff, 0xc0, 0x0, 0x0, 0x0, 0x0, 0x0,
    0x6f, 0xff, 0xf7, 0x0, 0x0, 0x0, 0x0, 0x0,
    0xb, 0xff, 0xff, 0x20, 0x0, 0x0, 0x0, 0x0,
    0x1, 0xff, 0xff, 0xd0, 0x0, 0x0, 0x0, 0x0,
    0x0, 0x6f, 0xff, 0xf7, 0x0, 0x0, 0x0, 0x0,
    0x0, 0xb, 0xff, 0xff, 0x20, 0x0, 0x0, 0x0,
    0x0, 0x0, 0xff, 0xff, 0xd0, 0x0, 0x0, 0x0,
    0x0, 0x0, 0x5f, 0xff, 0xf8, 0x0, 0x0, 0x0,
    0x0, 0x0, 0xb, 0xff, 0xff, 0x20, 0x0, 0x0,
    0x0, 0x0, 0x0, 0xff, 0xff, 0xd0, 0x0, 0x0,
    0x0, 0x0, 0x0, 0x5f, 0xff, 0xf8, 0x0, 0x0,
    0x0, 0x0, 0x0, 0xa, 0xff, 0xff, 0x30, 0x0,
    0x0, 0x0, 0x0, 0x0, 0xff, 0xff, 0xe0, 0x0,
    0x0, 0x0, 0x0, 0x0, 0x5f, 0xff, 0xf8, 0x0,
    0x0, 0x0, 0x0, 0x0, 0xa, 0xff, 0xff, 0x30,
    0x0, 0x0, 0x0, 0x0, 0x0, 0xff, 0xff, 0xe0,
    0x0, 0x0, 0x0, 0x0, 0x0, 0x4f, 0xff, 0xf9,
    0x0, 0x0, 0x0, 0x0, 0x0, 0xa, 0xff, 0xff,
    0x30, 0x0, 0x0, 0x0, 0x0, 0x0, 0xef, 0xff,
    0xe0, 0x0, 0x0, 0x0, 0x0, 0x0, 0x4f, 0xff,
    0xf9, 0x0, 0x0, 0x0, 0x0, 0x0, 0x9, 0xff,
    0xff, 0x40, 0x0, 0x0, 0x0, 0x0, 0x0, 0xef,
    0xff, 0xe0, 0x0, 0x0, 0x0, 0x0, 0x0, 0x4f,
    0xff, 0xf9, 0x0, 0x0, 0x0, 0x0, 0x0, 0x9,
    0xff, 0xff, 0x40, 0x0, 0x0, 0x0, 0x0, 0x0,
    0xef, 0xff, 0xe0, 0x0, 0x0, 0x0, 0x0, 0x0,
    0x3f, 0xff, 0xfa, 0x0, 0x0, 0x0, 0x0, 0x0,
    0x9, 0xff, 0xff, 0x40, 0x0, 0x0, 0x0, 0x0,
    0x0, 0xef, 0xff, 0xf0, 0x0, 0x0, 0x0, 0x0,
    0x0, 0x3f, 0xff, 0xfa, 0x0, 0x0, 0x0, 0x0,
    0x0, 0x8, 0xff, 0xff, 0x50, 0x0, 0x0, 0x0,
    0x0, 0x0, 0x68, 0x88, 0x80, 0x0, 0x0, 0x0,
    0x0, 0x0, 0x0,

    /* U+0030 "0" */
    0x0, 0x0, 0x0, 0x27, 0xbd, 0xff, 0xdb, 0x72,
    0x0, 0x0, 0x0, 0x0, 0x0, 0x9, 0xff, 0xff,
    0xff, 0xff, 0xff, 0x90, 0x0, 0x0, 0x0, 0x1,
    0xdf, 0xff, 0xff, 0xff, 0xff, 0xff, 0xfd, 0x10,
    0x0, 0x0, 0xc, 0xff, 0xff, 0xff, 0xff, 0xff,
    0xff, 0xff, 0xc0, 0x0, 0x0, 0x7f, 0xff, 0xff,
    0xff, 0xff, 0xff, 0xff, 0xff, 0xf7, 0x0, 0x1,
    0xff, 0xff, 0xff, 0xe7, 0x44, 0x7e, 0xff, 0xff,
    0xff, 0x10, 0x7, 0xff, 0xff, 0xfe, 0x10, 0x0,
    0x1, 0xef, 0xff, 0xff, 0x70, 0xc, 0xff, 0xff,
    0xf7, 0x0, 0x0, 0x0, 0x7f, 0xff, 0xff, 0xc0,
    0x1f, 0xff, 0xff, 0xf2, 0x0, 0x0, 0x0, 0x2f,
    0xff, 0xff, 0xf1, 0x4f, 0xff, 0xff, 0xe0, 0x0,
    0x0, 0x0, 0xf, 0xff, 0xff, 0xf4, 0x7f, 0xff,
    0xff, 0xd0, 0x0, 0x0, 0x0, 0xd, 0xff, 0xff,
    0xf7, 0x9f, 0xff, 0xff, 0xc0, 0x0, 0x0, 0x0,
    0xc, 0xff, 0xff, 0xf9, 0xaf, 0xff, 0xff, 0xc0,
    0x0, 0x0, 0x0, 0xc, 0xff, 0xff, 0xfa, 0xbf,
    0xff, 0xff, 0xc0, 0x0, 0x0, 0x0, 0xc, 0xff,
    0xff, 0xfb, 0xcf, 0xff, 0xff, 0xc0, 0x0, 0x0,
    0x0, 0xc, 0xff, 0xff, 0xfc, 0xbf, 0xff, 0xff,
    0xc0, 0x0, 0x0, 0x0, 0xc, 0xff, 0xff, 0xfb,
    0xaf, 0xff, 0xff, 0xc0, 0x0, 0x0, 0x0, 0xc,
    0xff, 0xff, 0xfa, 0x9f, 0xff, 0xff, 0xc0, 0x0,
    0x0, 0x0, 0xc, 0xff, 0xff, 0xf9, 0x7f, 0xff,
    0xff, 0xd0, 0x0, 0x0, 0x0, 0xd, 0xff, 0xff,
    0xf7, 0x4f, 0xff, 0xff, 0xe0, 0x0, 0x0, 0x0,
    0xf, 0xff, 0xff, 0xf4, 0x1f, 0xff, 0xff, 0xf1,
    0x0, 0x0, 0x0, 0x2f, 0xff, 0xff, 0xf1, 0xc,
    0xff, 0xff, 0xf7, 0x0, 0x0, 0x0, 0x7f, 0xff,
    0xff, 0xc0, 0x7, 0xff, 0xff, 0xfe, 0x10, 0x0,
    0x1, 0xef, 0xff, 0xff, 0x70, 0x1, 0xff, 0xff,
    0xff, 0xe6, 0x33, 0x6e, 0xff, 0xff, 0xff, 0x10,
    0x0, 0x8f, 0xff, 0xff, 0xff, 0xff, 0xff, 0xff,
    0xff, 0xf8, 0x0, 0x0, 0xc, 0xff, 0xff, 0xff,
    0xff, 0xff, 0xff, 0xff, 0xc0, 0x0, 0x0, 0x1,
    0xdf, 0xff, 0xff, 0xff, 0xff, 0xff, 0xfd, 0x10,
    0x0, 0x0, 0x0, 0x9, 0xff, 0xff, 0xff, 0xff,
    0xff, 0x90, 0x0, 0x0, 0x0, 0x0, 0x0, 0x27,
    0xbd, 0xff, 0xdb, 0x72, 0x0, 0x0, 0x0,

    /* U+0031 "1" */
    0x0, 0x0, 0x0, 0x4f, 0xff, 0xff, 0xff, 0xff,
    0x40, 0x0, 0x0, 0x0, 0x0, 0x0, 0x1e, 0xff,
    0xff, 0xff, 0xff, 0xf4, 0x0, 0x0, 0x0, 0x0,
    0x0, 0xb, 0xff, 0xff, 0xff, 0xff, 0xff, 0x40,
    0x0, 0x0, 0x0, 0x0, 0x7, 0xff, 0xff, 0xff,
    0xff, 0xff, 0xf4, 0x0, 0x0, 0x0, 0x0, 0x3,
    0xff, 0xff, 0xfd, 0xdf, 0xff, 0xff, 0x40, 0x0,
    0x0, 0x0, 0x1, 0xef, 0xff, 0xff, 0x3b, 0xff,
    0xff, 0xf4, 0x0, 0x0, 0x0, 0x0, 0xaf, 0xff,
    0xff, 0x60, 0xbf, 0xff, 0xff, 0x40, 0x0, 0x0,
    0x0, 0x6f, 0xff, 0xff, 0xb0, 0xb, 0xff, 0xff,
    0xf4, 0x0, 0x0, 0x0, 0x2f, 0xff, 0xff, 0xe1,
    0x0, 0xbf, 0xff, 0xff, 0x40, 0x0, 0x0, 0x3,
    0xef, 0xff, 0xf4, 0x0, 0xb, 0xff, 0xff, 0xf4,
    0x0, 0x0, 0x0, 0x1, 0xcf, 0xf8, 0x0, 0x0,
    0xbf, 0xff, 0xff, 0x40, 0x0, 0x0, 0x0, 0x0,
    0xac, 0x0, 0x0, 0xb, 0xff, 0xff, 0xf4, 0x0,
    0x0, 0x0, 0x0, 0x0, 0x0, 0x0, 0x0, 0xbf,
    0xff, 0xff, 0x40, 0x0, 0x0, 0x0, 0x0, 0x0,
    0x0, 0x0, 0xb, 0xff, 0xff, 0xf4, 0x0, 0x0,
    0x0, 0x0, 0x0, 0x0, 0x0, 0x0, 0xbf, 0xff,
    0xff, 0x40, 0x0, 0x0, 0x0, 0x0, 0x0, 0x0,
    0x0, 0xb, 0xff, 0xff, 0xf4, 0x0, 0x0, 0x0,
    0x0, 0x0, 0x0, 0x0, 0x0, 0xbf, 0xff, 0xff,
    0x40, 0x0, 0x0, 0x0, 0x0, 0x0, 0x0, 0x0,
    0xb, 0xff, 0xff, 0xf4, 0x0, 0x0, 0x0, 0x0,
    0x0, 0x0, 0x0, 0x0, 0xbf, 0xff, 0xff, 0x40,
    0x0, 0x0, 0x0, 0x0, 0x0, 0x0, 0x0, 0xb,
    0xff, 0xff, 0xf4, 0x0, 0x0, 0x0, 0x0, 0x0,
    0x0, 0x0, 0x0, 0xbf, 0xff, 0xff, 0x40, 0x0,
    0x0, 0x0, 0x0, 0x0, 0x0, 0x0, 0xb, 0xff,
    0xff, 0xf4, 0x0, 0x0, 0x0, 0x0, 0x0, 0x0,
    0x0, 0x0, 0xbf, 0xff, 0xff, 0x40, 0x0, 0x0,
    0x0, 0x0, 0x0, 0x0, 0x0, 0xb, 0xff, 0xff,
    0xf4, 0x0, 0x0, 0x0, 0x0, 0x3f, 0xff, 0xff,
    0xff, 0xff, 0xff, 0xff, 0xff, 0xff, 0xff, 0x30,
    0x3, 0xff, 0xff, 0xff, 0xff, 0xff, 0xff, 0xff,
    0xff, 0xff, 0xf3, 0x0, 0x3f, 0xff, 0xff, 0xff,
    0xff, 0xff, 0xff, 0xff, 0xff, 0xff, 0x30, 0x3,
    0xff, 0xff, 0xff, 0xff, 0xff, 0xff, 0xff, 0xff,
    0xff, 0xf3, 0x0, 0x3f, 0xff, 0xff, 0xff, 0xff,
    0xff, 0xff, 0xff, 0xff, 0xff, 0x30,

    /* U+0032 "2" */
    0x0, 0x0, 0x0, 0x28, 0xce, 0xff, 0xeb, 0x71,
    0x0, 0x0, 0x0, 0x0, 0x0, 0x2b, 0xff, 0xff,
    0xff, 0xff, 0xff, 0x90, 0x0, 0x0, 0x0, 0x4,
    0xff, 0xff, 0xff, 0xff, 0xff, 0xff, 0xfd, 0x10,
    0x0, 0x0, 0x4f, 0xff, 0xff, 0xff, 0xff, 0xff,
    0xff, 0xff, 0xd0, 0x0, 0x1, 0xef, 0xff, 0xff,
    0xff, 0xff, 0xff, 0xff, 0xff, 0xf7, 0x0, 0x8,
    0xff, 0xff, 0xff, 0xc6, 0x58, 0xef, 0xff, 0xff,
    0xfe, 0x0, 0xf, 0xff, 0xff, 0xf7, 0x0, 0x0,
    0xc, 0xff, 0xff, 0xff, 0x30, 0x19, 0xff, 0xff,
    0xb0, 0x0, 0x0, 0x2, 0xff, 0xff, 0xff, 0x60,
    0x0, 0x6, 0xcf, 0x30, 0x0, 0x0, 0x0, 0xff,
    0xff, 0xff, 0x70, 0x0, 0x0, 0x2, 0x0, 0x0,
    0x0, 0x0, 0xff, 0xff, 0xff, 0x60, 0x0, 0x0,
    0x0, 0x0, 0x0, 0x0, 0x1, 0xff, 0xff, 0xff,
    0x40, 0x0, 0x0, 0x0, 0x0, 0x0, 0x0, 0x6,
    0xff, 0xff, 0xff, 0x0, 0x0, 0x0, 0x0, 0x0,
    0x0, 0x0, 0xe, 0xff, 0xff, 0xf9, 0x0, 0x0,
    0x0, 0x0, 0x0, 0x0, 0x0, 0xaf, 0xff, 0xff,
    0xf1, 0x0, 0x0, 0x0, 0x0, 0x0, 0x0, 0x9,
    0xff, 0xff, 0xff, 0x60, 0x0, 0x0, 0x0, 0x0,
    0x0, 0x0, 0xaf, 0xff, 0xff, 0xf9, 0x0, 0x0,
    0x0, 0x0, 0x0, 0x0, 0x1c, 0xff, 0xff, 0xff,
    0xa0, 0x0, 0x0, 0x0, 0x0, 0x0, 0x2, 0xdf,
    0xff, 0xff, 0xf9, 0x0, 0x0, 0x0, 0x0, 0x0,
    0x0, 0x3e, 0xff, 0xff, 0xff, 0x70, 0x0, 0x0,
    0x0, 0x0, 0x0, 0x4, 0xff, 0xff, 0xff, 0xf4,
    0x0, 0x0, 0x0, 0x0, 0x0, 0x0, 0x6f, 0xff,
    0xff, 0xfd, 0x20, 0x0, 0x0, 0x0, 0x0, 0x0,
    0x8, 0xff, 0xff, 0xff, 0xb0, 0x0, 0x0, 0x0,
    0x0, 0x0, 0x0, 0xaf, 0xff, 0xff, 0xf8, 0x0,
    0x0, 0x0, 0x0, 0x0, 0x0, 0xa, 0xff, 0xff,
    0xff, 0x72, 0x22, 0x22, 0x22, 0x22, 0x22, 0x20,
    0xb, 0xff, 0xff, 0xff, 0xff, 0xff, 0xff, 0xff,
    0xff, 0xff, 0xf0, 0xb, 0xff, 0xff, 0xff, 0xff,
    0xff, 0xff, 0xff, 0xff, 0xff, 0xf0, 0xb, 0xff,
    0xff, 0xff, 0xff, 0xff, 0xff, 0xff, 0xff, 0xff,
    0xf0, 0xb, 0xff, 0xff, 0xff, 0xff, 0xff, 0xff,
    0xff, 0xff, 0xff, 0xf0, 0xb, 0xff, 0xff, 0xff,
    0xff, 0xff, 0xff, 0xff, 0xff, 0xff, 0xf0,

    /* U+0033 "3" */
    0x0, 0x0, 0x0, 0x28, 0xbe, 0xff, 0xed, 0xa6,
    0x10, 0x0, 0x0, 0x0, 0x0, 0x1b, 0xff, 0xff,
    0xff, 0xff, 0xff, 0xf8, 0x0, 0x0, 0x0, 0x4,
    0xef, 0xff, 0xff, 0xff, 0xff, 0xff, 0xff, 0xd2,
    0x0, 0x0, 0x4f, 0xff, 0xff, 0xff, 0xff, 0xff,
    0xff, 0xff, 0xfd, 0x0, 0x2, 0xff, 0xff, 0xff,
    0xff, 0xff, 0xff, 0xff, 0xff, 0xff, 0x70, 0x0,
    0x9f, 0xff, 0xfe, 0x83, 0x1, 0x3b, 0xff, 0xff,
    0xff, 0xd0, 0x0, 0x7, 0xff, 0xb1, 0x0, 0x0,
    0x0, 0xbf, 0xff, 0xff, 0xf0, 0x0, 0x0, 0x5b,
    0x0, 0x0, 0x0, 0x0, 0x5f, 0xff, 0xff, 0xf0,
    0x0, 0x0, 0x0, 0x0, 0x0, 0x0, 0x0, 0x4f,
    0xff, 0xff, 0xe0, 0x0, 0x0, 0x0, 0x0, 0x0,
    0x0, 0x0, 0xaf, 0xff, 0xff, 0x90, 0x0, 0x0,
    0x0, 0x0, 0x0, 0x0, 0x3a, 0xff, 0xff, 0xff,
    0x20, 0x0, 0x0, 0x0, 0x2, 0xff, 0xff, 0xff,
    0xff, 0xff, 0xf4, 0x0, 0x0, 0x0, 0x0, 0x2,
    0xff, 0xff, 0xff, 0xff, 0xfa, 0x20, 0x0, 0x0,
    0x0, 0x0, 0x2, 0xff, 0xff, 0xff, 0xfe, 0x60,
    0x0, 0x0, 0x0, 0x0, 0x0, 0x2, 0xff, 0xff,
    0xff, 0xff, 0xfe, 0x60, 0x0, 0x0, 0x0, 0x0,
    0x2, 0xff, 0xff, 0xff, 0xff, 0xff, 0xfa, 0x0,
    0x0, 0x0, 0x0, 0x0, 0x11, 0x23, 0x6c, 0xff,
    0xff, 0xff, 0x70, 0x0, 0x0, 0x0, 0x0, 0x0,
    0x0, 0x0, 0x8f, 0xff, 0xff, 0xf0, 0x0, 0x0,
    0x0, 0x0, 0x0, 0x0, 0x0, 0xe, 0xff, 0xff,
    0xf5, 0x0, 0x0, 0x0, 0x0, 0x0, 0x0, 0x0,
    0xb, 0xff, 0xff, 0xf7, 0x0, 0x0, 0xa7, 0x0,
    0x0, 0x0, 0x0, 0xc, 0xff, 0xff, 0xf8, 0x0,
    0x1c, 0xff, 0x20, 0x0, 0x0, 0x0, 0xf, 0xff,
    0xff, 0xf7, 0x3, 0xef, 0xff, 0xe2, 0x0, 0x0,
    0x0, 0x8f, 0xff, 0xff, 0xf4, 0x2f, 0xff, 0xff,
    0xfe, 0x72, 0x0, 0x39, 0xff, 0xff, 0xff, 0xe0,
    0x9, 0xff, 0xff, 0xff, 0xff, 0xff, 0xff, 0xff,
    0xff, 0xff, 0x70, 0x0, 0xcf, 0xff, 0xff, 0xff,
    0xff, 0xff, 0xff, 0xff, 0xfc, 0x0, 0x0, 0x1b,
    0xff, 0xff, 0xff, 0xff, 0xff, 0xff, 0xff, 0xb0,
    0x0, 0x0, 0x0, 0x6e, 0xff, 0xff, 0xff, 0xff,
    0xff, 0xe6, 0x0, 0x0, 0x0, 0x0, 0x0, 0x59,
    0xce, 0xff, 0xec, 0x94, 0x0, 0x0, 0x0,

    /* U+0034 "4" */
    0x0, 0x0, 0x0, 0x0, 0x0, 0x3f, 0xff, 0xff,
    0xff, 0x30, 0x0, 0x0, 0x0, 0x0, 0x0, 0x0,
    0xcf, 0xff, 0xff, 0xff, 0x30, 0x0, 0x0, 0x0,
    0x0, 0x0, 0x6, 0xff, 0xff, 0xff, 0xff, 0x30,
    0x0, 0x0, 0x0, 0x0, 0x0, 0x1e, 0xff, 0xff,
    0xff, 0xff, 0x30, 0x0, 0x0, 0x0, 0x0, 0x0,
    0x9f, 0xff, 0xff, 0xff, 0xff, 0x30, 0x0, 0x0,
    0x0, 0x0, 0x2, 0xff, 0xff, 0xff, 0xff, 0xff,
    0x30, 0x0, 0x0, 0x0, 0x0, 0xb, 0xff, 0xfe,
    0xbf, 0xff, 0xff, 0x30, 0x0, 0x0, 0x0, 0x0,
    0x5f, 0xff, 0xf7, 0x8f, 0xff, 0xff, 0x30, 0x0,
    0x0, 0x0, 0x0, 0xef, 0xff, 0xd0, 0x8f, 0xff,
    0xff, 0x30, 0x0, 0x0, 0x0, 0x8, 0xff, 0xff,
    0x50, 0x8f, 0xff, 0xff, 0x30, 0x0, 0x0, 0x0,
    0x2f, 0xff, 0xfc, 0x0, 0x8f, 0xff, 0xff, 0x30,
    0x0, 0x0, 0x0, 0xbf, 0xff, 0xf3, 0x0, 0x8f,
    0xff, 0xff, 0x30, 0x0, 0x0, 0x4, 0xff, 0xff,
    0xa0, 0x0, 0x8f, 0xff, 0xff, 0x30, 0x0, 0x0,
    0xd, 0xff, 0xff, 0x10, 0x0, 0x8f, 0xff, 0xff,
    0x30, 0x0, 0x0, 0x7f, 0xff, 0xf8, 0x0, 0x0,
    0x8f, 0xff, 0xff, 0x30, 0x0, 0x1, 0xff, 0xff,
    0xe0, 0x0, 0x0, 0x8f, 0xff, 0xff, 0x30, 0x0,
    0xa, 0xff, 0xff, 0x60, 0x0, 0x0, 0x8f, 0xff,
    0xff, 0x30, 0x0, 0x3f, 0xff, 0xfd, 0x0, 0x0,
    0x0, 0x8f, 0xff, 0xff, 0x30, 0x0, 0xbf, 0xff,
    0xf4, 0x0, 0x0, 0x0, 0x8f, 0xff, 0xff, 0x30,
    0x0, 0xcf, 0xff, 0xff, 0xff, 0xff, 0xff, 0xff,
    0xff, 0xff, 0xff, 0xfb, 0xcf, 0xff, 0xff, 0xff,
    0xff, 0xff, 0xff, 0xff, 0xff, 0xff, 0xfb, 0xcf,
    0xff, 0xff, 0xff, 0xff, 0xff, 0xff, 0xff, 0xff,
    0xff, 0xfb, 0xcf, 0xff, 0xff, 0xff, 0xff, 0xff,
    0xff, 0xff, 0xff, 0xff, 0xfb, 0x9c, 0xcc, 0xcc,
    0xcc, 0xcc, 0xcc, 0xef, 0xff, 0xff, 0xcc, 0xc8,
    0x0, 0x0, 0x0, 0x0, 0x0, 0x0, 0x8f, 0xff,
    0xff, 0x30, 0x0, 0x0, 0x0, 0x0, 0x0, 0x0,
    0x0, 0x8f, 0xff, 0xff, 0x30, 0x0, 0x0, 0x0,
    0x0, 0x0, 0x0, 0x0, 0x8f, 0xff, 0xff, 0x30,
    0x0, 0x0, 0x0, 0x0, 0x0, 0x0, 0x0, 0x8f,
    0xff, 0xff, 0x30, 0x0, 0x0, 0x0, 0x0, 0x0,
    0x0, 0x0, 0x8f, 0xff, 0xff, 0x30, 0x0,

    /* U+0035 "5" */
    0x0, 0x3f, 0xff, 0xff, 0xff, 0xff, 0xff, 0xff,
    0xff, 0xfe, 0x0, 0x0, 0x4f, 0xff, 0xff, 0xff,
    0xff, 0xff, 0xff, 0xff, 0xfe, 0x0, 0x0, 0x5f,
    0xff, 0xff, 0xff, 0xff, 0xff, 0xff, 0xff, 0xfe,
    0x0, 0x0, 0x6f, 0xff, 0xff, 0xff, 0xff, 0xff,
    0xff, 0xff, 0xfe, 0x0, 0x0, 0x7f, 0xff, 0xff,
    0xff, 0xff, 0xff, 0xff, 0xff, 0xfe, 0x0, 0x0,
    0x8f, 0xff, 0xf7, 0x66, 0x66, 0x66, 0x66, 0x66,
    0x65, 0x0, 0x0, 0x9f, 0xff, 0xf2, 0x0, 0x0,
    0x0, 0x0, 0x0, 0x0, 0x0, 0x0, 0xaf, 0xff,
    0xf0, 0x0, 0x0, 0x0, 0x0, 0x0, 0x0, 0x0,
    0x0, 0xbf, 0xff, 0xf0, 0x0, 0x0, 0x0, 0x0,
    0x0, 0x0, 0x0, 0x0, 0xcf, 0xff, 0xe0, 0x0,
    0x0, 0x0, 0x0, 0x0, 0x0, 0x0, 0x0, 0xdf,
    0xff, 0xd0, 0x2, 0x9d, 0xff, 0xd9, 0x40, 0x0,
    0x0, 0x0, 0xef, 0xff, 0xc0, 0x3f, 0xff, 0xff,
    0xff, 0xfc, 0x10, 0x0, 0x0, 0xff, 0xff, 0xb1,
    0xef, 0xff, 0xff, 0xff, 0xff, 0xe2, 0x0, 0x0,
    0xff, 0xff, 0xa9, 0xff, 0xff, 0xff, 0xff, 0xff,
    0xfd, 0x0, 0x2, 0xff, 0xff, 0xcf, 0xff, 0xff,
    0xff, 0xff, 0xff, 0xff, 0x70, 0x3, 0xff, 0xff,
    0xff, 0x93, 0x0, 0x3b, 0xff, 0xff, 0xff, 0xe0,
    0x1, 0x68, 0xac, 0xe4, 0x0, 0x0, 0x0, 0xaf,
    0xff, 0xff, 0xf3, 0x0, 0x0, 0x0, 0x0, 0x0,
    0x0, 0x0, 0x1f, 0xff, 0xff, 0xf6, 0x0, 0x0,
    0x0, 0x0, 0x0, 0x0, 0x0, 0xd, 0xff, 0xff,
    0xf7, 0x0, 0x0, 0x0, 0x0, 0x0, 0x0, 0x0,
    0xc, 0xff, 0xff, 0xf7, 0x0, 0x0, 0x57, 0x0,
    0x0, 0x0, 0x0, 0xe, 0xff, 0xff, 0xf6, 0x0,
    0x9, 0xff, 0x30, 0x0, 0x0, 0x0, 0x2f, 0xff,
    0xff, 0xf3, 0x1, 0xcf, 0xff, 0xe2, 0x0, 0x0,
    0x0, 0xbf, 0xff, 0xff, 0xe0, 0xd, 0xff, 0xff,
    0xfe, 0x72, 0x0, 0x3b, 0xff, 0xff, 0xff, 0x80,
    0x7, 0xff, 0xff, 0xff, 0xff, 0xff, 0xff, 0xff,
    0xff, 0xff, 0x10, 0x0, 0xbf, 0xff, 0xff, 0xff,
    0xff, 0xff, 0xff, 0xff, 0xf4, 0x0, 0x0, 0xa,
    0xff, 0xff, 0xff, 0xff, 0xff, 0xff, 0xff, 0x50,
    0x0, 0x0, 0x0, 0x5e, 0xff, 0xff, 0xff, 0xff,
    0xff, 0xb2, 0x0, 0x0, 0x0, 0x0, 0x0, 0x59,
    0xde, 0xff, 0xdb, 0x72, 0x0, 0x0, 0x0,

    /* U+0036 "6" */
    0x0, 0x0, 0x0, 0x0, 0x2, 0xdf, 0xff, 0xff,
    0xff, 0x50, 0x0, 0x0, 0x0, 0x0, 0x0, 0x4f,
    0xff, 0xff, 0xff, 0xd2, 0x0, 0x0, 0x0, 0x0,
    0x0, 0x5, 0xff, 0xff, 0xff, 0xfa, 0x0, 0x0,
    0x0, 0x0, 0x0, 0x0, 0x5f, 0xff, 0xff, 0xff,
    0x70, 0x0, 0x0, 0x0, 0x0, 0x0, 0x3, 0xff,
    0xff, 0xff, 0xf5, 0x0, 0x0, 0x0, 0x0, 0x0,
    0x0, 0x1e, 0xff, 0xff, 0xff, 0x30, 0x0, 0x0,
    0x0, 0x0, 0x0, 0x0, 0xbf, 0xff, 0xff, 0xf4,
    0x0, 0x0, 0x0, 0x0, 0x0, 0x0, 0x5, 0xff,
    0xff, 0xff, 0x50, 0x0, 0x0, 0x0, 0x0, 0x0,
    0x0, 0xd, 0xff, 0xff, 0xf9, 0x0, 0x0, 0x0,
    0x0, 0x0, 0x0, 0x0, 0x6f, 0xff, 0xff, 0xd0,
    0x0, 0x0, 0x0, 0x0, 0x0, 0x0, 0x0, 0xcf,
    0xff, 0xff, 0x40, 0x5b, 0xef, 0xeb, 0x60, 0x0,
    0x0, 0x3, 0xff, 0xff, 0xfd, 0xa, 0xff, 0xff,
    0xff, 0xfe, 0x40, 0x0, 0x8, 0xff, 0xff, 0xf6,
    0x9f, 0xff, 0xff, 0xff, 0xff, 0xf5, 0x0, 0xc,
    0xff, 0xff, 0xf6, 0xff, 0xff, 0xff, 0xff, 0xff,
    0xff, 0x20, 0xf, 0xff, 0xff, 0xfe, 0xff, 0xcb,
    0xef, 0xff, 0xff, 0xff, 0xa0, 0x2f, 0xff, 0xff,
    0xff, 0x80, 0x0, 0x4, 0xef, 0xff, 0xff, 0xf1,
    0x3f, 0xff, 0xff, 0xf9, 0x0, 0x0, 0x0, 0x4f,
    0xff, 0xff, 0xf5, 0x4f, 0xff, 0xff, 0xf2, 0x0,
    0x0, 0x0, 0xd, 0xff, 0xff, 0xf8, 0x4f, 0xff,
    0xff, 0xf0, 0x0, 0x0, 0x0, 0xa, 0xff, 0xff,
    0xf9, 0x3f, 0xff, 0xff, 0xe0, 0x0, 0x0, 0x0,
    0x9, 0xff, 0xff, 0xf9, 0x1f, 0xff, 0xff, 0xf0,
    0x0, 0x0, 0x0, 0xa, 0xff, 0xff, 0xf8, 0xd,
    0xff, 0xff, 0xf2, 0x0, 0x0, 0x0, 0xd, 0xff,
    0xff, 0xf5, 0x8, 0xff, 0xff, 0xf9, 0x0, 0x0,
    0x0, 0x4f, 0xff, 0xff, 0xf0, 0x2, 0xff, 0xff,
    0xff, 0x81, 0x0, 0x5, 0xff, 0xff, 0xff, 0xa0,
    0x0, 0x9f, 0xff, 0xff, 0xff, 0xdc, 0xff, 0xff,
    0xff, 0xff, 0x20, 0x0, 0xd, 0xff, 0xff, 0xff,
    0xff, 0xff, 0xff, 0xff, 0xf5, 0x0, 0x0, 0x1,
    0xdf, 0xff, 0xff, 0xff, 0xff, 0xff, 0xff, 0x60,
    0x0, 0x0, 0x0, 0x8, 0xff, 0xff, 0xff, 0xff,
    0xff, 0xc3, 0x0, 0x0, 0x0, 0x0, 0x0, 0x16,
    0xbd, 0xff, 0xec, 0x83, 0x0, 0x0, 0x0,

    /* U+0037 "7" */
    0xcf, 0xff, 0xff, 0xff, 0xff, 0xff, 0xff, 0xff,
    0xff, 0xff, 0xcf, 0xff, 0xff, 0xff, 0xff, 0xff,
    0xff, 0xff, 0xff, 0xff, 0xcf, 0xff, 0xff, 0xff,
    0xff, 0xff, 0xff, 0xff, 0xff, 0xff, 0xcf, 0xff,
    0xff, 0xff, 0xff, 0xff, 0xff, 0xff, 0xff, 0xff,
    0xcf, 0xff, 0xff, 0xff, 0xff, 0xff, 0xff, 0xff,
    0xff, 0xff, 0xcf, 0xff, 0xf4, 0x0, 0x0, 0x0,
    0x3, 0xff, 0xff, 0xfd, 0xcf, 0xff, 0xf4, 0x0,
    0x0, 0x0, 0x9, 0xff, 0xff, 0xf8, 0xcf, 0xff,
    0xf4, 0x0, 0x0, 0x0, 0xf, 0xff, 0xff, 0xf2,
    0xcf, 0xff, 0xf4, 0x0, 0x0, 0x0, 0x5f, 0xff,
    0xff, 0xb0, 0xcf, 0xff, 0xf4, 0x0, 0x0, 0x0,
    0xcf, 0xff, 0xff, 0x50, 0x34, 0x44, 0x41, 0x0,
    0x0, 0x2, 0xff, 0xff, 0xff, 0x0, 0x0, 0x0,
    0x0, 0x0, 0x0, 0x8, 0xff, 0xff, 0xf9, 0x0,
    0x0, 0x0, 0x0, 0x0, 0x0, 0xe, 0xff, 0xff,
    0xf3, 0x0, 0x0, 0x0, 0x0, 0x0, 0x0, 0x5f,
    0xff, 0xff, 0xd0, 0x0, 0x0, 0x0, 0x0, 0x0,
    0x0, 0xbf, 0xff, 0xff, 0x70, 0x0, 0x0, 0x0,
    0x0, 0x0, 0x1, 0xff, 0xff, 0xff, 0x10, 0x0,
    0x0, 0x0, 0x0, 0x0, 0x7, 0xff, 0xff, 0xfb,
    0x0, 0x0, 0x0, 0x0, 0x0, 0x0, 0xd, 0xff,
    0xff, 0xf5, 0x0, 0x0, 0x0, 0x0, 0x0, 0x0,
    0x4f, 0xff, 0xff, 0xe0, 0x0, 0x0, 0x0, 0x0,
    0x0, 0x0, 0xaf, 0xff, 0xff, 0x90, 0x0, 0x0,
    0x0, 0x0, 0x0, 0x1, 0xff, 0xff, 0xff, 0x20,
    0x0, 0x0, 0x0, 0x0, 0x0, 0x7, 0xff, 0xff,
    0xfc, 0x0, 0x0, 0x0, 0x0, 0x0, 0x0, 0xd,
    0xff, 0xff, 0xf6, 0x0, 0x0, 0x0, 0x0, 0x0,
    0x0, 0x3f, 0xff, 0xff, 0xf1, 0x0, 0x0, 0x0,
    0x0, 0x0, 0x0, 0x9f, 0xff, 0xff, 0xa0, 0x0,
    0x0, 0x0, 0x0, 0x0, 0x0, 0xff, 0xff, 0xff,
    0x40, 0x0, 0x0, 0x0, 0x0, 0x0, 0x6, 0xff,
    0xff, 0xfe, 0x0, 0x0, 0x0, 0x0, 0x0, 0x0,
    0xc, 0xff, 0xff, 0xf8, 0x0, 0x0, 0x0, 0x0,
    0x0, 0x0, 0x2f, 0xff, 0xff, 0xf2, 0x0, 0x0,
    0x0, 0x0,

    /* U+0038 "8" */
    0x0, 0x0, 0x0, 0x49, 0xce, 0xff, 0xec, 0x94,
    0x0, 0x0, 0x0, 0x0, 0x0, 0x5e, 0xff, 0xff,
    0xff, 0xff, 0xff, 0xe5, 0x0, 0x0, 0x0, 0x9,
    0xff, 0xff, 0xff, 0xff, 0xff, 0xff, 0xff, 0x90,
    0x0, 0x0, 0x7f, 0xff, 0xff, 0xff, 0xff, 0xff,
    0xff, 0xff, 0xf7, 0x0, 0x0, 0xff, 0xff, 0xff,
    0xfe, 0xcc, 0xef, 0xff, 0xff, 0xff, 0x0, 0x5,
    0xff, 0xff, 0xff, 0x50, 0x0, 0x5, 0xff, 0xff,
    0xff, 0x50, 0x7, 0xff, 0xff, 0xf6, 0x0, 0x0,
    0x0, 0x6f, 0xff, 0xff, 0x70, 0x8, 0xff, 0xff,
    0xf2, 0x0, 0x0, 0x0, 0x2f, 0xff, 0xff, 0x80,
    0x6, 0xff, 0xff, 0xf1, 0x0, 0x0, 0x0, 0x1f,
    0xff, 0xff, 0x60, 0x2, 0xff, 0xff, 0xf5, 0x0,
    0x0, 0x0, 0x5f, 0xff, 0xff, 0x20, 0x0, 0xaf,
    0xff, 0xfe, 0x20, 0x0, 0x2, 0xef, 0xff, 0xf9,
    0x0, 0x0, 0xb, 0xff, 0xff, 0xfb, 0x88, 0xbf,
    0xff, 0xff, 0xa0, 0x0, 0x0, 0x0, 0x7e, 0xff,
    0xff, 0xff, 0xff, 0xff, 0xe7, 0x0, 0x0, 0x0,
    0x0, 0x4, 0xff, 0xff, 0xff, 0xff, 0xff, 0x30,
    0x0, 0x0, 0x0, 0x3, 0xcf, 0xff, 0xff, 0xff,
    0xff, 0xff, 0xfc, 0x30, 0x0, 0x0, 0x5f, 0xff,
    0xff, 0xff, 0xff, 0xff, 0xff, 0xff, 0xf5, 0x0,
    0x3, 0xff, 0xff, 0xff, 0xa3, 0x11, 0x3a, 0xff,
    0xff, 0xff, 0x30, 0xc, 0xff, 0xff, 0xf8, 0x0,
    0x0, 0x0, 0x8f, 0xff, 0xff, 0xc0, 0x2f, 0xff,
    0xff, 0xf1, 0x0, 0x0, 0x0, 0x1f, 0xff, 0xff,
    0xf2, 0x5f, 0xff, 0xff, 0xe0, 0x0, 0x0, 0x0,
    0xe, 0xff, 0xff, 0xf5, 0x6f, 0xff, 0xff, 0xe0,
    0x0, 0x0, 0x0, 0xe, 0xff, 0xff, 0xf6, 0x5f,
    0xff, 0xff, 0xf0, 0x0, 0x0, 0x0, 0xf, 0xff,
    0xff, 0xf5, 0x2f, 0xff, 0xff, 0xf5, 0x0, 0x0,
    0x0, 0x5f, 0xff, 0xff, 0xf2, 0xd, 0xff, 0xff,
    0xfe, 0x50, 0x0, 0x5, 0xff, 0xff, 0xff, 0xd0,
    0x6, 0xff, 0xff, 0xff, 0xfe, 0xcc, 0xef, 0xff,
    0xff, 0xff, 0x60, 0x0, 0xbf, 0xff, 0xff, 0xff,
    0xff, 0xff, 0xff, 0xff, 0xfb, 0x0, 0x0, 0xb,
    0xff, 0xff, 0xff, 0xff, 0xff, 0xff, 0xff, 0xb0,
    0x0, 0x0, 0x0, 0x6e, 0xff, 0xff, 0xff, 0xff,
    0xff, 0xe6, 0x0, 0x0, 0x0, 0x0, 0x0, 0x49,
    0xce, 0xff, 0xec, 0x94, 0x0, 0x0, 0x0,

    /* U+0039 "9" */
    0x0, 0x0, 0x0, 0x38, 0xce, 0xff, 0xdb, 0x61,
    0x0, 0x0, 0x0, 0x0, 0x0, 0x3c, 0xff, 0xff,
    0xff, 0xff, 0xff, 0x80, 0x0, 0x0, 0x0, 0x6,
    0xff, 0xff, 0xff, 0xff, 0xff, 0xff, 0xfc, 0x10,
    0x0, 0x0, 0x6f, 0xff, 0xff, 0xff, 0xff, 0xff,
    0xff, 0xff, 0xd0, 0x0, 0x2, 0xff, 0xff, 0xff,
    0xff, 0xcd, 0xff, 0xff, 0xff, 0xf9, 0x0, 0xa,
    0xff, 0xff, 0xfe, 0x50, 0x0, 0x18, 0xff, 0xff,
    0xff, 0x10, 0x1f, 0xff, 0xff, 0xf4, 0x0, 0x0,
    0x0, 0x9f, 0xff, 0xff, 0x80, 0x5f, 0xff, 0xff,
    0xc0, 0x0, 0x0, 0x0, 0x2f, 0xff, 0xff, 0xc0,
    0x8f, 0xff, 0xff, 0xa0, 0x0, 0x0, 0x0, 0xf,
    0xff, 0xff, 0xf0, 0x9f, 0xff, 0xff, 0x90, 0x0,
    0x0, 0x0, 0xe, 0xff, 0xff, 0xf2, 0x9f, 0xff,
    0xff, 0xa0, 0x0, 0x0, 0x0, 0xf, 0xff, 0xff,
    0xf4, 0x8f, 0xff, 0xff, 0xd0, 0x0, 0x0, 0x0,
    0x3f, 0xff, 0xff, 0xf4, 0x5f, 0xff, 0xff, 0xf6,
    0x0, 0x0, 0x0, 0xbf, 0xff, 0xff, 0xf3, 0x1f,
    0xff, 0xff, 0xff, 0x82, 0x0, 0x4b, 0xff, 0xff,
    0xff, 0xf2, 0x9, 0xff, 0xff, 0xff, 0xff, 0xff,
    0xff, 0xbf, 0xff, 0xff, 0xf0, 0x1, 0xef, 0xff,
    0xff, 0xff, 0xff, 0xff, 0x5f, 0xff, 0xff, 0xc0,
    0x0, 0x2e, 0xff, 0xff, 0xff, 0xff, 0xf6, 0x8f,
    0xff, 0xff, 0x80, 0x0, 0x1, 0xaf, 0xff, 0xff,
    0xff, 0x60, 0xef, 0xff, 0xff, 0x30, 0x0, 0x0,
    0x2, 0x7a, 0xba, 0x71, 0x6, 0xff, 0xff, 0xfc,
    0x0, 0x0, 0x0, 0x0, 0x0, 0x0, 0x0, 0x1f,
    0xff, 0xff, 0xf6, 0x0, 0x0, 0x0, 0x0, 0x0,
    0x0, 0x0, 0xbf, 0xff, 0xff, 0xd0, 0x0, 0x0,
    0x0, 0x0, 0x0, 0x0, 0x7, 0xff, 0xff, 0xff,
    0x50, 0x0, 0x0, 0x0, 0x0, 0x0, 0x0, 0x5f,
    0xff, 0xff, 0xfb, 0x0, 0x0, 0x0, 0x0, 0x0,
    0x0, 0x5, 0xff, 0xff, 0xff, 0xe1, 0x0, 0x0,
    0x0, 0x0, 0x0, 0x0, 0x6f, 0xff, 0xff, 0xff,
    0x30, 0x0, 0x0, 0x0, 0x0, 0x0, 0x8, 0xff,
    0xff, 0xff, 0xf5, 0x0, 0x0, 0x0, 0x0, 0x0,
    0x0, 0xaf, 0xff, 0xff, 0xff, 0x50, 0x0, 0x0,
    0x0, 0x0, 0x0, 0x2d, 0xff, 0xff, 0xff, 0xf4,
    0x0, 0x0, 0x0, 0x0, 0x0, 0x5, 0xff, 0xff,
    0xff, 0xfd, 0x20, 0x0, 0x0, 0x0, 0x0,

    /* U+003A ":" */
    0x6, 0xdf, 0xd8, 0x0, 0x6f, 0xff, 0xff, 0x90,
    0xcf, 0xff, 0xff, 0xf0, 0xef, 0xff, 0xff, 0xf1,
    0xdf, 0xff, 0xff, 0xf0, 0x9f, 0xff, 0xff, 0xd0,
    0x1c, 0xff, 0xfe, 0x30, 0x0, 0x35, 0x30, 0x0,
    0x0, 0x0, 0x0, 0x0, 0x0, 0x0, 0x0, 0x0,
    0x0, 0x0, 0x0, 0x0, 0x0, 0x0, 0x0, 0x0,
    0x0, 0x0, 0x0, 0x0, 0x0, 0x0, 0x0, 0x0,
    0x0, 0x35, 0x30, 0x0, 0x1c, 0xff, 0xfe, 0x30,
    0x9f, 0xff, 0xff, 0xd0, 0xdf, 0xff, 0xff, 0xf0,
    0xef, 0xff, 0xff, 0xf1, 0xcf, 0xff, 0xff, 0xf0,
    0x6f, 0xff, 0xff, 0x90, 0x6, 0xdf, 0xd8, 0x0,

    /* U+003B ";" */
    0x0, 0x6, 0xdf, 0xd8, 0x0, 0x0, 0x6f, 0xff,
    0xff, 0x90, 0x0, 0xcf, 0xff, 0xff, 0xf0, 0x0,
    0xef, 0xff, 0xff, 0xf1, 0x0, 0xdf, 0xff, 0xff,
    0xf0, 0x0, 0x9f, 0xff, 0xff, 0xd0, 0x0, 0x1c,
    0xff, 0xfe, 0x30, 0x0, 0x0, 0x35, 0x30, 0x0,
    0x0, 0x0, 0x0, 0x0, 0x0, 0x0, 0x0, 0x0,
    0x0, 0x0, 0x0, 0x0, 0x0, 0x0, 0x0, 0x0,
    0x0, 0x0, 0x0, 0x0, 0x0, 0x0, 0x0, 0x0,
    0x0, 0x0, 0x0, 0x0, 0x0, 0x0, 0x0, 0x0,
    0x0, 0x0, 0x0, 0x0, 0x6, 0xdf, 0xd8, 0x0,
    0x0, 0x6f, 0xff, 0xff, 0x90, 0x0, 0xcf, 0xff,
    0xff, 0xf0, 0x0, 0xef, 0xff, 0xff, 0xf1, 0x0,
    0xdf, 0xff, 0xff, 0xf1, 0x0, 0x9f, 0xff, 0xff,
    0xf0, 0x0, 0x1c, 0xff, 0xff, 0xd0, 0x0, 0x0,
    0x7f, 0xff, 0x80, 0x0, 0x0, 0xbf, 0xff, 0x20,
    0x0, 0x4, 0xff, 0xfa, 0x0, 0x0, 0x1e, 0xff,
    0xe1, 0x0, 0x0, 0xcf, 0xff, 0x40, 0x0, 0xa,
    0xff, 0xe4, 0x0, 0x0,

    /* U+003C "<" */
    0x0, 0x0, 0x0, 0x0, 0x0, 0x0, 0x0, 0x6,
    0x0, 0x0, 0x0, 0x0, 0x0, 0x0, 0x2, 0xce,
    0x0, 0x0, 0x0, 0x0, 0x0, 0x0, 0x7f, 0xfe,
    0x0, 0x0, 0x0, 0x0, 0x0, 0x2c, 0xff, 0xfe,
    0x0, 0x0, 0x0, 0x0, 0x7, 0xff, 0xff, 0xfe,
    0x0, 0x0, 0x0, 0x2, 0xcf, 0xff, 0xff, 0xfe,
    0x0, 0x0, 0x0, 0x6f, 0xff, 0xff, 0xff, 0xf8,
    0x0, 0x0, 0x1b, 0xff, 0xff, 0xff, 0xfd, 0x40,
    0x0, 0x6, 0xff, 0xff, 0xff, 0xff, 0x80, 0x0,
    0x1, 0xbf, 0xff, 0xff, 0xff, 0xc3, 0x0, 0x0,
    0x5f, 0xff, 0xff, 0xff, 0xf7, 0x0, 0x0, 0x0,
    0xef, 0xff, 0xff, 0xfc, 0x20, 0x0, 0x0, 0x0,
    0xef, 0xff, 0xff, 0x90, 0x0, 0x0, 0x0, 0x0,
    0xef, 0xff, 0xff, 0xf7, 0x0, 0x0, 0x0, 0x0,
    0xaf, 0xff, 0xff, 0xff, 0xc3, 0x0, 0x0, 0x0,
    0x5, 0xef, 0xff, 0xff, 0xff, 0x80, 0x0, 0x0,
    0x0, 0x1b, 0xff, 0xff, 0xff, 0xfd, 0x30, 0x0,
    0x0, 0x0, 0x6f, 0xff, 0xff, 0xff, 0xf9, 0x0,
    0x0, 0x0, 0x1, 0xbf, 0xff, 0xff, 0xff, 0xe4,
    0x0, 0x0, 0x0, 0x6, 0xff, 0xff, 0xff, 0xfe,
    0x0, 0x0, 0x0, 0x0, 0x2c, 0xff, 0xff, 0xfe,
    0x0, 0x0, 0x0, 0x0, 0x0, 0x7f, 0xff, 0xfe,
    0x0, 0x0, 0x0, 0x0, 0x0, 0x2, 0xcf, 0xfe,
    0x0, 0x0, 0x0, 0x0, 0x0, 0x0, 0x7, 0xfe,
    0x0, 0x0, 0x0, 0x0, 0x0, 0x0, 0x0, 0x2a,
    0x0, 0x0, 0x0, 0x0, 0x0, 0x0, 0x0, 0x0,

    /* U+003D "=" */
    0x5f, 0xff, 0xff, 0xff, 0xff, 0xff, 0xff, 0xff,
    0xff, 0xf5, 0x5f, 0xff, 0xff, 0xff, 0xff, 0xff,
    0xff, 0xff, 0xff, 0xf5, 0x5f, 0xff, 0xff, 0xff,
    0xff, 0xff, 0xff, 0xff, 0xff, 0xf5, 0x5f, 0xff,
    0xff, 0xff, 0xff, 0xff, 0xff, 0xff, 0xff, 0xf5,
    0x4d, 0xdd, 0xdd, 0xdd, 0xdd, 0xdd, 0xdd, 0xdd,
    0xdd, 0xd4, 0x0, 0x0, 0x0, 0x0, 0x0, 0x0,
    0x0, 0x0, 0x0, 0x0, 0x0, 0x0, 0x0, 0x0,
    0x0, 0x0, 0x0, 0x0, 0x0, 0x0, 0x0, 0x0,
    0x0, 0x0, 0x0, 0x0, 0x0, 0x0, 0x0, 0x0,
    0x0, 0x0, 0x0, 0x0, 0x0, 0x0, 0x0, 0x0,
    0x0, 0x0, 0x4d, 0xdd, 0xdd, 0xdd, 0xdd, 0xdd,
    0xdd, 0xdd, 0xdd, 0xd4, 0x5f, 0xff, 0xff, 0xff,
    0xff, 0xff, 0xff, 0xff, 0xff, 0xf5, 0x5f, 0xff,
    0xff, 0xff, 0xff, 0xff, 0xff, 0xff, 0xff, 0xf5,
    0x5f, 0xff, 0xff, 0xff, 0xff, 0xff, 0xff, 0xff,
    0xff, 0xf5, 0x5f, 0xff, 0xff, 0xff, 0xff, 0xff,
    0xff, 0xff, 0xff, 0xf5,

    /* U+003E ">" */
    0x60, 0x0, 0x0, 0x0, 0x0, 0x0, 0x0, 0x0,
    0xec, 0x20, 0x0, 0x0, 0x0, 0x0, 0x0, 0x0,
    0xef, 0xf7, 0x0, 0x0, 0x0, 0x0, 0x0, 0x0,
    0xef, 0xff, 0xc2, 0x0, 0x0, 0x0, 0x0, 0x0,
    0xef, 0xff, 0xff, 0x70, 0x0, 0x0, 0x0, 0x0,
    0xef, 0xff, 0xff, 0xfc, 0x20, 0x0, 0x0, 0x0,
    0x8f, 0xff, 0xff, 0xff, 0xf7, 0x0, 0x0, 0x0,
    0x4, 0xdf, 0xff, 0xff, 0xff, 0xc2, 0x0, 0x0,
    0x0, 0x8, 0xff, 0xff, 0xff, 0xff, 0x60, 0x0,
    0x0, 0x0, 0x3c, 0xff, 0xff, 0xff, 0xfc, 0x20,
    0x0, 0x0, 0x0, 0x7f, 0xff, 0xff, 0xff, 0xf6,
    0x0, 0x0, 0x0, 0x2, 0xcf, 0xff, 0xff, 0xfe,
    0x0, 0x0, 0x0, 0x0, 0x9, 0xff, 0xff, 0xfe,
    0x0, 0x0, 0x0, 0x0, 0x7f, 0xff, 0xff, 0xfe,
    0x0, 0x0, 0x0, 0x3c, 0xff, 0xff, 0xff, 0xf9,
    0x0, 0x0, 0x8, 0xff, 0xff, 0xff, 0xfe, 0x50,
    0x0, 0x3, 0xdf, 0xff, 0xff, 0xff, 0xa1, 0x0,
    0x0, 0x9f, 0xff, 0xff, 0xff, 0xe5, 0x0, 0x0,
    0x4e, 0xff, 0xff, 0xff, 0xfb, 0x10, 0x0, 0x0,
    0xef, 0xff, 0xff, 0xff, 0x60, 0x0, 0x0, 0x0,
    0xef, 0xff, 0xff, 0xb2, 0x0, 0x0, 0x0, 0x0,
    0xef, 0xff, 0xf6, 0x0, 0x0, 0x0, 0x0, 0x0,
    0xef, 0xfc, 0x20, 0x0, 0x0, 0x0, 0x0, 0x0,
    0xef, 0x70, 0x0, 0x0, 0x0, 0x0, 0x0, 0x0,
    0xa2, 0x0, 0x0, 0x0, 0x0, 0x0, 0x0, 0x0,
    0x0, 0x0, 0x0, 0x0, 0x0, 0x0, 0x0, 0x0,

    /* U+003F "?" */
    0x0, 0x0, 0x3, 0x8c, 0xef, 0xed, 0xa5, 0x0,
    0x0, 0x0, 0x0, 0x1b, 0xff, 0xff, 0xff, 0xff,
    0xfe, 0x50, 0x0, 0x0, 0x2e, 0xff, 0xff, 0xff,
    0xff, 0xff, 0xff, 0x80, 0x0, 0x1e, 0xff, 0xff,
    0xff, 0xff, 0xff, 0xff, 0xff, 0x70, 0x9, 0xff,
    0xff, 0xff, 0xff, 0xff, 0xff, 0xff, 0xff, 0x11,
    0xff, 0xff, 0xff, 0xa4, 0x35, 0xcf, 0xff, 0xff,
    0xf7, 0x3d, 0xff, 0xff, 0x70, 0x0, 0x0, 0xdf,
    0xff, 0xff, 0xb0, 0x3, 0xaf, 0xc0, 0x0, 0x0,
    0x7, 0xff, 0xff, 0xfd, 0x0, 0x0, 0x12, 0x0,
    0x0, 0x0, 0x5f, 0xff, 0xff, 0xe0, 0x0, 0x0,
    0x0, 0x0, 0x0, 0x7, 0xff, 0xff, 0xfc, 0x0,
    0x0, 0x0, 0x0, 0x0, 0x0, 0xcf, 0xff, 0xff,
    0x80, 0x0, 0x0, 0x0, 0x0, 0x0, 0x8f, 0xff,
    0xff, 0xf3, 0x0, 0x0, 0x0, 0x35, 0x7a, 0xef,
    0xff, 0xff, 0xfa, 0x0, 0x0, 0x0, 0xb, 0xff,
    0xff, 0xff, 0xff, 0xfc, 0x0, 0x0, 0x0, 0x0,
    0xbf, 0xff, 0xff, 0xff, 0xfa, 0x0, 0x0, 0x0,
    0x0, 0xb, 0xff, 0xff, 0xfe, 0xa3, 0x0, 0x0,
    0x0, 0x0, 0x0, 0xbf, 0xff, 0xfe, 0x0, 0x0,
    0x0, 0x0, 0x0, 0x0, 0xb, 0xff, 0xff, 0xe0,
    0x0, 0x0, 0x0, 0x0, 0x0, 0x0, 0xbf, 0xff,
    0xfe, 0x0, 0x0, 0x0, 0x0, 0x0, 0x0, 0x0,
    0x0, 0x0, 0x0, 0x0, 0x0, 0x0, 0x0, 0x0,
    0x0, 0x0, 0x0, 0x0, 0x0, 0x0, 0x0, 0x0,
    0x0, 0x0, 0x0, 0x2, 0x20, 0x0, 0x0, 0x0,
    0x0, 0x0, 0x0, 0x0, 0x4e, 0xff, 0xf9, 0x0,
    0x0, 0x0, 0x0, 0x0, 0x0, 0x1f, 0xff, 0xff,
    0xf6, 0x0, 0x0, 0x0, 0x0, 0x0, 0x4, 0xff,
    0xff, 0xff, 0xb0, 0x0, 0x0, 0x0, 0x0, 0x0,
    0x5f, 0xff, 0xff, 0xfc, 0x0, 0x0, 0x0, 0x0,
    0x0, 0x4, 0xff, 0xff, 0xff, 0xa0, 0x0, 0x0,
    0x0, 0x0, 0x0, 0xe, 0xff, 0xff, 0xf4, 0x0,
    0x0, 0x0, 0x0, 0x0, 0x0, 0x2b, 0xff, 0xd6,
    0x0, 0x0, 0x0, 0x0,

    /* U+0040 "@" */
    0x0, 0x0, 0x0, 0x0, 0x0, 0x5, 0x9c, 0xef,
    0xff, 0xec, 0x84, 0x0, 0x0, 0x0, 0x0, 0x0,
    0x0, 0x0, 0x0, 0x0, 0x19, 0xff, 0xff, 0xff,
    0xff, 0xff, 0xff, 0xf8, 0x10, 0x0, 0x0, 0x0,
    0x0, 0x0, 0x0, 0x7, 0xff, 0xff, 0xff, 0xff,
    0xff, 0xff, 0xff, 0xff, 0xf7, 0x0, 0x0, 0x0,
    0x0, 0x0, 0x1, 0xbf, 0xff, 0xff, 0xfe, 0xba,
    0x9a, 0xbe, 0xff, 0xff, 0xff, 0xb1, 0x0, 0x0,
    0x0, 0x0, 0x1d, 0xff, 0xff, 0xe7, 0x20, 0x0,
    0x0, 0x0, 0x28, 0xef, 0xff, 0xfd, 0x0, 0x0,
    0x0, 0x0, 0xbf, 0xff, 0xf8, 0x0, 0x0, 0x0,
    0x0, 0x0, 0x0, 0x8, 0xff, 0xff, 0xb0, 0x0,
    0x0, 0x7, 0xff, 0xff, 0x50, 0x0, 0x0, 0x0,
    0x0, 0x0, 0x0, 0x0, 0x4f, 0xff, 0xf7, 0x0,
    0x0, 0x2f, 0xff, 0xf4, 0x0, 0x0, 0x0, 0x0,
    0x0, 0x0, 0x0, 0x0, 0x5, 0xff, 0xfe, 0x0,
    0x0, 0xaf, 0xff, 0x70, 0x0, 0x0, 0x0, 0x0,
    0x0, 0x0, 0x0, 0x0, 0x0, 0x9f, 0xff, 0x70,
    0x1, 0xff, 0xfd, 0x0, 0x0, 0x1, 0x9e, 0xfd,
    0x80, 0x1a, 0xaa, 0xa3, 0x0, 0x1f, 0xff, 0xe0,
    0x8, 0xff, 0xf5, 0x0, 0x0, 0x4f, 0xff, 0xff,
    0xfb, 0x2f, 0xff, 0xf5, 0x0, 0x9, 0xff, 0xf3,
    0xd, 0xff, 0xe0, 0x0, 0x2, 0xff, 0xff, 0xff,
    0xff, 0x8f, 0xff, 0xf5, 0x0, 0x5, 0xff, 0xf7,
    0x1f, 0xff, 0xa0, 0x0, 0xa, 0xff, 0xff, 0xfd,
    0xcf, 0xff, 0xff, 0xf5, 0x0, 0x1, 0xff, 0xfa,
    0x4f, 0xff, 0x60, 0x0, 0x1f, 0xff, 0xfe, 0x30,
    0x1, 0xcf, 0xff, 0xf5, 0x0, 0x0, 0xff, 0xfc,
    0x6f, 0xff, 0x40, 0x0, 0x5f, 0xff, 0xf6, 0x0,
    0x0, 0x3f, 0xff, 0xf5, 0x0, 0x0, 0xef, 0xfc,
    0x7f, 0xff, 0x30, 0x0, 0x7f, 0xff, 0xf2, 0x0,
    0x0, 0x2f, 0xff, 0xf5, 0x0, 0x0, 0xef, 0xfd,
    0x8f, 0xff, 0x20, 0x0, 0x8f, 0xff, 0xf0, 0x0,
    0x0, 0x2f, 0xff, 0xf5, 0x0, 0x0, 0xef, 0xfc,
    0x8f, 0xff, 0x20, 0x0, 0x9f, 0xff, 0xf0, 0x0,
    0x0, 0x2f, 0xff, 0xf5, 0x0, 0x0, 0xff, 0xfb,
    0x8f, 0xff, 0x30, 0x0, 0x8f, 0xff, 0xf0, 0x0,
    0x0, 0x2f, 0xff, 0xf5, 0x0, 0x1, 0xff, 0xf8,
    0x7f, 0xff, 0x40, 0x0, 0x6f, 0xff, 0xf2, 0x0,
    0x0, 0x2f, 0xff, 0xf5, 0x0, 0x5, 0xff, 0xf5,
    0x5f, 0xff, 0x60, 0x0, 0x3f, 0xff, 0xf8, 0x0,
    0x0, 0x7f, 0xff, 0xf6, 0x0, 0xb, 0xff, 0xf0,
    0x2f, 0xff, 0x90, 0x0, 0xe, 0xff, 0xff, 0x81,
    0x16, 0xff, 0xff, 0xfc, 0x11, 0x9f, 0xff, 0x90,
    0xe, 0xff, 0xe0, 0x0, 0x7, 0xff, 0xff, 0xff,
    0xff, 0xe8, 0xff, 0xff, 0xff, 0xff, 0xff, 0x10,
    0xa, 0xff, 0xf4, 0x0, 0x0, 0xcf, 0xff, 0xff,
    0xff, 0x71, 0xff, 0xff, 0xff, 0xff, 0xf4, 0x0,
    0x4, 0xff, 0xfb, 0x0, 0x0, 0xa, 0xff, 0xff,
    0xfa, 0x0, 0x4e, 0xff, 0xff, 0xfd, 0x30, 0x0,
    0x0, 0xcf, 0xff, 0x50, 0x0, 0x0, 0x37, 0x98,
    0x40, 0x0, 0x0, 0x58, 0x97, 0x40, 0x0, 0x0,
    0x0, 0x5f, 0xff, 0xf2, 0x0, 0x0, 0x0, 0x0,
    0x0, 0x0, 0x0, 0x0, 0x0, 0x0, 0x0, 0x0,
    0x0, 0xb, 0xff, 0xfe, 0x30, 0x0, 0x0, 0x0,
    0x0, 0x0, 0x0, 0x0, 0x0, 0x0, 0x0, 0x0,
    0x0, 0x1, 0xef, 0xff, 0xf7, 0x0, 0x0, 0x0,
    0x0, 0x0, 0x0, 0x0, 0x0, 0x0, 0x0, 0x0,
    0x0, 0x0, 0x3e, 0xff, 0xff, 0xe7, 0x20, 0x0,
    0x0, 0x0, 0x0, 0x0, 0x0, 0x0, 0x0, 0x0,
    0x0, 0x0, 0x2, 0xdf, 0xff, 0xff, 0xfe, 0xca,
    0x99, 0x99, 0x99, 0x99, 0x80, 0x0, 0x0, 0x0,
    0x0, 0x0, 0x0, 0x19, 0xff, 0xff, 0xff, 0xff,
    0xff, 0xff, 0xff, 0xff, 0xe0, 0x0, 0x0, 0x0,
    0x0, 0x0, 0x0, 0x0, 0x2a, 0xff, 0xff, 0xff,
    0xff, 0xff, 0xff, 0xff, 0xe0, 0x0, 0x0, 0x0,
    0x0, 0x0, 0x0, 0x0, 0x0, 0x15, 0x9c, 0xef,
    0xff, 0xff, 0xff, 0xff, 0xe0, 0x0, 0x0, 0x0,

    /* U+0041 "A" */
    0x0, 0x0, 0x0, 0x0, 0x2, 0xff, 0xff, 0xff,
    0xfa, 0x0, 0x0, 0x0, 0x0, 0x0, 0x0, 0x0,
    0x0, 0x0, 0x7f, 0xff, 0xff, 0xff, 0xf0, 0x0,
    0x0, 0x0, 0x0, 0x0, 0x0, 0x0, 0x0, 0xc,
    0xff, 0xff, 0xff, 0xff, 0x40, 0x0, 0x0, 0x0,
    0x0, 0x0, 0x0, 0x0, 0x1, 0xff, 0xff, 0xff,
    0xff, 0xf9, 0x0, 0x0, 0x0, 0x0, 0x0, 0x0,
    0x0, 0x0, 0x6f, 0xff, 0xff, 0xff, 0xff, 0xe0,
    0x0, 0x0, 0x0, 0x0, 0x0, 0x0, 0x0, 0xb,
    0xff, 0xff, 0xff, 0xff, 0xff, 0x30, 0x0, 0x0,
    0x0, 0x0, 0x0, 0x0, 0x1, 0xff, 0xff, 0xf9,
    0xff, 0xff, 0xf8, 0x0, 0x0, 0x0, 0x0, 0x0,
    0x0, 0x0, 0x6f, 0xff, 0xff, 0x1e, 0xff, 0xff,
    0xd0, 0x0, 0x0, 0x0, 0x0, 0x0, 0x0, 0xb,
    0xff, 0xff, 0xd0, 0xaf, 0xff, 0xff, 0x20, 0x0,
    0x0, 0x0, 0x0, 0x0, 0x0, 0xff, 0xff, 0xf8,
    0x5, 0xff, 0xff, 0xf7, 0x0, 0x0, 0x0, 0x0,
    0x0, 0x0, 0x5f, 0xff, 0xff, 0x30, 0x1f, 0xff,
    0xff, 0xc0, 0x0, 0x0, 0x0, 0x0, 0x0, 0xa,
    0xff, 0xff, 0xf0, 0x0, 0xcf, 0xff, 0xff, 0x10,
    0x0, 0x0, 0x0, 0x0, 0x0, 0xff, 0xff, 0xfa,
    0x0, 0x7, 0xff, 0xff, 0xf6, 0x0, 0x0, 0x0,
    0x0, 0x0, 0x4f, 0xff, 0xff, 0x60, 0x0, 0x3f,
    0xff, 0xff, 0xb0, 0x0, 0x0, 0x0, 0x0, 0x9,
    0xff, 0xff, 0xf1, 0x0, 0x0, 0xef, 0xff, 0xff,
    0x10, 0x0, 0x0, 0x0, 0x0, 0xef, 0xff, 0xfd,
    0x0, 0x0, 0xa, 0xff, 0xff, 0xf5, 0x0, 0x0,
    0x0, 0x0, 0x3f, 0xff, 0xff, 0x80, 0x0, 0x0,
    0x5f, 0xff, 0xff, 0xa0, 0x0, 0x0, 0x0, 0x8,
    0xff, 0xff, 0xff, 0xff, 0xff, 0xff, 0xff, 0xff,
    0xff, 0x0, 0x0, 0x0, 0x0, 0xdf, 0xff, 0xff,
    0xff, 0xff, 0xff, 0xff, 0xff, 0xff, 0xf4, 0x0,
    0x0, 0x0, 0x3f, 0xff, 0xff, 0xff, 0xff, 0xff,
    0xff, 0xff, 0xff, 0xff, 0x90, 0x0, 0x0, 0x8,
    0xff, 0xff, 0xff, 0xff, 0xff, 0xff, 0xff, 0xff,
    0xff, 0xfe, 0x0, 0x0, 0x0, 0xdf, 0xff, 0xff,
    0xff, 0xff, 0xff, 0xff, 0xff, 0xff, 0xff, 0xf3,
    0x0, 0x0, 0x2f, 0xff, 0xff, 0xe4, 0x44, 0x44,
    0x44, 0x44, 0xbf, 0xff, 0xff, 0x80, 0x0, 0x7,
    0xff, 0xff, 0xf9, 0x0, 0x0, 0x0, 0x0, 0x5,
    0xff, 0xff, 0xfd, 0x0, 0x0, 0xcf, 0xff, 0xff,
    0x40, 0x0, 0x0, 0x0, 0x0, 0x1f, 0xff, 0xff,
    0xf2, 0x0, 0x1f, 0xff, 0xff, 0xf0, 0x0, 0x0,
    0x0, 0x0, 0x0, 0xcf, 0xff, 0xff, 0x70, 0x6,
    0xff, 0xff, 0xfb, 0x0, 0x0, 0x0, 0x0, 0x0,
    0x7, 0xff, 0xff, 0xfc, 0x0, 0xbf, 0xff, 0xff,
    0x60, 0x0, 0x0, 0x0, 0x0, 0x0, 0x2f, 0xff,
    0xff, 0xf1, 0x1f, 0xff, 0xff, 0xf1, 0x0, 0x0,
    0x0, 0x0, 0x0, 0x0, 0xdf, 0xff, 0xff, 0x60,

    /* U+0042 "B" */
    0xef, 0xff, 0xff, 0xff, 0xff, 0xff, 0xff, 0xec,
    0x81, 0x0, 0x0, 0xe, 0xff, 0xff, 0xff, 0xff,
    0xff, 0xff, 0xff, 0xff, 0xf6, 0x0, 0x0, 0xef,
    0xff, 0xff, 0xff, 0xff, 0xff, 0xff, 0xff, 0xff,
    0xf6, 0x0, 0xe, 0xff, 0xff, 0xff, 0xff, 0xff,
    0xff, 0xff, 0xff, 0xff, 0xf1, 0x0, 0xef, 0xff,
    0xff, 0xff, 0xff, 0xff, 0xff, 0xff, 0xff, 0xff,
    0x80, 0xe, 0xff, 0xff, 0xf5, 0x44, 0x44, 0x44,
    0x9f, 0xff, 0xff, 0xfc, 0x0, 0xef, 0xff, 0xff,
    0x20, 0x0, 0x0, 0x0, 0x9f, 0xff, 0xff, 0xe0,
    0xe, 0xff, 0xff, 0xf2, 0x0, 0x0, 0x0, 0x4,
    0xff, 0xff, 0xff, 0x0, 0xef, 0xff, 0xff, 0x20,
    0x0, 0x0, 0x0, 0x3f, 0xff, 0xff, 0xe0, 0xe,
    0xff, 0xff, 0xf2, 0x0, 0x0, 0x0, 0x4, 0xff,
    0xff, 0xfc, 0x0, 0xef, 0xff, 0xff, 0x20, 0x0,
    0x0, 0x0, 0x7f, 0xff, 0xff, 0x80, 0xe, 0xff,
    0xff, 0xf2, 0x0, 0x0, 0x0, 0x5f, 0xff, 0xff,
    0xe1, 0x0, 0xef, 0xff, 0xff, 0xff, 0xff, 0xff,
    0xff, 0xff, 0xff, 0xf4, 0x0, 0xe, 0xff, 0xff,
    0xff, 0xff, 0xff, 0xff, 0xff, 0xfb, 0x81, 0x0,
    0x0, 0xef, 0xff, 0xff, 0xff, 0xff, 0xff, 0xff,
    0xff, 0xeb, 0x50, 0x0, 0xe, 0xff, 0xff, 0xff,
    0xff, 0xff, 0xff, 0xff, 0xff, 0xff, 0xb0, 0x0,
    0xef, 0xff, 0xff, 0xff, 0xff, 0xff, 0xff, 0xff,
    0xff, 0xff, 0xb0, 0xe, 0xff, 0xff, 0xf3, 0x11,
    0x11, 0x11, 0x26, 0xff, 0xff, 0xff, 0x50, 0xef,
    0xff, 0xff, 0x20, 0x0, 0x0, 0x0, 0x8, 0xff,
    0xff, 0xfb, 0xe, 0xff, 0xff, 0xf2, 0x0, 0x0,
    0x0, 0x0, 0x4f, 0xff, 0xff, 0xf0, 0xef, 0xff,
    0xff, 0x20, 0x0, 0x0, 0x0, 0x3, 0xff, 0xff,
    0xff, 0xe, 0xff, 0xff, 0xf2, 0x0, 0x0, 0x0,
    0x0, 0x4f, 0xff, 0xff, 0xf0, 0xef, 0xff, 0xff,
    0x20, 0x0, 0x0, 0x0, 0x9, 0xff, 0xff, 0xfe,
    0xe, 0xff, 0xff, 0xf5, 0x44, 0x44, 0x44, 0x49,
    0xff, 0xff, 0xff, 0xa0, 0xef, 0xff, 0xff, 0xff,
    0xff, 0xff, 0xff, 0xff, 0xff, 0xff, 0xf4, 0xe,
    0xff, 0xff, 0xff, 0xff, 0xff, 0xff, 0xff, 0xff,
    0xff, 0xfc, 0x0, 0xef, 0xff, 0xff, 0xff, 0xff,
    0xff, 0xff, 0xff, 0xff, 0xfe, 0x20, 0xe, 0xff,
    0xff, 0xff, 0xff, 0xff, 0xff, 0xff, 0xff, 0xfd,
    0x20, 0x0, 0xef, 0xff, 0xff, 0xff, 0xff, 0xff,
    0xff, 0xfe, 0xc7, 0x0, 0x0, 0x0,

    /* U+0043 "C" */
    0x0, 0x0, 0x0, 0x1, 0x6b, 0xde, 0xfe, 0xda,
    0x61, 0x0, 0x0, 0x0, 0x0, 0x0, 0x19, 0xff,
    0xff, 0xff, 0xff, 0xff, 0xf8, 0x0, 0x0, 0x0,
    0x0, 0x4f, 0xff, 0xff, 0xff, 0xff, 0xff, 0xff,
    0xfc, 0x10, 0x0, 0x0, 0x5f, 0xff, 0xff, 0xff,
    0xff, 0xff, 0xff, 0xff, 0xfc, 0x0, 0x0, 0x2f,
    0xff, 0xff, 0xff, 0xff, 0xff, 0xff, 0xff, 0xff,
    0xf9, 0x0, 0xc, 0xff, 0xff, 0xff, 0xfc, 0x98,
    0xad, 0xff, 0xff, 0xff, 0xf3, 0x5, 0xff, 0xff,
    0xff, 0xd3, 0x0, 0x0, 0x6, 0xff, 0xff, 0xff,
    0x90, 0xbf, 0xff, 0xff, 0xd0, 0x0, 0x0, 0x0,
    0x6, 0xff, 0xfd, 0x50, 0x2f, 0xff, 0xff, 0xf3,
    0x0, 0x0, 0x0, 0x0, 0xd, 0xe6, 0x0, 0x5,
    0xff, 0xff, 0xfd, 0x0, 0x0, 0x0, 0x0, 0x0,
    0x20, 0x0, 0x0, 0x9f, 0xff, 0xff, 0x90, 0x0,
    0x0, 0x0, 0x0, 0x0, 0x0, 0x0, 0xc, 0xff,
    0xff, 0xf7, 0x0, 0x0, 0x0, 0x0, 0x0, 0x0,
    0x0, 0x0, 0xdf, 0xff, 0xff, 0x70, 0x0, 0x0,
    0x0, 0x0, 0x0, 0x0, 0x0, 0xe, 0xff, 0xff,
    0xf7, 0x0, 0x0, 0x0, 0x0, 0x0, 0x0, 0x0,
    0x0, 0xff, 0xff, 0xff, 0x70, 0x0, 0x0, 0x0,
    0x0, 0x0, 0x0, 0x0, 0xf, 0xff, 0xff, 0xf7,
    0x0, 0x0, 0x0, 0x0, 0x0, 0x0, 0x0, 0x0,
    0xef, 0xff, 0xff, 0x70, 0x0, 0x0, 0x0, 0x0,
    0x0, 0x0, 0x0, 0xd, 0xff, 0xff, 0xf7, 0x0,
    0x0, 0x0, 0x0, 0x0, 0x0, 0x0, 0x0, 0xaf,
    0xff, 0xff, 0x90, 0x0, 0x0, 0x0, 0x0, 0x0,
    0x0, 0x0, 0x7, 0xff, 0xff, 0xfd, 0x0, 0x0,
    0x0, 0x0, 0x0, 0x24, 0x0, 0x0, 0x3f, 0xff,
    0xff, 0xf3, 0x0, 0x0, 0x0, 0x0, 0xa, 0xfb,
    0x20, 0x0, 0xef, 0xff, 0xff, 0xd0, 0x0, 0x0,
    0x0, 0x6, 0xff, 0xff, 0x91, 0x7, 0xff, 0xff,
    0xff, 0xd3, 0x0, 0x0, 0x6, 0xff, 0xff, 0xff,
    0xa0, 0xe, 0xff, 0xff, 0xff, 0xfc, 0x98, 0x9e,
    0xff, 0xff, 0xff, 0xf2, 0x0, 0x4f, 0xff, 0xff,
    0xff, 0xff, 0xff, 0xff, 0xff, 0xff, 0xf7, 0x0,
    0x0, 0x8f, 0xff, 0xff, 0xff, 0xff, 0xff, 0xff,
    0xff, 0xfa, 0x0, 0x0, 0x0, 0x6f, 0xff, 0xff,
    0xff, 0xff, 0xff, 0xff, 0xfa, 0x0, 0x0, 0x0,
    0x0, 0x2b, 0xff, 0xff, 0xff, 0xff, 0xff, 0xe6,
    0x0, 0x0, 0x0, 0x0, 0x0, 0x2, 0x7b, 0xde,
    0xfe, 0xda, 0x50, 0x0, 0x0, 0x0,

    /* U+0044 "D" */
    0xef, 0xff, 0xff, 0xff, 0xff, 0xfe, 0xda, 0x61,
    0x0, 0x0, 0x0, 0xe, 0xff, 0xff, 0xff, 0xff,
    0xff, 0xff, 0xff, 0xf9, 0x10, 0x0, 0x0, 0xef,
    0xff, 0xff, 0xff, 0xff, 0xff, 0xff, 0xff, 0xff,
    0x40, 0x0, 0xe, 0xff, 0xff, 0xff, 0xff, 0xff,
    0xff, 0xff, 0xff, 0xff, 0x50, 0x0, 0xef, 0xff,
    0xff, 0xff, 0xff, 0xff, 0xff, 0xff, 0xff, 0xff,
    0x20, 0xe, 0xff, 0xff, 0xf9, 0x88, 0x88, 0x9c,
    0xff, 0xff, 0xff, 0xfc, 0x0, 0xef, 0xff, 0xff,
    0x20, 0x0, 0x0, 0x2, 0xcf, 0xff, 0xff, 0xf4,
    0xe, 0xff, 0xff, 0xf2, 0x0, 0x0, 0x0, 0x0,
    0xdf, 0xff, 0xff, 0xb0, 0xef, 0xff, 0xff, 0x20,
    0x0, 0x0, 0x0, 0x3, 0xff, 0xff, 0xff, 0x1e,
    0xff, 0xff, 0xf2, 0x0, 0x0, 0x0, 0x0, 0xe,
    0xff, 0xff, 0xf4, 0xef, 0xff, 0xff, 0x20, 0x0,
    0x0, 0x0, 0x0, 0xbf, 0xff, 0xff, 0x8e, 0xff,
    0xff, 0xf2, 0x0, 0x0, 0x0, 0x0, 0x9, 0xff,
    0xff, 0xfa, 0xef, 0xff, 0xff, 0x20, 0x0, 0x0,
    0x0, 0x0, 0x9f, 0xff, 0xff, 0xbe, 0xff, 0xff,
    0xf2, 0x0, 0x0, 0x0, 0x0, 0x9, 0xff, 0xff,
    0xfc, 0xef, 0xff, 0xff, 0x20, 0x0, 0x0, 0x0,
    0x0, 0x9f, 0xff, 0xff, 0xde, 0xff, 0xff, 0xf2,
    0x0, 0x0, 0x0, 0x0, 0x9, 0xff, 0xff, 0xfc,
    0xef, 0xff, 0xff, 0x20, 0x0, 0x0, 0x0, 0x0,
    0x9f, 0xff, 0xff, 0xbe, 0xff, 0xff, 0xf2, 0x0,
    0x0, 0x0, 0x0, 0x9, 0xff, 0xff, 0xfa, 0xef,
    0xff, 0xff, 0x20, 0x0, 0x0, 0x0, 0x0, 0xbf,
    0xff, 0xff, 0x8e, 0xff, 0xff, 0xf2, 0x0, 0x0,
    0x0, 0x0, 0xe, 0xff, 0xff, 0xf4, 0xef, 0xff,
    0xff, 0x20, 0x0, 0x0, 0x0, 0x3, 0xff, 0xff,
    0xff, 0x1e, 0xff, 0xff, 0xf2, 0x0, 0x0, 0x0,
    0x0, 0xdf, 0xff, 0xff, 0xb0, 0xef, 0xff, 0xff,
    0x20, 0x0, 0x0, 0x2, 0xcf, 0xff, 0xff, 0xf4,
    0xe, 0xff, 0xff, 0xf9, 0x88, 0x88, 0x9c, 0xff,
    0xff, 0xff, 0xfc, 0x0, 0xef, 0xff, 0xff, 0xff,
    0xff, 0xff, 0xff, 0xff, 0xff, 0xff, 0x20, 0xe,
    0xff, 0xff, 0xff, 0xff, 0xff, 0xff, 0xff, 0xff,
    0xff, 0x50, 0x0, 0xef, 0xff, 0xff, 0xff, 0xff,
    0xff, 0xff, 0xff, 0xff, 0x40, 0x0, 0xe, 0xff,
    0xff, 0xff, 0xff, 0xff, 0xff, 0xff, 0xfa, 0x10,
    0x0, 0x0, 0xef, 0xff, 0xff, 0xff, 0xff, 0xfe,
    0xdb, 0x62, 0x0, 0x0, 0x0, 0x0,

    /* U+0045 "E" */
    0xef, 0xff, 0xff, 0xff, 0xff, 0xff, 0xff, 0xff,
    0xff, 0xf1, 0xef, 0xff, 0xff, 0xff, 0xff, 0xff,
    0xff, 0xff, 0xff, 0xf1, 0xef, 0xff, 0xff, 0xff,
    0xff, 0xff, 0xff, 0xff, 0xff, 0xf1, 0xef, 0xff,
    0xff, 0xff, 0xff, 0xff, 0xff, 0xff, 0xff, 0xf1,
    0xef, 0xff, 0xff, 0xff, 0xff, 0xff, 0xff, 0xff,
    0xff, 0xf1, 0xef, 0xff, 0xff, 0x98, 0x88, 0x88,
    0x88, 0x88, 0x88, 0x80, 0xef, 0xff, 0xff, 0x20,
    0x0, 0x0, 0x0, 0x0, 0x0, 0x0, 0xef, 0xff,
    0xff, 0x20, 0x0, 0x0, 0x0, 0x0, 0x0, 0x0,
    0xef, 0xff, 0xff, 0x20, 0x0, 0x0, 0x0, 0x0,
    0x0, 0x0, 0xef, 0xff, 0xff, 0x20, 0x0, 0x0,
    0x0, 0x0, 0x0, 0x0, 0xef, 0xff, 0xff, 0x20,
    0x0, 0x0, 0x0, 0x0, 0x0, 0x0, 0xef, 0xff,
    0xff, 0x20, 0x0, 0x0, 0x0, 0x0, 0x0, 0x0,
    0xef, 0xff, 0xff, 0xff, 0xff, 0xff, 0xff, 0xff,
    0xf3, 0x0, 0xef, 0xff, 0xff, 0xff, 0xff, 0xff,
    0xff, 0xff, 0xf3, 0x0, 0xef, 0xff, 0xff, 0xff,
    0xff, 0xff, 0xff, 0xff, 0xf3, 0x0, 0xef, 0xff,
    0xff, 0xff, 0xff, 0xff, 0xff, 0xff, 0xf3, 0x0,
    0xef, 0xff, 0xff, 0xff, 0xff, 0xff, 0xff, 0xff,
    0xf3, 0x0, 0xef, 0xff, 0xff, 0x97, 0x77, 0x77,
    0x77, 0x77, 0x71, 0x0, 0xef, 0xff, 0xff, 0x20,
    0x0, 0x0, 0x0, 0x0, 0x0, 0x0, 0xef, 0xff,
    0xff, 0x20, 0x0, 0x0, 0x0, 0x0, 0x0, 0x0,
    0xef, 0xff, 0xff, 0x20, 0x0, 0x0, 0x0, 0x0,
    0x0, 0x0, 0xef, 0xff, 0xff, 0x20, 0x0, 0x0,
    0x0, 0x0, 0x0, 0x0, 0xef, 0xff, 0xff, 0x20,
    0x0, 0x0, 0x0, 0x0, 0x0, 0x0, 0xef, 0xff,
    0xff, 0x98, 0x88, 0x88, 0x88, 0x88, 0x88, 0x80,
    0xef, 0xff, 0xff, 0xff, 0xff, 0xff, 0xff, 0xff,
    0xff, 0xf1, 0xef, 0xff, 0xff, 0xff, 0xff, 0xff,
    0xff, 0xff, 0xff, 0xf1, 0xef, 0xff, 0xff, 0xff,
    0xff, 0xff, 0xff, 0xff, 0xff, 0xf1, 0xef, 0xff,
    0xff, 0xff, 0xff, 0xff, 0xff, 0xff, 0xff, 0xf1,
    0xef, 0xff, 0xff, 0xff, 0xff, 0xff, 0xff, 0xff,
    0xff, 0xf1,

    /* U+0046 "F" */
    0xef, 0xff, 0xff, 0xff, 0xff, 0xff, 0xff, 0xff,
    0xff, 0x9e, 0xff, 0xff, 0xff, 0xff, 0xff, 0xff,
    0xff, 0xff, 0xf9, 0xef, 0xff, 0xff, 0xff, 0xff,
    0xff, 0xff, 0xff, 0xff, 0x9e, 0xff, 0xff, 0xff,
    0xff, 0xff, 0xff, 0xff, 0xff, 0xf9, 0xef, 0xff,
    0xff, 0xff, 0xff, 0xff, 0xff, 0xff, 0xff, 0x9e,
    0xff, 0xff, 0xf9, 0x88, 0x88, 0x88, 0x88, 0x88,
    0x85, 0xef, 0xff, 0xff, 0x20, 0x0, 0x0, 0x0,
    0x0, 0x0, 0xe, 0xff, 0xff, 0xf2, 0x0, 0x0,
    0x0, 0x0, 0x0, 0x0, 0xef, 0xff, 0xff, 0x20,
    0x0, 0x0, 0x0, 0x0, 0x0, 0xe, 0xff, 0xff,
    0xf2, 0x0, 0x0, 0x0, 0x0, 0x0, 0x0, 0xef,
    0xff, 0xff, 0x20, 0x0, 0x0, 0x0, 0x0, 0x0,
    0xe, 0xff, 0xff, 0xf2, 0x0, 0x0, 0x0, 0x0,
    0x0, 0x0, 0xef, 0xff, 0xff, 0xff, 0xff, 0xff,
    0xff, 0xff, 0xc0, 0xe, 0xff, 0xff, 0xff, 0xff,
    0xff, 0xff, 0xff, 0xfc, 0x0, 0xef, 0xff, 0xff,
    0xff, 0xff, 0xff, 0xff, 0xff, 0xc0, 0xe, 0xff,
    0xff, 0xff, 0xff, 0xff, 0xff, 0xff, 0xfc, 0x0,
    0xef, 0xff, 0xff, 0xff, 0xff, 0xff, 0xff, 0xff,
    0xc0, 0xe, 0xff, 0xff, 0xf9, 0x77, 0x77, 0x77,
    0x77, 0x75, 0x0, 0xef, 0xff, 0xff, 0x20, 0x0,
    0x0, 0x0, 0x0, 0x0, 0xe, 0xff, 0xff, 0xf2,
    0x0, 0x0, 0x0, 0x0, 0x0, 0x0, 0xef, 0xff,
    0xff, 0x20, 0x0, 0x0, 0x0, 0x0, 0x0, 0xe,
    0xff, 0xff, 0xf2, 0x0, 0x0, 0x0, 0x0, 0x0,
    0x0, 0xef, 0xff, 0xff, 0x20, 0x0, 0x0, 0x0,
    0x0, 0x0, 0xe, 0xff, 0xff, 0xf2, 0x0, 0x0,
    0x0, 0x0, 0x0, 0x0, 0xef, 0xff, 0xff, 0x20,
    0x0, 0x0, 0x0, 0x0, 0x0, 0xe, 0xff, 0xff,
    0xf2, 0x0, 0x0, 0x0, 0x0, 0x0, 0x0, 0xef,
    0xff, 0xff, 0x20, 0x0, 0x0, 0x0, 0x0, 0x0,
    0xe, 0xff, 0xff, 0xf2, 0x0, 0x0, 0x0, 0x0,
    0x0, 0x0, 0xef, 0xff, 0xff, 0x20, 0x0, 0x0,
    0x0, 0x0, 0x0, 0x0,

    /* U+0047 "G" */
    0x0, 0x0, 0x0, 0x0, 0x5a, 0xce, 0xff, 0xdb,
    0x72, 0x0, 0x0, 0x0, 0x0, 0x0, 0x0, 0x7f,
    0xff, 0xff, 0xff, 0xff, 0xff, 0xa2, 0x0, 0x0,
    0x0, 0x0, 0x2e, 0xff, 0xff, 0xff, 0xff, 0xff,
    0xff, 0xff, 0x50, 0x0, 0x0, 0x3, 0xef, 0xff,
    0xff, 0xff, 0xff, 0xff, 0xff, 0xff, 0xf5, 0x0,
    0x0, 0x1e, 0xff, 0xff, 0xff, 0xff, 0xff, 0xff,
    0xff, 0xff, 0xff, 0x20, 0x0, 0xbf, 0xff, 0xff,
    0xff, 0xda, 0x89, 0xbf, 0xff, 0xff, 0xff, 0xc0,
    0x4, 0xff, 0xff, 0xff, 0xd3, 0x0, 0x0, 0x1,
    0xbf, 0xff, 0xff, 0xf3, 0xb, 0xff, 0xff, 0xfc,
    0x0, 0x0, 0x0, 0x0, 0xb, 0xff, 0xfa, 0x10,
    0x1f, 0xff, 0xff, 0xf3, 0x0, 0x0, 0x0, 0x0,
    0x1, 0xfc, 0x30, 0x0, 0x5f, 0xff, 0xff, 0xc0,
    0x0, 0x0, 0x0, 0x0, 0x0, 0x20, 0x0, 0x0,
    0x9f, 0xff, 0xff, 0x90, 0x0, 0x0, 0x0, 0x0,
    0x0, 0x0, 0x0, 0x0, 0xcf, 0xff, 0xff, 0x70,
    0x0, 0x0, 0x0, 0x0, 0x0, 0x0, 0x0, 0x0,
    0xdf, 0xff, 0xff, 0x70, 0x0, 0x0, 0x3, 0x33,
    0x33, 0x33, 0x33, 0x32, 0xef, 0xff, 0xff, 0x70,
    0x0, 0x0, 0x1f, 0xff, 0xff, 0xff, 0xff, 0xfe,
    0xff, 0xff, 0xff, 0x70, 0x0, 0x0, 0x1f, 0xff,
    0xff, 0xff, 0xff, 0xfe, 0xff, 0xff, 0xff, 0x70,
    0x0, 0x0, 0x1f, 0xff, 0xff, 0xff, 0xff, 0xfe,
    0xef, 0xff, 0xff, 0x70, 0x0, 0x0, 0x1f, 0xff,
    0xff, 0xff, 0xff, 0xfe, 0xcf, 0xff, 0xff, 0x70,
    0x0, 0x0, 0x1f, 0xff, 0xff, 0xff, 0xff, 0xfe,
    0xaf, 0xff, 0xff, 0x90, 0x0, 0x0, 0x0, 0x0,
    0x0, 0xef, 0xff, 0xfe, 0x6f, 0xff, 0xff, 0xc0,
    0x0, 0x0, 0x0, 0x0, 0x0, 0xef, 0xff, 0xfe,
    0x3f, 0xff, 0xff, 0xf3, 0x0, 0x0, 0x0, 0x0,
    0x1, 0xff, 0xff, 0xfe, 0xd, 0xff, 0xff, 0xfc,
    0x0, 0x0, 0x0, 0x0, 0x8, 0xff, 0xff, 0xfe,
    0x6, 0xff, 0xff, 0xff, 0xc3, 0x0, 0x0, 0x1,
    0x9f, 0xff, 0xff, 0xfe, 0x0, 0xef, 0xff, 0xff,
    0xff, 0xd9, 0x89, 0xbf, 0xff, 0xff, 0xff, 0xfe,
    0x0, 0x4f, 0xff, 0xff, 0xff, 0xff, 0xff, 0xff,
    0xff, 0xaf, 0xff, 0xfe, 0x0, 0x8, 0xff, 0xff,
    0xff, 0xff, 0xff, 0xff, 0xff, 0x5f, 0xff, 0xfe,
    0x0, 0x0, 0x7f, 0xff, 0xff, 0xff, 0xff, 0xff,
    0xf8, 0x3f, 0xff, 0xfe, 0x0, 0x0, 0x3, 0xcf,
    0xff, 0xff, 0xff, 0xff, 0x80, 0x3f, 0xff, 0xfe,
    0x0, 0x0, 0x0, 0x4, 0x9c, 0xef, 0xfc, 0x82,
    0x0, 0x3f, 0xff, 0xfe,

    /* U+0048 "H" */
    0xef, 0xff, 0xff, 0x20, 0x0, 0x0, 0x0, 0x0,
    0x3f, 0xff, 0xff, 0xee, 0xff, 0xff, 0xf2, 0x0,
    0x0, 0x0, 0x0, 0x3, 0xff, 0xff, 0xfe, 0xef,
    0xff, 0xff, 0x20, 0x0, 0x0, 0x0, 0x0, 0x3f,
    0xff, 0xff, 0xee, 0xff, 0xff, 0xf2, 0x0, 0x0,
    0x0, 0x0, 0x3, 0xff, 0xff, 0xfe, 0xef, 0xff,
    0xff, 0x20, 0x0, 0x0, 0x0, 0x0, 0x3f, 0xff,
    0xff, 0xee, 0xff, 0xff, 0xf2, 0x0, 0x0, 0x0,
    0x0, 0x3, 0xff, 0xff, 0xfe, 0xef, 0xff, 0xff,
    0x20, 0x0, 0x0, 0x0, 0x0, 0x3f, 0xff, 0xff,
    0xee, 0xff, 0xff, 0xf2, 0x0, 0x0, 0x0, 0x0,
    0x3, 0xff, 0xff, 0xfe, 0xef, 0xff, 0xff, 0x20,
    0x0, 0x0, 0x0, 0x0, 0x3f, 0xff, 0xff, 0xee,
    0xff, 0xff, 0xf2, 0x0, 0x0, 0x0, 0x0, 0x3,
    0xff, 0xff, 0xfe, 0xef, 0xff, 0xff, 0x20, 0x0,
    0x0, 0x0, 0x0, 0x3f, 0xff, 0xff, 0xee, 0xff,
    0xff, 0xf2, 0x0, 0x0, 0x0, 0x0, 0x3, 0xff,
    0xff, 0xfe, 0xef, 0xff, 0xff, 0xff, 0xff, 0xff,
    0xff, 0xff, 0xff, 0xff, 0xff, 0xee, 0xff, 0xff,
    0xff, 0xff, 0xff, 0xff, 0xff, 0xff, 0xff, 0xff,
    0xfe, 0xef, 0xff, 0xff, 0xff, 0xff, 0xff, 0xff,
    0xff, 0xff, 0xff, 0xff, 0xee, 0xff, 0xff, 0xff,
    0xff, 0xff, 0xff, 0xff, 0xff, 0xff, 0xff, 0xfe,
    0xef, 0xff, 0xff, 0xff, 0xff, 0xff, 0xff, 0xff,
    0xff, 0xff, 0xff, 0xee, 0xff, 0xff, 0xf9, 0x77,
    0x77, 0x77, 0x77, 0x79, 0xff, 0xff, 0xfe, 0xef,
    0xff, 0xff, 0x20, 0x0, 0x0, 0x0, 0x0, 0x3f,
    0xff, 0xff, 0xee, 0xff, 0xff, 0xf2, 0x0, 0x0,
    0x0, 0x0, 0x3, 0xff, 0xff, 0xfe, 0xef, 0xff,
    0xff, 0x20, 0x0, 0x0, 0x0, 0x0, 0x3f, 0xff,
    0xff, 0xee, 0xff, 0xff, 0xf2, 0x0, 0x0, 0x0,
    0x0, 0x3, 0xff, 0xff, 0xfe, 0xef, 0xff, 0xff,
    0x20, 0x0, 0x0, 0x0, 0x0, 0x3f, 0xff, 0xff,
    0xee, 0xff, 0xff, 0xf2, 0x0, 0x0, 0x0, 0x0,
    0x3, 0xff, 0xff, 0xfe, 0xef, 0xff, 0xff, 0x20,
    0x0, 0x0, 0x0, 0x0, 0x3f, 0xff, 0xff, 0xee,
    0xff, 0xff, 0xf2, 0x0, 0x0, 0x0, 0x0, 0x3,
    0xff, 0xff, 0xfe, 0xef, 0xff, 0xff, 0x20, 0x0,
    0x0, 0x0, 0x0, 0x3f, 0xff, 0xff, 0xee, 0xff,
    0xff, 0xf2, 0x0, 0x0, 0x0, 0x0, 0x3, 0xff,
    0xff, 0xfe, 0xef, 0xff, 0xff, 0x20, 0x0, 0x0,
    0x0, 0x0, 0x3f, 0xff, 0xff, 0xe0,

    /* U+0049 "I" */
    0xff, 0xff, 0xff, 0xff, 0xff, 0xff, 0xf4, 0xff,
    0xff, 0xff, 0xff, 0xff, 0xff, 0xf4, 0xff, 0xff,
    0xff, 0xff, 0xff, 0xff, 0xf4, 0xff, 0xff, 0xff,
    0xff, 0xff, 0xff, 0xf4, 0xff, 0xff, 0xff, 0xff,
    0xff, 0xff, 0xf4, 0x0, 0x6, 0xff, 0xff, 0xfb,
    0x0, 0x0, 0x0, 0x6, 0xff, 0xff, 0xfb, 0x0,
    0x0, 0x0, 0x6, 0xff, 0xff, 0xfb, 0x0, 0x0,
    0x0, 0x6, 0xff, 0xff, 0xfb, 0x0, 0x0, 0x0,
    0x6, 0xff, 0xff, 0xfb, 0x0, 0x0, 0x0, 0x6,
    0xff, 0xff, 0xfb, 0x0, 0x0, 0x0, 0x6, 0xff,
    0xff, 0xfb, 0x0, 0x0, 0x0, 0x6, 0xff, 0xff,
    0xfb, 0x0, 0x0, 0x0, 0x6, 0xff, 0xff, 0xfb,
    0x0, 0x0, 0x0, 0x6, 0xff, 0xff, 0xfb, 0x0,
    0x0, 0x0, 0x6, 0xff, 0xff, 0xfb, 0x0, 0x0,
    0x0, 0x6, 0xff, 0xff, 0xfb, 0x0, 0x0, 0x0,
    0x6, 0xff, 0xff, 0xfb, 0x0, 0x0, 0x0, 0x6,
    0xff, 0xff, 0xfb, 0x0, 0x0, 0x0, 0x6, 0xff,
    0xff, 0xfb, 0x0, 0x0, 0x0, 0x6, 0xff, 0xff,
    0xfb, 0x0, 0x0, 0x0, 0x6, 0xff, 0xff, 0xfb,
    0x0, 0x0, 0x0, 0x6, 0xff, 0xff, 0xfb, 0x0,
    0x0, 0x0, 0x6, 0xff, 0xff, 0xfb, 0x0, 0x0,
    0xff, 0xff, 0xff, 0xff, 0xff, 0xff, 0xf4, 0xff,
    0xff, 0xff, 0xff, 0xff, 0xff, 0xf4, 0xff, 0xff,
    0xff, 0xff, 0xff, 0xff, 0xf4, 0xff, 0xff, 0xff,
    0xff, 0xff, 0xff, 0xf4, 0xff, 0xff, 0xff, 0xff,
    0xff, 0xff, 0xf4,

    /* U+004A "J" */
    0x0, 0x2, 0xff, 0xff, 0xff, 0xff, 0xff, 0xff,
    0xff, 0x70, 0x0, 0x2f, 0xff, 0xff, 0xff, 0xff,
    0xff, 0xff, 0xf7, 0x0, 0x2, 0xff, 0xff, 0xff,
    0xff, 0xff, 0xff, 0xff, 0x70, 0x0, 0x2f, 0xff,
    0xff, 0xff, 0xff, 0xff, 0xff, 0xf7, 0x0, 0x2,
    0xff, 0xff, 0xff, 0xff, 0xff, 0xff, 0xff, 0x70,
    0x0, 0x0, 0x0, 0x0, 0x0, 0xa, 0xff, 0xff,
    0xf7, 0x0, 0x0, 0x0, 0x0, 0x0, 0x0, 0xaf,
    0xff, 0xff, 0x70, 0x0, 0x0, 0x0, 0x0, 0x0,
    0xa, 0xff, 0xff, 0xf7, 0x0, 0x0, 0x0, 0x0,
    0x0, 0x0, 0xaf, 0xff, 0xff, 0x70, 0x0, 0x0,
    0x0, 0x0, 0x0, 0xa, 0xff, 0xff, 0xf7, 0x0,
    0x0, 0x0, 0x0, 0x0, 0x0, 0xaf, 0xff, 0xff,
    0x70, 0x0, 0x0, 0x0, 0x0, 0x0, 0xa, 0xff,
    0xff, 0xf7, 0x0, 0x0, 0x0, 0x0, 0x0, 0x0,
    0xaf, 0xff, 0xff, 0x70, 0x0, 0x0, 0x0, 0x0,
    0x0, 0xa, 0xff, 0xff, 0xf7, 0x0, 0x0, 0x0,
    0x0, 0x0, 0x0, 0xaf, 0xff, 0xff, 0x70, 0x0,
    0x0, 0x0, 0x0, 0x0, 0xa, 0xff, 0xff, 0xf7,
    0x0, 0x0, 0x0, 0x0, 0x0, 0x0, 0xaf, 0xff,
    0xff, 0x70, 0x0, 0x0, 0x0, 0x0, 0x0, 0xa,
    0xff, 0xff, 0xf7, 0x0, 0x0, 0x0, 0x0, 0x0,
    0x0, 0xaf, 0xff, 0xff, 0x70, 0x0, 0x0, 0x10,
    0x0, 0x0, 0xa, 0xff, 0xff, 0xf7, 0x25, 0x8b,
    0xee, 0x0, 0x0, 0x0, 0xbf, 0xff, 0xff, 0x6e,
    0xff, 0xff, 0xf3, 0x0, 0x0, 0xe, 0xff, 0xff,
    0xf5, 0xaf, 0xff, 0xff, 0xc1, 0x0, 0x8, 0xff,
    0xff, 0xff, 0x24, 0xff, 0xff, 0xff, 0xe9, 0x8c,
    0xff, 0xff, 0xff, 0xe0, 0xd, 0xff, 0xff, 0xff,
    0xff, 0xff, 0xff, 0xff, 0xf7, 0x0, 0x3f, 0xff,
    0xff, 0xff, 0xff, 0xff, 0xff, 0xfd, 0x0, 0x0,
    0x6f, 0xff, 0xff, 0xff, 0xff, 0xff, 0xfe, 0x20,
    0x0, 0x0, 0x4e, 0xff, 0xff, 0xff, 0xff, 0xfa,
    0x10, 0x0, 0x0, 0x0, 0x5, 0xad, 0xff, 0xec,
    0x82, 0x0, 0x0, 0x0,

    /* U+004B "K" */
    0xef, 0xff, 0xff, 0x20, 0x0, 0x0, 0x0, 0x0,
    0xbf, 0xff, 0xff, 0xf2, 0xe, 0xff, 0xff, 0xf2,
    0x0, 0x0, 0x0, 0x0, 0x8f, 0xff, 0xff, 0xf5,
    0x0, 0xef, 0xff, 0xff, 0x20, 0x0, 0x0, 0x0,
    0x4f, 0xff, 0xff, 0xf8, 0x0, 0xe, 0xff, 0xff,
    0xf2, 0x0, 0x0, 0x0, 0x1e, 0xff, 0xff, 0xfb,
    0x0, 0x0, 0xef, 0xff, 0xff, 0x20, 0x0, 0x0,
    0xc, 0xff, 0xff, 0xfe, 0x10, 0x0, 0xe, 0xff,
    0xff, 0xf2, 0x0, 0x0, 0x9, 0xff, 0xff, 0xff,
    0x30, 0x0, 0x0, 0xef, 0xff, 0xff, 0x20, 0x0,
    0x5, 0xff, 0xff, 0xff, 0x60, 0x0, 0x0, 0xe,
    0xff, 0xff, 0xf2, 0x0, 0x2, 0xff, 0xff, 0xff,
    0x90, 0x0, 0x0, 0x0, 0xef, 0xff, 0xff, 0x20,
    0x0, 0xdf, 0xff, 0xff, 0xc0, 0x0, 0x0, 0x0,
    0xe, 0xff, 0xff, 0xf2, 0x0, 0x9f, 0xff, 0xff,
    0xe1, 0x0, 0x0, 0x0, 0x0, 0xef, 0xff, 0xff,
    0x20, 0x4f, 0xff, 0xff, 0xf4, 0x0, 0x0, 0x0,
    0x0, 0xe, 0xff, 0xff, 0xf2, 0x1e, 0xff, 0xff,
    0xf7, 0x0, 0x0, 0x0, 0x0, 0x0, 0xef, 0xff,
    0xff, 0x2a, 0xff, 0xff, 0xff, 0x70, 0x0, 0x0,
    0x0, 0x0, 0xe, 0xff, 0xff, 0xf9, 0xff, 0xff,
    0xff, 0xff, 0x10, 0x0, 0x0, 0x0, 0x0, 0xef,
    0xff, 0xff, 0xff, 0xff, 0xff, 0xff, 0xfa, 0x0,
    0x0, 0x0, 0x0, 0xe, 0xff, 0xff, 0xff, 0xff,
    0xff, 0xff, 0xff, 0xf4, 0x0, 0x0, 0x0, 0x0,
    0xef, 0xff, 0xff, 0xff, 0xfc, 0xff, 0xff, 0xff,
    0xd0, 0x0, 0x0, 0x0, 0xe, 0xff, 0xff, 0xff,
    0xfd, 0x19, 0xff, 0xff, 0xff, 0x70, 0x0, 0x0,
    0x0, 0xef, 0xff, 0xff, 0xff, 0x20, 0x1e, 0xff,
    0xff, 0xff, 0x10, 0x0, 0x0, 0xe, 0xff, 0xff,
    0xff, 0x50, 0x0, 0x6f, 0xff, 0xff, 0xfa, 0x0,
    0x0, 0x0, 0xef, 0xff, 0xff, 0x80, 0x0, 0x0,
    0xcf, 0xff, 0xff, 0xf4, 0x0, 0x0, 0xe, 0xff,
    0xff, 0xf2, 0x0, 0x0, 0x3, 0xff, 0xff, 0xff,
    0xd0, 0x0, 0x0, 0xef, 0xff, 0xff, 0x20, 0x0,
    0x0, 0xa, 0xff, 0xff, 0xff, 0x70, 0x0, 0xe,
    0xff, 0xff, 0xf2, 0x0, 0x0, 0x0, 0x1f, 0xff,
    0xff, 0xff, 0x10, 0x0, 0xef, 0xff, 0xff, 0x20,
    0x0, 0x0, 0x0, 0x7f, 0xff, 0xff, 0xfa, 0x0,
    0xe, 0xff, 0xff, 0xf2, 0x0, 0x0, 0x0, 0x0,
    0xdf, 0xff, 0xff, 0xf4, 0x0, 0xef, 0xff, 0xff,
    0x20, 0x0, 0x0, 0x0, 0x4, 0xff, 0xff, 0xff,
    0xd0, 0xe, 0xff, 0xff, 0xf2, 0x0, 0x0, 0x0,
    0x0, 0xa, 0xff, 0xff, 0xff, 0x70, 0xef, 0xff,
    0xff, 0x20, 0x0, 0x0, 0x0, 0x0, 0x2f, 0xff,
    0xff, 0xff, 0x10,

    /* U+004C "L" */
    0xef, 0xff, 0xff, 0x20, 0x0, 0x0, 0x0, 0x0,
    0xe, 0xff, 0xff, 0xf2, 0x0, 0x0, 0x0, 0x0,
    0x0, 0xef, 0xff, 0xff, 0x20, 0x0, 0x0, 0x0,
    0x0, 0xe, 0xff, 0xff, 0xf2, 0x0, 0x0, 0x0,
    0x0, 0x0, 0xef, 0xff, 0xff, 0x20, 0x0, 0x0,
    0x0, 0x0, 0xe, 0xff, 0xff, 0xf2, 0x0, 0x0,
    0x0, 0x0, 0x0, 0xef, 0xff, 0xff, 0x20, 0x0,
    0x0, 0x0, 0x0, 0xe, 0xff, 0xff, 0xf2, 0x0,
    0x0, 0x0, 0x0, 0x0, 0xef, 0xff, 0xff, 0x20,
    0x0, 0x0, 0x0, 0x0, 0xe, 0xff, 0xff, 0xf2,
    0x0, 0x0, 0x0, 0x0, 0x0, 0xef, 0xff, 0xff,
    0x20, 0x0, 0x0, 0x0, 0x0, 0xe, 0xff, 0xff,
    0xf2, 0x0, 0x0, 0x0, 0x0, 0x0, 0xef, 0xff,
    0xff, 0x20, 0x0, 0x0, 0x0, 0x0, 0xe, 0xff,
    0xff, 0xf2, 0x0, 0x0, 0x0, 0x0, 0x0, 0xef,
    0xff, 0xff, 0x20, 0x0, 0x0, 0x0, 0x0, 0xe,
    0xff, 0xff, 0xf2, 0x0, 0x0, 0x0, 0x0, 0x0,
    0xef, 0xff, 0xff, 0x20, 0x0, 0x0, 0x0, 0x0,
    0xe, 0xff, 0xff, 0xf2, 0x0, 0x0, 0x0, 0x0,
    0x0, 0xef, 0xff, 0xff, 0x20, 0x0, 0x0, 0x0,
    0x0, 0xe, 0xff, 0xff, 0xf2, 0x0, 0x0, 0x0,
    0x0, 0x0, 0xef, 0xff, 0xff, 0x20, 0x0, 0x0,
    0x0, 0x0, 0xe, 0xff, 0xff, 0xf2, 0x0, 0x0,
    0x0, 0x0, 0x0, 0xef, 0xff, 0xff, 0x20, 0x0,
    0x0, 0x0, 0x0, 0xe, 0xff, 0xff, 0xf9, 0x88,
    0x88, 0x88, 0x88, 0x86, 0xef, 0xff, 0xff, 0xff,
    0xff, 0xff, 0xff, 0xff, 0xce, 0xff, 0xff, 0xff,
    0xff, 0xff, 0xff, 0xff, 0xfc, 0xef, 0xff, 0xff,
    0xff, 0xff, 0xff, 0xff, 0xff, 0xce, 0xff, 0xff,
    0xff, 0xff, 0xff, 0xff, 0xff, 0xfc, 0xef, 0xff,
    0xff, 0xff, 0xff, 0xff, 0xff, 0xff, 0xc0,

    /* U+004D "M" */
    0xef, 0xff, 0xff, 0xc0, 0x0, 0x0, 0x0, 0x0,
    0x0, 0x1, 0xff, 0xff, 0xff, 0xbe, 0xff, 0xff,
    0xff, 0x40, 0x0, 0x0, 0x0, 0x0, 0x0, 0x8f,
    0xff, 0xff, 0xfb, 0xef, 0xff, 0xff, 0xfc, 0x0,
    0x0, 0x0, 0x0, 0x0, 0x1f, 0xff, 0xff, 0xff,
    0xbe, 0xff, 0xff, 0xff, 0xf4, 0x0, 0x0, 0x0,
    0x0, 0x8, 0xff, 0xff, 0xff, 0xfb, 0xef, 0xff,
    0xff, 0xff, 0xc0, 0x0, 0x0, 0x0, 0x1, 0xff,
    0xff, 0xff, 0xff, 0xbe, 0xff, 0xff, 0xff, 0xff,
    0x40, 0x0, 0x0, 0x0, 0x8f, 0xff, 0xff, 0xff,
    0xfb, 0xef, 0xff, 0xff, 0xff, 0xfc, 0x0, 0x0,
    0x0, 0x1f, 0xff, 0xff, 0xff, 0xff, 0xbe, 0xff,
    0xff, 0xff, 0xff, 0xf4, 0x0, 0x0, 0x8, 0xff,
    0xff, 0xff, 0xff, 0xfb, 0xef, 0xff, 0xff, 0xff,
    0xff, 0xc0, 0x0, 0x1, 0xff, 0xff, 0xff, 0xff,
    0xff, 0xbe, 0xff, 0xff, 0xff, 0xff, 0xff, 0x40,
    0x0, 0x8f, 0xff, 0xff, 0xff, 0xff, 0xfb, 0xef,
    0xff, 0xfc, 0xbf, 0xff, 0xfc, 0x0, 0x1f, 0xff,
    0xff, 0xaf, 0xff, 0xff, 0xbe, 0xff, 0xff, 0xc3,
    0xff, 0xff, 0xf4, 0x8, 0xff, 0xff, 0xf2, 0xff,
    0xff, 0xfb, 0xef, 0xff, 0xfc, 0xc, 0xff, 0xff,
    0xc1, 0xff, 0xff, 0xf9, 0xf, 0xff, 0xff, 0xbe,
    0xff, 0xff, 0xc0, 0x4f, 0xff, 0xff, 0xcf, 0xff,
    0xff, 0x20, 0xff, 0xff, 0xfb, 0xef, 0xff, 0xfc,
    0x0, 0xdf, 0xff, 0xff, 0xff, 0xff, 0xa0, 0xf,
    0xff, 0xff, 0xbe, 0xff, 0xff, 0xc0, 0x4, 0xff,
    0xff, 0xff, 0xff, 0xf2, 0x0, 0xff, 0xff, 0xfb,
    0xef, 0xff, 0xfc, 0x0, 0xc, 0xff, 0xff, 0xff,
    0xf9, 0x0, 0xf, 0xff, 0xff, 0xbe, 0xff, 0xff,
    0xc0, 0x0, 0x4f, 0xff, 0xff, 0xff, 0x10, 0x0,
    0xff, 0xff, 0xfb, 0xef, 0xff, 0xfc, 0x0, 0x0,
    0xbf, 0xff, 0xff, 0x80, 0x0, 0xf, 0xff, 0xff,
    0xbe, 0xff, 0xff, 0xc0, 0x0, 0x3, 0xff, 0xff,
    0xe1, 0x0, 0x0, 0xff, 0xff, 0xfb, 0xef, 0xff,
    0xfc, 0x0, 0x0, 0xb, 0xff, 0xf7, 0x0, 0x0,
    0xf, 0xff, 0xff, 0xbe, 0xff, 0xff, 0xc0, 0x0,
    0x0, 0x3f, 0xfe, 0x0, 0x0, 0x0, 0xff, 0xff,
    0xfb, 0xef, 0xff, 0xfc, 0x0, 0x0, 0x0, 0xaf,
    0x60, 0x0, 0x0, 0xf, 0xff, 0xff, 0xbe, 0xff,
    0xff, 0xc0, 0x0, 0x0, 0x2, 0xd0, 0x0, 0x0,
    0x0, 0xff, 0xff, 0xfb, 0xef, 0xff, 0xfc, 0x0,
    0x0, 0x0, 0x1, 0x0, 0x0, 0x0, 0xf, 0xff,
    0xff, 0xbe, 0xff, 0xff, 0xc0, 0x0, 0x0, 0x0,
    0x0, 0x0, 0x0, 0x0, 0xff, 0xff, 0xfb, 0xef,
    0xff, 0xfc, 0x0, 0x0, 0x0, 0x0, 0x0, 0x0,
    0x0, 0xf, 0xff, 0xff, 0xbe, 0xff, 0xff, 0xc0,
    0x0, 0x0, 0x0, 0x0, 0x0, 0x0, 0x0, 0xff,
    0xff, 0xfb, 0xef, 0xff, 0xfc, 0x0, 0x0, 0x0,
    0x0, 0x0, 0x0, 0x0, 0xf, 0xff, 0xff, 0xb0,

    /* U+004E "N" */
    0xef, 0xff, 0xff, 0xe1, 0x0, 0x0, 0x0, 0x0,
    0xd, 0xff, 0xff, 0xee, 0xff, 0xff, 0xff, 0x80,
    0x0, 0x0, 0x0, 0x0, 0xdf, 0xff, 0xfe, 0xef,
    0xff, 0xff, 0xff, 0x20, 0x0, 0x0, 0x0, 0xd,
    0xff, 0xff, 0xee, 0xff, 0xff, 0xff, 0xfa, 0x0,
    0x0, 0x0, 0x0, 0xdf, 0xff, 0xfe, 0xef, 0xff,
    0xff, 0xff, 0xf3, 0x0, 0x0, 0x0, 0xd, 0xff,
    0xff, 0xee, 0xff, 0xff, 0xff, 0xff, 0xc0, 0x0,
    0x0, 0x0, 0xdf, 0xff, 0xfe, 0xef, 0xff, 0xff,
    0xff, 0xff, 0x50, 0x0, 0x0, 0xd, 0xff, 0xff,
    0xee, 0xff, 0xff, 0xff, 0xff, 0xfd, 0x0, 0x0,
    0x0, 0xdf, 0xff, 0xfe, 0xef, 0xff, 0xff, 0xff,
    0xff, 0xf7, 0x0, 0x0, 0xd, 0xff, 0xff, 0xee,
    0xff, 0xff, 0xef, 0xff, 0xff, 0xe1, 0x0, 0x0,
    0xdf, 0xff, 0xfe, 0xef, 0xff, 0xfc, 0x9f, 0xff,
    0xff, 0x90, 0x0, 0xd, 0xff, 0xff, 0xee, 0xff,
    0xff, 0xc2, 0xff, 0xff, 0xff, 0x20, 0x0, 0xdf,
    0xff, 0xfe, 0xef, 0xff, 0xfc, 0xb, 0xff, 0xff,
    0xfa, 0x0, 0xd, 0xff, 0xff, 0xee, 0xff, 0xff,
    0xc0, 0x3f, 0xff, 0xff, 0xf3, 0x0, 0xdf, 0xff,
    0xfe, 0xef, 0xff, 0xfc, 0x0, 0xcf, 0xff, 0xff,
    0xb0, 0xd, 0xff, 0xff, 0xee, 0xff, 0xff, 0xc0,
    0x4, 0xff, 0xff, 0xff, 0x20, 0xdf, 0xff, 0xfe,
    0xef, 0xff, 0xfc, 0x0, 0xb, 0xff, 0xff, 0xfa,
    0xd, 0xff, 0xff, 0xee, 0xff, 0xff, 0xc0, 0x0,
    0x2f, 0xff, 0xff, 0xf1, 0xdf, 0xff, 0xfe, 0xef,
    0xff, 0xfc, 0x0, 0x0, 0x9f, 0xff, 0xff, 0x9d,
    0xff, 0xff, 0xee, 0xff, 0xff, 0xc0, 0x0, 0x1,
    0xff, 0xff, 0xff, 0xef, 0xff, 0xfe, 0xef, 0xff,
    0xfc, 0x0, 0x0, 0x8, 0xff, 0xff, 0xff, 0xff,
    0xff, 0xee, 0xff, 0xff, 0xc0, 0x0, 0x0, 0xe,
    0xff, 0xff, 0xff, 0xff, 0xfe, 0xef, 0xff, 0xfc,
    0x0, 0x0, 0x0, 0x6f, 0xff, 0xff, 0xff, 0xff,
    0xee, 0xff, 0xff, 0xc0, 0x0, 0x0, 0x0, 0xdf,
    0xff, 0xff, 0xff, 0xfe, 0xef, 0xff, 0xfc, 0x0,
    0x0, 0x0, 0x4, 0xff, 0xff, 0xff, 0xff, 0xee,
    0xff, 0xff, 0xc0, 0x0, 0x0, 0x0, 0xb, 0xff,
    0xff, 0xff, 0xfe, 0xef, 0xff, 0xfc, 0x0, 0x0,
    0x0, 0x0, 0x2f, 0xff, 0xff, 0xff, 0xee, 0xff,
    0xff, 0xc0, 0x0, 0x0, 0x0, 0x0, 0x9f, 0xff,
    0xff, 0xfe, 0xef, 0xff, 0xfc, 0x0, 0x0, 0x0,
    0x0, 0x1, 0xff, 0xff, 0xff, 0xe0,

    /* U+004F "O" */
    0x0, 0x0, 0x0, 0x2, 0x7b, 0xde, 0xfe, 0xc9,
    0x50, 0x0, 0x0, 0x0, 0x0, 0x0, 0x0, 0x2a,
    0xff, 0xff, 0xff, 0xff, 0xff, 0xe6, 0x0, 0x0,
    0x0, 0x0, 0x0, 0x5f, 0xff, 0xff, 0xff, 0xff,
    0xff, 0xff, 0xfc, 0x10, 0x0, 0x0, 0x0, 0x6f,
    0xff, 0xff, 0xff, 0xff, 0xff, 0xff, 0xff, 0xfd,
    0x10, 0x0, 0x0, 0x3f, 0xff, 0xff, 0xff, 0xff,
    0xff, 0xff, 0xff, 0xff, 0xfc, 0x0, 0x0, 0xd,
    0xff, 0xff, 0xff, 0xfc, 0x98, 0xae, 0xff, 0xff,
    0xff, 0xf7, 0x0, 0x6, 0xff, 0xff, 0xff, 0xc2,
    0x0, 0x0, 0x6, 0xff, 0xff, 0xff, 0xe0, 0x0,
    0xdf, 0xff, 0xff, 0xd0, 0x0, 0x0, 0x0, 0x5,
    0xff, 0xff, 0xff, 0x50, 0x2f, 0xff, 0xff, 0xf3,
    0x0, 0x0, 0x0, 0x0, 0xa, 0xff, 0xff, 0xfb,
    0x6, 0xff, 0xff, 0xfd, 0x0, 0x0, 0x0, 0x0,
    0x0, 0x4f, 0xff, 0xff, 0xf0, 0xaf, 0xff, 0xff,
    0x90, 0x0, 0x0, 0x0, 0x0, 0x0, 0xff, 0xff,
    0xff, 0x3c, 0xff, 0xff, 0xf7, 0x0, 0x0, 0x0,
    0x0, 0x0, 0xe, 0xff, 0xff, 0xf5, 0xdf, 0xff,
    0xff, 0x70, 0x0, 0x0, 0x0, 0x0, 0x0, 0xef,
    0xff, 0xff, 0x6e, 0xff, 0xff, 0xf7, 0x0, 0x0,
    0x0, 0x0, 0x0, 0xe, 0xff, 0xff, 0xf7, 0xff,
    0xff, 0xff, 0x70, 0x0, 0x0, 0x0, 0x0, 0x0,
    0xef, 0xff, 0xff, 0x8f, 0xff, 0xff, 0xf7, 0x0,
    0x0, 0x0, 0x0, 0x0, 0xe, 0xff, 0xff, 0xf7,
    0xdf, 0xff, 0xff, 0x70, 0x0, 0x0, 0x0, 0x0,
    0x0, 0xef, 0xff, 0xff, 0x6c, 0xff, 0xff, 0xf7,
    0x0, 0x0, 0x0, 0x0, 0x0, 0xe, 0xff, 0xff,
    0xf5, 0xaf, 0xff, 0xff, 0x90, 0x0, 0x0, 0x0,
    0x0, 0x0, 0xff, 0xff, 0xff, 0x36, 0xff, 0xff,
    0xfd, 0x0, 0x0, 0x0, 0x0, 0x0, 0x4f, 0xff,
    0xff, 0xf0, 0x3f, 0xff, 0xff, 0xf3, 0x0, 0x0,
    0x0, 0x0, 0xa, 0xff, 0xff, 0xfb, 0x0, 0xdf,
    0xff, 0xff, 0xc0, 0x0, 0x0, 0x0, 0x4, 0xff,
    0xff, 0xff, 0x50, 0x6, 0xff, 0xff, 0xff, 0xc2,
    0x0, 0x0, 0x6, 0xff, 0xff, 0xff, 0xe0, 0x0,
    0xd, 0xff, 0xff, 0xff, 0xfc, 0x98, 0xae, 0xff,
    0xff, 0xff, 0xf7, 0x0, 0x0, 0x3f, 0xff, 0xff,
    0xff, 0xff, 0xff, 0xff, 0xff, 0xff, 0xfc, 0x0,
    0x0, 0x0, 0x6f, 0xff, 0xff, 0xff, 0xff, 0xff,
    0xff, 0xff, 0xfd, 0x10, 0x0, 0x0, 0x0, 0x5f,
    0xff, 0xff, 0xff, 0xff, 0xff, 0xff, 0xfc, 0x10,
    0x0, 0x0, 0x0, 0x0, 0x2a, 0xff, 0xff, 0xff,
    0xff, 0xff, 0xe6, 0x0, 0x0, 0x0, 0x0, 0x0,
    0x0, 0x2, 0x7b, 0xde, 0xfe, 0xc9, 0x50, 0x0,
    0x0, 0x0, 0x0,

    /* U+0050 "P" */
    0xef, 0xff, 0xff, 0xff, 0xff, 0xff, 0xff, 0xeb,
    0x60, 0x0, 0x0, 0xef, 0xff, 0xff, 0xff, 0xff,
    0xff, 0xff, 0xff, 0xfe, 0x40, 0x0, 0xef, 0xff,
    0xff, 0xff, 0xff, 0xff, 0xff, 0xff, 0xff, 0xf5,
    0x0, 0xef, 0xff, 0xff, 0xff, 0xff, 0xff, 0xff,
    0xff, 0xff, 0xff, 0x20, 0xef, 0xff, 0xff, 0xff,
    0xff, 0xff, 0xff, 0xff, 0xff, 0xff, 0xb0, 0xef,
    0xff, 0xff, 0x76, 0x66, 0x66, 0x68, 0xef, 0xff,
    0xff, 0xf2, 0xef, 0xff, 0xff, 0x20, 0x0, 0x0,
    0x0, 0x2f, 0xff, 0xff, 0xf6, 0xef, 0xff, 0xff,
    0x20, 0x0, 0x0, 0x0, 0xa, 0xff, 0xff, 0xf9,
    0xef, 0xff, 0xff, 0x20, 0x0, 0x0, 0x0, 0x8,
    0xff, 0xff, 0xfb, 0xef, 0xff, 0xff, 0x20, 0x0,
    0x0, 0x0, 0x8, 0xff, 0xff, 0xfb, 0xef, 0xff,
    0xff, 0x20, 0x0, 0x0, 0x0, 0x9, 0xff, 0xff,
    0xfa, 0xef, 0xff, 0xff, 0x20, 0x0, 0x0, 0x0,
    0xd, 0xff, 0xff, 0xf8, 0xef, 0xff, 0xff, 0x20,
    0x0, 0x0, 0x2, 0xaf, 0xff, 0xff, 0xf4, 0xef,
    0xff, 0xff, 0xff, 0xff, 0xff, 0xff, 0xff, 0xff,
    0xff, 0xe0, 0xef, 0xff, 0xff, 0xff, 0xff, 0xff,
    0xff, 0xff, 0xff, 0xff, 0x60, 0xef, 0xff, 0xff,
    0xff, 0xff, 0xff, 0xff, 0xff, 0xff, 0xfb, 0x0,
    0xef, 0xff, 0xff, 0xff, 0xff, 0xff, 0xff, 0xff,
    0xff, 0xa0, 0x0, 0xef, 0xff, 0xff, 0xff, 0xff,
    0xff, 0xff, 0xff, 0xd5, 0x0, 0x0, 0xef, 0xff,
    0xff, 0x76, 0x66, 0x66, 0x66, 0x42, 0x0, 0x0,
    0x0, 0xef, 0xff, 0xff, 0x20, 0x0, 0x0, 0x0,
    0x0, 0x0, 0x0, 0x0, 0xef, 0xff, 0xff, 0x20,
    0x0, 0x0, 0x0, 0x0, 0x0, 0x0, 0x0, 0xef,
    0xff, 0xff, 0x20, 0x0, 0x0, 0x0, 0x0, 0x0,
    0x0, 0x0, 0xef, 0xff, 0xff, 0x20, 0x0, 0x0,
    0x0, 0x0, 0x0, 0x0, 0x0, 0xef, 0xff, 0xff,
    0x20, 0x0, 0x0, 0x0, 0x0, 0x0, 0x0, 0x0,
    0xef, 0xff, 0xff, 0x20, 0x0, 0x0, 0x0, 0x0,
    0x0, 0x0, 0x0, 0xef, 0xff, 0xff, 0x20, 0x0,
    0x0, 0x0, 0x0, 0x0, 0x0, 0x0, 0xef, 0xff,
    0xff, 0x20, 0x0, 0x0, 0x0, 0x0, 0x0, 0x0,
    0x0, 0xef, 0xff, 0xff, 0x20, 0x0, 0x0, 0x0,
    0x0, 0x0, 0x0, 0x0, 0xef, 0xff, 0xff, 0x20,
    0x0, 0x0, 0x0, 0x0, 0x0, 0x0, 0x0,

    /* U+0051 "Q" */
    0x0, 0x0, 0x0, 0x1, 0x6b, 0xde, 0xfe, 0xc9,
    0x40, 0x0, 0x0, 0x0, 0x0, 0x0, 0x0, 0x1a,
    0xff, 0xff, 0xff, 0xff, 0xff, 0xe6, 0x0, 0x0,
    0x0, 0x0, 0x0, 0x4f, 0xff, 0xff, 0xff, 0xff,
    0xff, 0xff, 0xfc, 0x0, 0x0, 0x0, 0x0, 0x5f,
    0xff, 0xff, 0xff, 0xff, 0xff, 0xff, 0xff, 0xfc,
    0x10, 0x0, 0x0, 0x2f, 0xff, 0xff, 0xff, 0xff,
    0xff, 0xff, 0xff, 0xff, 0xfa, 0x0, 0x0, 0xc,
    0xff, 0xff, 0xff, 0xfc, 0x98, 0xae, 0xff, 0xff,
    0xff, 0xf5, 0x0, 0x4, 0xff, 0xff, 0xff, 0xd3,
    0x0, 0x0, 0x7, 0xff, 0xff, 0xff, 0xd0, 0x0,
    0xbf, 0xff, 0xff, 0xd1, 0x0, 0x0, 0x0, 0x6,
    0xff, 0xff, 0xff, 0x40, 0x1f, 0xff, 0xff, 0xf4,
    0x0, 0x0, 0x0, 0x0, 0xc, 0xff, 0xff, 0xfa,
    0x5, 0xff, 0xff, 0xfe, 0x0, 0x0, 0x0, 0x0,
    0x0, 0x5f, 0xff, 0xff, 0xe0, 0x9f, 0xff, 0xff,
    0xa0, 0x0, 0x0, 0x0, 0x0, 0x1, 0xff, 0xff,
    0xff, 0x1c, 0xff, 0xff, 0xf8, 0x0, 0x0, 0x0,
    0x0, 0x0, 0xf, 0xff, 0xff, 0xf5, 0xdf, 0xff,
    0xff, 0x70, 0x0, 0x0, 0x0, 0x0, 0x0, 0xef,
    0xff, 0xff, 0x6e, 0xff, 0xff, 0xf7, 0x0, 0x0,
    0x0, 0x0, 0x0, 0xe, 0xff, 0xff, 0xf7, 0xff,
    0xff, 0xff, 0x70, 0x0, 0x0, 0x0, 0x0, 0x0,
    0xef, 0xff, 0xff, 0x8f, 0xff, 0xff, 0xf7, 0x0,
    0x0, 0x0, 0x0, 0x0, 0xe, 0xff, 0xff, 0xf8,
    0xef, 0xff, 0xff, 0x70, 0x0, 0x0, 0x0, 0x0,
    0x0, 0xef, 0xff, 0xff, 0x7d, 0xff, 0xff, 0xf7,
    0x0, 0x0, 0x0, 0x0, 0x0, 0xe, 0xff, 0xff,
    0xf6, 0xcf, 0xff, 0xff, 0x80, 0x0, 0x0, 0x0,
    0x0, 0x0, 0xff, 0xff, 0xff, 0x49, 0xff, 0xff,
    0xfa, 0x0, 0x0, 0x0, 0x0, 0x0, 0x2f, 0xff,
    0xff, 0xf2, 0x6f, 0xff, 0xff, 0xe0, 0x0, 0x0,
    0x0, 0x0, 0x6, 0xff, 0xff, 0xff, 0x1, 0xff,
    0xff, 0xff, 0x50, 0x0, 0x0, 0x0, 0x0, 0xcf,
    0xff, 0xff, 0xa0, 0xc, 0xff, 0xff, 0xfe, 0x20,
    0x0, 0x0, 0x0, 0x8f, 0xff, 0xff, 0xf5, 0x0,
    0x5f, 0xff, 0xff, 0xfe, 0x50, 0x0, 0x1, 0x9f,
    0xff, 0xff, 0xfd, 0x0, 0x0, 0xcf, 0xff, 0xff,
    0xff, 0xeb, 0xbc, 0xff, 0xff, 0xff, 0xff, 0x50,
    0x0, 0x2, 0xff, 0xff, 0xff, 0xff, 0xff, 0xff,
    0xff, 0xff, 0xff, 0xa0, 0x0, 0x0, 0x4, 0xff,
    0xff, 0xff, 0xff, 0xff, 0xff, 0xff, 0xff, 0xc0,
    0x0, 0x0, 0x0, 0x3, 0xef, 0xff, 0xff, 0xff,
    0xff, 0xff, 0xff, 0xb0, 0x0, 0x0, 0x0, 0x0,
    0x1, 0x9f, 0xff, 0xff, 0xff, 0xff, 0xfd, 0x50,
    0x0, 0x0, 0x0, 0x0, 0x0, 0x0, 0x16, 0xbf,
    0xff, 0xff, 0xb3, 0x0, 0x0, 0x0, 0x0, 0x0,
    0x0, 0x0, 0x0, 0x4, 0xff, 0xff, 0xf6, 0x0,
    0x0, 0x0, 0x0, 0x0, 0x0, 0x0, 0x0, 0x0,
    0x3f, 0xff, 0xff, 0x71, 0x11, 0x0, 0x0, 0x0,
    0x0, 0x0, 0x0, 0x0, 0x2, 0xff, 0xff, 0xff,
    0xff, 0xfb, 0x0, 0x0, 0x0, 0x0, 0x0, 0x0,
    0x0, 0xe, 0xff, 0xff, 0xff, 0xff, 0xb0, 0x0,
    0x0, 0x0, 0x0, 0x0, 0x0, 0x0, 0x7f, 0xff,
    0xff, 0xff, 0xfb, 0x0, 0x0, 0x0, 0x0, 0x0,
    0x0, 0x0, 0x0, 0xaf, 0xff, 0xff, 0xff, 0xb0,
    0x0, 0x0, 0x0, 0x0, 0x0, 0x0, 0x0, 0x0,
    0x5b, 0xef, 0xff, 0xfb, 0x0, 0x0, 0x0,

    /* U+0052 "R" */
    0xef, 0xff, 0xff, 0xff, 0xff, 0xff, 0xff, 0xeb,
    0x60, 0x0, 0x0, 0xe, 0xff, 0xff, 0xff, 0xff,
    0xff, 0xff, 0xff, 0xff, 0xe4, 0x0, 0x0, 0xef,
    0xff, 0xff, 0xff, 0xff, 0xff, 0xff, 0xff, 0xff,
    0xf5, 0x0, 0xe, 0xff, 0xff, 0xff, 0xff, 0xff,
    0xff, 0xff, 0xff, 0xff, 0xf2, 0x0, 0xef, 0xff,
    0xff, 0xff, 0xff, 0xff, 0xff, 0xff, 0xff, 0xff,
    0xb0, 0xe, 0xff, 0xff, 0xf7, 0x66, 0x66, 0x66,
    0x8e, 0xff, 0xff, 0xff, 0x20, 0xef, 0xff, 0xff,
    0x20, 0x0, 0x0, 0x0, 0x2f, 0xff, 0xff, 0xf6,
    0xe, 0xff, 0xff, 0xf2, 0x0, 0x0, 0x0, 0x0,
    0xaf, 0xff, 0xff, 0xa0, 0xef, 0xff, 0xff, 0x20,
    0x0, 0x0, 0x0, 0x8, 0xff, 0xff, 0xfb, 0xe,
    0xff, 0xff, 0xf2, 0x0, 0x0, 0x0, 0x0, 0x8f,
    0xff, 0xff, 0xb0, 0xef, 0xff, 0xff, 0x20, 0x0,
    0x0, 0x0, 0x9, 0xff, 0xff, 0xfa, 0xe, 0xff,
    0xff, 0xf2, 0x0, 0x0, 0x0, 0x0, 0xdf, 0xff,
    0xff, 0x80, 0xef, 0xff, 0xff, 0x20, 0x0, 0x0,
    0x2, 0xaf, 0xff, 0xff, 0xf4, 0xe, 0xff, 0xff,
    0xff, 0xff, 0xff, 0xff, 0xff, 0xff, 0xff, 0xfe,
    0x0, 0xef, 0xff, 0xff, 0xff, 0xff, 0xff, 0xff,
    0xff, 0xff, 0xff, 0x50, 0xe, 0xff, 0xff, 0xff,
    0xff, 0xff, 0xff, 0xff, 0xff, 0xff, 0x90, 0x0,
    0xef, 0xff, 0xff, 0xff, 0xff, 0xff, 0xff, 0xff,
    0xff, 0x80, 0x0, 0xe, 0xff, 0xff, 0xff, 0xff,
    0xff, 0xff, 0xff, 0xfe, 0x20, 0x0, 0x0, 0xef,
    0xff, 0xff, 0x54, 0x44, 0x7f, 0xff, 0xff, 0xf2,
    0x0, 0x0, 0xe, 0xff, 0xff, 0xf2, 0x0, 0x0,
    0xef, 0xff, 0xff, 0xa0, 0x0, 0x0, 0xef, 0xff,
    0xff, 0x20, 0x0, 0x7, 0xff, 0xff, 0xff, 0x10,
    0x0, 0xe, 0xff, 0xff, 0xf2, 0x0, 0x0, 0xf,
    0xff, 0xff, 0xf9, 0x0, 0x0, 0xef, 0xff, 0xff,
    0x20, 0x0, 0x0, 0x8f, 0xff, 0xff, 0xf1, 0x0,
    0xe, 0xff, 0xff, 0xf2, 0x0, 0x0, 0x1, 0xff,
    0xff, 0xff, 0x80, 0x0, 0xef, 0xff, 0xff, 0x20,
    0x0, 0x0, 0xa, 0xff, 0xff, 0xff, 0x10, 0xe,
    0xff, 0xff, 0xf2, 0x0, 0x0, 0x0, 0x3f, 0xff,
    0xff, 0xf7, 0x0, 0xef, 0xff, 0xff, 0x20, 0x0,
    0x0, 0x0, 0xbf, 0xff, 0xff, 0xe0, 0xe, 0xff,
    0xff, 0xf2, 0x0, 0x0, 0x0, 0x4, 0xff, 0xff,
    0xff, 0x70, 0xef, 0xff, 0xff, 0x20, 0x0, 0x0,
    0x0, 0xd, 0xff, 0xff, 0xfe, 0x0,

    /* U+0053 "S" */
    0x0, 0x0, 0x0, 0x6, 0x9d, 0xef, 0xfe, 0xc9,
    0x40, 0x0, 0x0, 0x0, 0x0, 0x8, 0xff, 0xff,
    0xff, 0xff, 0xff, 0xfd, 0x50, 0x0, 0x0, 0x1,
    0xdf, 0xff, 0xff, 0xff, 0xff, 0xff, 0xff, 0xfc,
    0x10, 0x0, 0x1d, 0xff, 0xff, 0xff, 0xff, 0xff,
    0xff, 0xff, 0xff, 0xd1, 0x0, 0x9f, 0xff, 0xff,
    0xff, 0xff, 0xff, 0xff, 0xff, 0xff, 0xe2, 0x1,
    0xff, 0xff, 0xff, 0xfb, 0x88, 0x9b, 0xff, 0xff,
    0xfe, 0x20, 0x6, 0xff, 0xff, 0xff, 0x30, 0x0,
    0x0, 0x8, 0xff, 0xe2, 0x0, 0x8, 0xff, 0xff,
    0xf9, 0x0, 0x0, 0x0, 0x0, 0x3d, 0x20, 0x0,
    0x9, 0xff, 0xff, 0xf7, 0x0, 0x0, 0x0, 0x0,
    0x0, 0x0, 0x0, 0x9, 0xff, 0xff, 0xfb, 0x0,
    0x0, 0x0, 0x0, 0x0, 0x0, 0x0, 0x6, 0xff,
    0xff, 0xff, 0x91, 0x0, 0x0, 0x0, 0x0, 0x0,
    0x0, 0x2, 0xff, 0xff, 0xff, 0xff, 0xda, 0x85,
    0x20, 0x0, 0x0, 0x0, 0x0, 0xbf, 0xff, 0xff,
    0xff, 0xff, 0xff, 0xfe, 0x93, 0x0, 0x0, 0x0,
    0x2e, 0xff, 0xff, 0xff, 0xff, 0xff, 0xff, 0xff,
    0xb1, 0x0, 0x0, 0x3, 0xef, 0xff, 0xff, 0xff,
    0xff, 0xff, 0xff, 0xfe, 0x20, 0x0, 0x0, 0x18,
    0xff, 0xff, 0xff, 0xff, 0xff, 0xff, 0xff, 0xd0,
    0x0, 0x0, 0x0, 0x4, 0x8b, 0xdf, 0xff, 0xff,
    0xff, 0xff, 0xf5, 0x0, 0x0, 0x0, 0x0, 0x0,
    0x0, 0x25, 0xaf, 0xff, 0xff, 0xfa, 0x0, 0x0,
    0x0, 0x0, 0x0, 0x0, 0x0, 0x9, 0xff, 0xff,
    0xfe, 0x0, 0x0, 0x0, 0x0, 0x0, 0x0, 0x0,
    0x2, 0xff, 0xff, 0xff, 0x0, 0x0, 0x60, 0x0,
    0x0, 0x0, 0x0, 0x1, 0xff, 0xff, 0xff, 0x0,
    0x9, 0xfb, 0x10, 0x0, 0x0, 0x0, 0x5, 0xff,
    0xff, 0xfd, 0x0, 0x9f, 0xff, 0xe6, 0x0, 0x0,
    0x0, 0x3e, 0xff, 0xff, 0xf9, 0x9, 0xff, 0xff,
    0xff, 0xfb, 0x98, 0x8b, 0xff, 0xff, 0xff, 0xf4,
    0x3f, 0xff, 0xff, 0xff, 0xff, 0xff, 0xff, 0xff,
    0xff, 0xff, 0xc0, 0x5, 0xff, 0xff, 0xff, 0xff,
    0xff, 0xff, 0xff, 0xff, 0xfe, 0x20, 0x0, 0x3d,
    0xff, 0xff, 0xff, 0xff, 0xff, 0xff, 0xff, 0xe3,
    0x0, 0x0, 0x0, 0x7f, 0xff, 0xff, 0xff, 0xff,
    0xff, 0xf9, 0x10, 0x0, 0x0, 0x0, 0x0, 0x59,
    0xce, 0xff, 0xed, 0xa6, 0x10, 0x0, 0x0,

    /* U+0054 "T" */
    0xef, 0xff, 0xff, 0xff, 0xff, 0xff, 0xff, 0xff,
    0xff, 0xff, 0xf4, 0xef, 0xff, 0xff, 0xff, 0xff,
    0xff, 0xff, 0xff, 0xff, 0xff, 0xf4, 0xef, 0xff,
    0xff, 0xff, 0xff, 0xff, 0xff, 0xff, 0xff, 0xff,
    0xf4, 0xef, 0xff, 0xff, 0xff, 0xff, 0xff, 0xff,
    0xff, 0xff, 0xff, 0xf4, 0xef, 0xff, 0xff, 0xff,
    0xff, 0xff, 0xff, 0xff, 0xff, 0xff, 0xf4, 0x78,
    0x88, 0x88, 0x8b, 0xff, 0xff, 0xfd, 0x88, 0x88,
    0x88, 0x82, 0x0, 0x0, 0x0, 0x5, 0xff, 0xff,
    0xfb, 0x0, 0x0, 0x0, 0x0, 0x0, 0x0, 0x0,
    0x5, 0xff, 0xff, 0xfb, 0x0, 0x0, 0x0, 0x0,
    0x0, 0x0, 0x0, 0x5, 0xff, 0xff, 0xfb, 0x0,
    0x0, 0x0, 0x0, 0x0, 0x0, 0x0, 0x5, 0xff,
    0xff, 0xfb, 0x0, 0x0, 0x0, 0x0, 0x0, 0x0,
    0x0, 0x5, 0xff, 0xff, 0xfb, 0x0, 0x0, 0x0,
    0x0, 0x0, 0x0, 0x0, 0x5, 0xff, 0xff, 0xfb,
    0x0, 0x0, 0x0, 0x0, 0x0, 0x0, 0x0, 0x5,
    0xff, 0xff, 0xfb, 0x0, 0x0, 0x0, 0x0, 0x0,
    0x0, 0x0, 0x5, 0xff, 0xff, 0xfb, 0x0, 0x0,
    0x0, 0x0, 0x0, 0x0, 0x0, 0x5, 0xff, 0xff,
    0xfb, 0x0, 0x0, 0x0, 0x0, 0x0, 0x0, 0x0,
    0x5, 0xff, 0xff, 0xfb, 0x0, 0x0, 0x0, 0x0,
    0x0, 0x0, 0x0, 0x5, 0xff, 0xff, 0xfb, 0x0,
    0x0, 0x0, 0x0, 0x0, 0x0, 0x0, 0x5, 0xff,
    0xff, 0xfb, 0x0, 0x0, 0x0, 0x0, 0x0, 0x0,
    0x0, 0x5, 0xff, 0xff, 0xfb, 0x0, 0x0, 0x0,
    0x0, 0x0, 0x0, 0x0, 0x5, 0xff, 0xff, 0xfb,
    0x0, 0x0, 0x0, 0x0, 0x0, 0x0, 0x0, 0x5,
    0xff, 0xff, 0xfb, 0x0, 0x0, 0x0, 0x0, 0x0,
    0x0, 0x0, 0x5, 0xff, 0xff, 0xfb, 0x0, 0x0,
    0x0, 0x0, 0x0, 0x0, 0x0, 0x5, 0xff, 0xff,
    0xfb, 0x0, 0x0, 0x0, 0x0, 0x0, 0x0, 0x0,
    0x5, 0xff, 0xff, 0xfb, 0x0, 0x0, 0x0, 0x0,
    0x0, 0x0, 0x0, 0x5, 0xff, 0xff, 0xfb, 0x0,
    0x0, 0x0, 0x0, 0x0, 0x0, 0x0, 0x5, 0xff,
    0xff, 0xfb, 0x0, 0x0, 0x0, 0x0, 0x0, 0x0,
    0x0, 0x5, 0xff, 0xff, 0xfb, 0x0, 0x0, 0x0,
    0x0, 0x0, 0x0, 0x0, 0x5, 0xff, 0xff, 0xfb,
    0x0, 0x0, 0x0, 0x0, 0x0, 0x0, 0x0, 0x5,
    0xff, 0xff, 0xfb, 0x0, 0x0, 0x0, 0x0,

    /* U+0055 "U" */
    0x1f, 0xff, 0xff, 0xd0, 0x0, 0x0, 0x0, 0x0,
    0x1f, 0xff, 0xff, 0xd1, 0xff, 0xff, 0xfd, 0x0,
    0x0, 0x0, 0x0, 0x1, 0xff, 0xff, 0xfd, 0x1f,
    0xff, 0xff, 0xd0, 0x0, 0x0, 0x0, 0x0, 0x1f,
    0xff, 0xff, 0xd1, 0xff, 0xff, 0xfd, 0x0, 0x0,
    0x0, 0x0, 0x1, 0xff, 0xff, 0xfd, 0x1f, 0xff,
    0xff, 0xd0, 0x0, 0x0, 0x0, 0x0, 0x1f, 0xff,
    0xff, 0xd1, 0xff, 0xff, 0xfd, 0x0, 0x0, 0x0,
    0x0, 0x1, 0xff, 0xff, 0xfd, 0x1f, 0xff, 0xff,
    0xd0, 0x0, 0x0, 0x0, 0x0, 0x1f, 0xff, 0xff,
    0xd1, 0xff, 0xff, 0xfd, 0x0, 0x0, 0x0, 0x0,
    0x1, 0xff, 0xff, 0xfd, 0x1f, 0xff, 0xff, 0xd0,
    0x0, 0x0, 0x0, 0x0, 0x1f, 0xff, 0xff, 0xd1,
    0xff, 0xff, 0xfd, 0x0, 0x0, 0x0, 0x0, 0x1,
    0xff, 0xff, 0xfd, 0x1f, 0xff, 0xff, 0xd0, 0x0,
    0x0, 0x0, 0x0, 0x1f, 0xff, 0xff, 0xd1, 0xff,
    0xff, 0xfd, 0x0, 0x0, 0x0, 0x0, 0x1, 0xff,
    0xff, 0xfd, 0x1f, 0xff, 0xff, 0xd0, 0x0, 0x0,
    0x0, 0x0, 0x1f, 0xff, 0xff, 0xd1, 0xff, 0xff,
    0xfd, 0x0, 0x0, 0x0, 0x0, 0x1, 0xff, 0xff,
    0xfd, 0x1f, 0xff, 0xff, 0xd0, 0x0, 0x0, 0x0,
    0x0, 0x1f, 0xff, 0xff, 0xd1, 0xff, 0xff, 0xfd,
    0x0, 0x0, 0x0, 0x0, 0x1, 0xff, 0xff, 0xfd,
    0x1f, 0xff, 0xff, 0xd0, 0x0, 0x0, 0x0, 0x0,
    0x1f, 0xff, 0xff, 0xd0, 0xff, 0xff, 0xfd, 0x0,
    0x0, 0x0, 0x0, 0x1, 0xff, 0xff, 0xfc, 0xf,
    0xff, 0xff, 0xe0, 0x0, 0x0, 0x0, 0x0, 0x2f,
    0xff, 0xff, 0xc0, 0xff, 0xff, 0xff, 0x0, 0x0,
    0x0, 0x0, 0x4, 0xff, 0xff, 0xfb, 0xd, 0xff,
    0xff, 0xf4, 0x0, 0x0, 0x0, 0x0, 0x8f, 0xff,
    0xff, 0x90, 0xaf, 0xff, 0xff, 0xb0, 0x0, 0x0,
    0x0, 0xe, 0xff, 0xff, 0xf6, 0x6, 0xff, 0xff,
    0xff, 0x80, 0x0, 0x0, 0x1b, 0xff, 0xff, 0xff,
    0x20, 0x1f, 0xff, 0xff, 0xff, 0xea, 0x88, 0xbf,
    0xff, 0xff, 0xff, 0xd0, 0x0, 0xaf, 0xff, 0xff,
    0xff, 0xff, 0xff, 0xff, 0xff, 0xff, 0xf6, 0x0,
    0x1, 0xef, 0xff, 0xff, 0xff, 0xff, 0xff, 0xff,
    0xff, 0xfc, 0x0, 0x0, 0x3, 0xef, 0xff, 0xff,
    0xff, 0xff, 0xff, 0xff, 0xfc, 0x10, 0x0, 0x0,
    0x2, 0xaf, 0xff, 0xff, 0xff, 0xff, 0xff, 0xf8,
    0x0, 0x0, 0x0, 0x0, 0x0, 0x27, 0xbd, 0xef,
    0xfe, 0xda, 0x61, 0x0, 0x0, 0x0,

    /* U+0056 "V" */
    0x4f, 0xff, 0xff, 0xd0, 0x0, 0x0, 0x0, 0x0,
    0x0, 0xa, 0xff, 0xff, 0xf4, 0xf, 0xff, 0xff,
    0xf2, 0x0, 0x0, 0x0, 0x0, 0x0, 0xf, 0xff,
    0xff, 0xf0, 0xa, 0xff, 0xff, 0xf7, 0x0, 0x0,
    0x0, 0x0, 0x0, 0x4f, 0xff, 0xff, 0xa0, 0x5,
    0xff, 0xff, 0xfc, 0x0, 0x0, 0x0, 0x0, 0x0,
    0x9f, 0xff, 0xff, 0x50, 0x1, 0xff, 0xff, 0xff,
    0x10, 0x0, 0x0, 0x0, 0x0, 0xdf, 0xff, 0xff,
    0x0, 0x0, 0xbf, 0xff, 0xff, 0x50, 0x0, 0x0,
    0x0, 0x2, 0xff, 0xff, 0xfb, 0x0, 0x0, 0x6f,
    0xff, 0xff, 0xa0, 0x0, 0x0, 0x0, 0x7, 0xff,
    0xff, 0xf6, 0x0, 0x0, 0x1f, 0xff, 0xff, 0xf0,
    0x0, 0x0, 0x0, 0xc, 0xff, 0xff, 0xf1, 0x0,
    0x0, 0xc, 0xff, 0xff, 0xf4, 0x0, 0x0, 0x0,
    0x1f, 0xff, 0xff, 0xc0, 0x0, 0x0, 0x7, 0xff,
    0xff, 0xf8, 0x0, 0x0, 0x0, 0x5f, 0xff, 0xff,
    0x70, 0x0, 0x0, 0x2, 0xff, 0xff, 0xfd, 0x0,
    0x0, 0x0, 0xaf, 0xff, 0xff, 0x20, 0x0, 0x0,
    0x0, 0xdf, 0xff, 0xff, 0x20, 0x0, 0x0, 0xff,
    0xff, 0xfd, 0x0, 0x0, 0x0, 0x0, 0x8f, 0xff,
    0xff, 0x70, 0x0, 0x4, 0xff, 0xff, 0xf8, 0x0,
    0x0, 0x0, 0x0, 0x4f, 0xff, 0xff, 0xc0, 0x0,
    0x9, 0xff, 0xff, 0xf3, 0x0, 0x0, 0x0, 0x0,
    0xe, 0xff, 0xff, 0xf0, 0x0, 0xd, 0xff, 0xff,
    0xe0, 0x0, 0x0, 0x0, 0x0, 0xa, 0xff, 0xff,
    0xf4, 0x0, 0x1f, 0xff, 0xff, 0x90, 0x0, 0x0,
    0x0, 0x0, 0x5, 0xff, 0xff, 0xf8, 0x0, 0x4f,
    0xff, 0xff, 0x40, 0x0, 0x0, 0x0, 0x0, 0x0,
    0xff, 0xff, 0xfb, 0x0, 0x8f, 0xff, 0xfe, 0x0,
    0x0, 0x0, 0x0, 0x0, 0x0, 0xbf, 0xff, 0xff,
    0x0, 0xcf, 0xff, 0xfa, 0x0, 0x0, 0x0, 0x0,
    0x0, 0x0, 0x6f, 0xff, 0xff, 0x30, 0xff, 0xff,
    0xf5, 0x0, 0x0, 0x0, 0x0, 0x0, 0x0, 0x1f,
    0xff, 0xff, 0x73, 0xff, 0xff, 0xf0, 0x0, 0x0,
    0x0, 0x0, 0x0, 0x0, 0xc, 0xff, 0xff, 0xb7,
    0xff, 0xff, 0xb0, 0x0, 0x0, 0x0, 0x0, 0x0,
    0x0, 0x7, 0xff, 0xff, 0xfb, 0xff, 0xff, 0x60,
    0x0, 0x0, 0x0, 0x0, 0x0, 0x0, 0x2, 0xff,
    0xff, 0xff, 0xff, 0xff, 0x10, 0x0, 0x0, 0x0,
    0x0, 0x0, 0x0, 0x0, 0xdf, 0xff, 0xff, 0xff,
    0xfc, 0x0, 0x0, 0x0, 0x0, 0x0, 0x0, 0x0,
    0x0, 0x8f, 0xff, 0xff, 0xff, 0xf7, 0x0, 0x0,
    0x0, 0x0, 0x0, 0x0, 0x0, 0x0, 0x3f, 0xff,
    0xff, 0xff, 0xf2, 0x0, 0x0, 0x0, 0x0, 0x0,
    0x0, 0x0, 0x0, 0xe, 0xff, 0xff, 0xff, 0xd0,
    0x0, 0x0, 0x0, 0x0, 0x0, 0x0, 0x0, 0x0,
    0x9, 0xff, 0xff, 0xff, 0x80, 0x0, 0x0, 0x0,
    0x0,

    /* U+0057 "W" */
    0xbf, 0xff, 0xff, 0x30, 0x0, 0x0, 0x0, 0xe,
    0xff, 0xff, 0xff, 0x0, 0x0, 0x0, 0x0, 0x1f,
    0xff, 0xff, 0xa8, 0xff, 0xff, 0xf7, 0x0, 0x0,
    0x0, 0x1, 0xff, 0xff, 0xff, 0xf3, 0x0, 0x0,
    0x0, 0x4, 0xff, 0xff, 0xf6, 0x4f, 0xff, 0xff,
    0xa0, 0x0, 0x0, 0x0, 0x5f, 0xff, 0xff, 0xff,
    0x60, 0x0, 0x0, 0x0, 0x7f, 0xff, 0xff, 0x31,
    0xff, 0xff, 0xfd, 0x0, 0x0, 0x0, 0x8, 0xff,
    0xff, 0xff, 0xfa, 0x0, 0x0, 0x0, 0xa, 0xff,
    0xff, 0xf0, 0xd, 0xff, 0xff, 0xf0, 0x0, 0x0,
    0x0, 0xcf, 0xff, 0xff, 0xff, 0xe0, 0x0, 0x0,
    0x0, 0xdf, 0xff, 0xfc, 0x0, 0xaf, 0xff, 0xff,
    0x30, 0x0, 0x0, 0xf, 0xff, 0xff, 0xff, 0xff,
    0x10, 0x0, 0x0, 0x1f, 0xff, 0xff, 0x80, 0x6,
    0xff, 0xff, 0xf6, 0x0, 0x0, 0x3, 0xff, 0xff,
    0xff, 0xff, 0xf5, 0x0, 0x0, 0x4, 0xff, 0xff,
    0xf4, 0x0, 0x3f, 0xff, 0xff, 0x90, 0x0, 0x0,
    0x6f, 0xff, 0xfa, 0xff, 0xff, 0x80, 0x0, 0x0,
    0x7f, 0xff, 0xff, 0x10, 0x0, 0xff, 0xff, 0xfc,
    0x0, 0x0, 0xa, 0xff, 0xff, 0x3f, 0xff, 0xfc,
    0x0, 0x0, 0xa, 0xff, 0xff, 0xd0, 0x0, 0xc,
    0xff, 0xff, 0xf0, 0x0, 0x0, 0xdf, 0xff, 0xc0,
    0xff, 0xff, 0xf0, 0x0, 0x0, 0xdf, 0xff, 0xfa,
    0x0, 0x0, 0x8f, 0xff, 0xff, 0x20, 0x0, 0x1f,
    0xff, 0xf9, 0xc, 0xff, 0xff, 0x30, 0x0, 0xf,
    0xff, 0xff, 0x60, 0x0, 0x5, 0xff, 0xff, 0xf5,
    0x0, 0x4, 0xff, 0xff, 0x50, 0x8f, 0xff, 0xf7,
    0x0, 0x3, 0xff, 0xff, 0xf3, 0x0, 0x0, 0x1f,
    0xff, 0xff, 0x80, 0x0, 0x8f, 0xff, 0xf2, 0x5,
    0xff, 0xff, 0xa0, 0x0, 0x6f, 0xff, 0xff, 0x0,
    0x0, 0x0, 0xef, 0xff, 0xfb, 0x0, 0xc, 0xff,
    0xfe, 0x0, 0x1f, 0xff, 0xfe, 0x0, 0x9, 0xff,
    0xff, 0xb0, 0x0, 0x0, 0xa, 0xff, 0xff, 0xe0,
    0x0, 0xff, 0xff, 0xa0, 0x0, 0xef, 0xff, 0xf1,
    0x0, 0xcf, 0xff, 0xf8, 0x0, 0x0, 0x0, 0x7f,
    0xff, 0xff, 0x10, 0x3f, 0xff, 0xf7, 0x0, 0xa,
    0xff, 0xff, 0x50, 0xf, 0xff, 0xff, 0x40, 0x0,
    0x0, 0x3, 0xff, 0xff, 0xf4, 0x6, 0xff, 0xff,
    0x30, 0x0, 0x7f, 0xff, 0xf8, 0x2, 0xff, 0xff,
    0xf1, 0x0, 0x0, 0x0, 0xf, 0xff, 0xff, 0x70,
    0x9f, 0xff, 0xf0, 0x0, 0x3, 0xff, 0xff, 0xc0,
    0x5f, 0xff, 0xfd, 0x0, 0x0, 0x0, 0x0, 0xcf,
    0xff, 0xfa, 0xd, 0xff, 0xfc, 0x0, 0x0, 0xf,
    0xff, 0xff, 0x8, 0xff, 0xff, 0xa0, 0x0, 0x0,
    0x0, 0x9, 0xff, 0xff, 0xd0, 0xff, 0xff, 0x90,
    0x0, 0x0, 0xcf, 0xff, 0xf3, 0xbf, 0xff, 0xf6,
    0x0, 0x0, 0x0, 0x0, 0x5f, 0xff, 0xff, 0x4f,
    0xff, 0xf5, 0x0, 0x0, 0x8, 0xff, 0xff, 0x6e,
    0xff, 0xff, 0x20, 0x0, 0x0, 0x0, 0x2, 0xff,
    0xff, 0xfa, 0xff, 0xff, 0x10, 0x0, 0x0, 0x5f,
    0xff, 0xfa, 0xff, 0xff, 0xf0, 0x0, 0x0, 0x0,
    0x0, 0xe, 0xff, 0xff, 0xff, 0xff, 0xe0, 0x0,
    0x0, 0x1, 0xff, 0xff, 0xff, 0xff, 0xfb, 0x0,
    0x0, 0x0, 0x0, 0x0, 0xbf, 0xff, 0xff, 0xff,
    0xfa, 0x0, 0x0, 0x0, 0xd, 0xff, 0xff, 0xff,
    0xff, 0x80, 0x0, 0x0, 0x0, 0x0, 0x8, 0xff,
    0xff, 0xff, 0xff, 0x70, 0x0, 0x0, 0x0, 0xaf,
    0xff, 0xff, 0xff, 0xf4, 0x0, 0x0, 0x0, 0x0,
    0x0, 0x4f, 0xff, 0xff, 0xff, 0xf3, 0x0, 0x0,
    0x0, 0x6, 0xff, 0xff, 0xff, 0xff, 0x10, 0x0,
    0x0, 0x0, 0x0, 0x1, 0xff, 0xff, 0xff, 0xff,
    0x0, 0x0, 0x0, 0x0, 0x3f, 0xff, 0xff, 0xff,
    0xd0, 0x0, 0x0, 0x0, 0x0, 0x0, 0xd, 0xff,
    0xff, 0xff, 0xc0, 0x0, 0x0, 0x0, 0x0, 0xff,
    0xff, 0xff, 0xf9, 0x0, 0x0, 0x0, 0x0, 0x0,
    0x0, 0xaf, 0xff, 0xff, 0xf8, 0x0, 0x0, 0x0,
    0x0, 0xc, 0xff, 0xff, 0xff, 0x60, 0x0, 0x0,
    0x0,

    /* U+0058 "X" */
    0x9, 0xff, 0xff, 0xff, 0x60, 0x0, 0x0, 0x0,
    0x0, 0x1f, 0xff, 0xff, 0xf7, 0x0, 0x1e, 0xff,
    0xff, 0xfe, 0x0, 0x0, 0x0, 0x0, 0x9, 0xff,
    0xff, 0xfd, 0x0, 0x0, 0x6f, 0xff, 0xff, 0xf8,
    0x0, 0x0, 0x0, 0x2, 0xff, 0xff, 0xff, 0x40,
    0x0, 0x0, 0xcf, 0xff, 0xff, 0xf1, 0x0, 0x0,
    0x0, 0xbf, 0xff, 0xff, 0xa0, 0x0, 0x0, 0x3,
    0xff, 0xff, 0xff, 0xa0, 0x0, 0x0, 0x4f, 0xff,
    0xff, 0xf1, 0x0, 0x0, 0x0, 0x9, 0xff, 0xff,
    0xff, 0x30, 0x0, 0xd, 0xff, 0xff, 0xf7, 0x0,
    0x0, 0x0, 0x0, 0xe, 0xff, 0xff, 0xfc, 0x0,
    0x6, 0xff, 0xff, 0xfd, 0x0, 0x0, 0x0, 0x0,
    0x0, 0x5f, 0xff, 0xff, 0xf4, 0x0, 0xef, 0xff,
    0xff, 0x30, 0x0, 0x0, 0x0, 0x0, 0x0, 0xcf,
    0xff, 0xff, 0xd0, 0x8f, 0xff, 0xff, 0x90, 0x0,
    0x0, 0x0, 0x0, 0x0, 0x2, 0xff, 0xff, 0xff,
    0x8f, 0xff, 0xff, 0xe1, 0x0, 0x0, 0x0, 0x0,
    0x0, 0x0, 0x8, 0xff, 0xff, 0xff, 0xff, 0xff,
    0xf6, 0x0, 0x0, 0x0, 0x0, 0x0, 0x0, 0x0,
    0xe, 0xff, 0xff, 0xff, 0xff, 0xfc, 0x0, 0x0,
    0x0, 0x0, 0x0, 0x0, 0x0, 0x0, 0x5f, 0xff,
    0xff, 0xff, 0xff, 0x30, 0x0, 0x0, 0x0, 0x0,
    0x0, 0x0, 0x0, 0x0, 0xbf, 0xff, 0xff, 0xff,
    0x90, 0x0, 0x0, 0x0, 0x0, 0x0, 0x0, 0x0,
    0x0, 0xb, 0xff, 0xff, 0xff, 0xf7, 0x0, 0x0,
    0x0, 0x0, 0x0, 0x0, 0x0, 0x0, 0x4, 0xff,
    0xff, 0xff, 0xff, 0xf1, 0x0, 0x0, 0x0, 0x0,
    0x0, 0x0, 0x0, 0x0, 0xdf, 0xff, 0xff, 0xff,
    0xff, 0xa0, 0x0, 0x0, 0x0, 0x0, 0x0, 0x0,
    0x0, 0x7f, 0xff, 0xff, 0xff, 0xff, 0xff, 0x40,
    0x0, 0x0, 0x0, 0x0, 0x0, 0x0, 0x2f, 0xff,
    0xff, 0xeb, 0xff, 0xff, 0xfd, 0x0, 0x0, 0x0,
    0x0, 0x0, 0x0, 0xb, 0xff, 0xff, 0xf6, 0x2f,
    0xff, 0xff, 0xf7, 0x0, 0x0, 0x0, 0x0, 0x0,
    0x4, 0xff, 0xff, 0xfd, 0x0, 0x9f, 0xff, 0xff,
    0xf2, 0x0, 0x0, 0x0, 0x0, 0x0, 0xdf, 0xff,
    0xff, 0x50, 0x1, 0xef, 0xff, 0xff, 0xb0, 0x0,
    0x0, 0x0, 0x0, 0x7f, 0xff, 0xff, 0xc0, 0x0,
    0x7, 0xff, 0xff, 0xff, 0x50, 0x0, 0x0, 0x0,
    0x1f, 0xff, 0xff, 0xf3, 0x0, 0x0, 0xd, 0xff,
    0xff, 0xfe, 0x0, 0x0, 0x0, 0xa, 0xff, 0xff,
    0xfa, 0x0, 0x0, 0x0, 0x4f, 0xff, 0xff, 0xf8,
    0x0, 0x0, 0x4, 0xff, 0xff, 0xff, 0x20, 0x0,
    0x0, 0x0, 0xbf, 0xff, 0xff, 0xf2, 0x0, 0x0,
    0xdf, 0xff, 0xff, 0x90, 0x0, 0x0, 0x0, 0x3,
    0xff, 0xff, 0xff, 0xc0, 0x0, 0x7f, 0xff, 0xff,
    0xf1, 0x0, 0x0, 0x0, 0x0, 0x9, 0xff, 0xff,
    0xff, 0x50, 0x1f, 0xff, 0xff, 0xf7, 0x0, 0x0,
    0x0, 0x0, 0x0, 0x1f, 0xff, 0xff, 0xfe, 0x10,

    /* U+0059 "Y" */
    0x5f, 0xff, 0xff, 0xf6, 0x0, 0x0, 0x0, 0x0,
    0x0, 0x3f, 0xff, 0xff, 0xf5, 0xd, 0xff, 0xff,
    0xfe, 0x0, 0x0, 0x0, 0x0, 0x0, 0xcf, 0xff,
    0xff, 0xc0, 0x4, 0xff, 0xff, 0xff, 0x70, 0x0,
    0x0, 0x0, 0x3, 0xff, 0xff, 0xff, 0x30, 0x0,
    0xbf, 0xff, 0xff, 0xe0, 0x0, 0x0, 0x0, 0xc,
    0xff, 0xff, 0xfb, 0x0, 0x0, 0x3f, 0xff, 0xff,
    0xf7, 0x0, 0x0, 0x0, 0x3f, 0xff, 0xff, 0xf2,
    0x0, 0x0, 0xa, 0xff, 0xff, 0xff, 0x10, 0x0,
    0x0, 0xbf, 0xff, 0xff, 0x90, 0x0, 0x0, 0x2,
    0xff, 0xff, 0xff, 0x80, 0x0, 0x3, 0xff, 0xff,
    0xff, 0x10, 0x0, 0x0, 0x0, 0x9f, 0xff, 0xff,
    0xf1, 0x0, 0xb, 0xff, 0xff, 0xf8, 0x0, 0x0,
    0x0, 0x0, 0x1f, 0xff, 0xff, 0xf9, 0x0, 0x3f,
    0xff, 0xff, 0xe0, 0x0, 0x0, 0x0, 0x0, 0x7,
    0xff, 0xff, 0xff, 0x10, 0xbf, 0xff, 0xff, 0x70,
    0x0, 0x0, 0x0, 0x0, 0x0, 0xef, 0xff, 0xff,
    0x93, 0xff, 0xff, 0xfd, 0x0, 0x0, 0x0, 0x0,
    0x0, 0x0, 0x6f, 0xff, 0xff, 0xfd, 0xff, 0xff,
    0xf5, 0x0, 0x0, 0x0, 0x0, 0x0, 0x0, 0xd,
    0xff, 0xff, 0xff, 0xff, 0xff, 0xc0, 0x0, 0x0,
    0x0, 0x0, 0x0, 0x0, 0x5, 0xff, 0xff, 0xff,
    0xff, 0xff, 0x40, 0x0, 0x0, 0x0, 0x0, 0x0,
    0x0, 0x0, 0xcf, 0xff, 0xff, 0xff, 0xfb, 0x0,
    0x0, 0x0, 0x0, 0x0, 0x0, 0x0, 0x0, 0x3f,
    0xff, 0xff, 0xff, 0xf3, 0x0, 0x0, 0x0, 0x0,
    0x0, 0x0, 0x0, 0x0, 0xb, 0xff, 0xff, 0xff,
    0xa0, 0x0, 0x0, 0x0, 0x0, 0x0, 0x0, 0x0,
    0x0, 0x3, 0xff, 0xff, 0xff, 0x20, 0x0, 0x0,
    0x0, 0x0, 0x0, 0x0, 0x0, 0x0, 0x1, 0xff,
    0xff, 0xff, 0x0, 0x0, 0x0, 0x0, 0x0, 0x0,
    0x0, 0x0, 0x0, 0x1, 0xff, 0xff, 0xff, 0x0,
    0x0, 0x0, 0x0, 0x0, 0x0, 0x0, 0x0, 0x0,
    0x1, 0xff, 0xff, 0xff, 0x0, 0x0, 0x0, 0x0,
    0x0, 0x0, 0x0, 0x0, 0x0, 0x1, 0xff, 0xff,
    0xff, 0x0, 0x0, 0x0, 0x0, 0x0, 0x0, 0x0,
    0x0, 0x0, 0x1, 0xff, 0xff, 0xff, 0x0, 0x0,
    0x0, 0x0, 0x0, 0x0, 0x0, 0x0, 0x0, 0x1,
    0xff, 0xff, 0xff, 0x0, 0x0, 0x0, 0x0, 0x0,
    0x0, 0x0, 0x0, 0x0, 0x1, 0xff, 0xff, 0xff,
    0x0, 0x0, 0x0, 0x0, 0x0, 0x0, 0x0, 0x0,
    0x0, 0x1, 0xff, 0xff, 0xff, 0x0, 0x0, 0x0,
    0x0, 0x0, 0x0, 0x0, 0x0, 0x0, 0x1, 0xff,
    0xff, 0xff, 0x0, 0x0, 0x0, 0x0, 0x0, 0x0,
    0x0, 0x0, 0x0, 0x1, 0xff, 0xff, 0xff, 0x0,
    0x0, 0x0, 0x0, 0x0, 0x0, 0x0, 0x0, 0x0,
    0x1, 0xff, 0xff, 0xff, 0x0, 0x0, 0x0, 0x0,
    0x0,

    /* U+005A "Z" */
    0xc, 0xff, 0xff, 0xff, 0xff, 0xff, 0xff, 0xff,
    0xff, 0xff, 0xf6, 0xc, 0xff, 0xff, 0xff, 0xff,
    0xff, 0xff, 0xff, 0xff, 0xff, 0xf6, 0xc, 0xff,
    0xff, 0xff, 0xff, 0xff, 0xff, 0xff, 0xff, 0xff,
    0xf6, 0xc, 0xff, 0xff, 0xff, 0xff, 0xff, 0xff,
    0xff, 0xff, 0xff, 0xf6, 0xc, 0xff, 0xff, 0xff,
    0xff, 0xff, 0xff, 0xff, 0xff, 0xff, 0xf6, 0x6,
    0x88, 0x88, 0x88, 0x88, 0x88, 0x88, 0xef, 0xff,
    0xff, 0xf5, 0x0, 0x0, 0x0, 0x0, 0x0, 0x0,
    0x6, 0xff, 0xff, 0xff, 0xa0, 0x0, 0x0, 0x0,
    0x0, 0x0, 0x0, 0x3f, 0xff, 0xff, 0xfd, 0x0,
    0x0, 0x0, 0x0, 0x0, 0x0, 0x1, 0xef, 0xff,
    0xff, 0xf2, 0x0, 0x0, 0x0, 0x0, 0x0, 0x0,
    0xb, 0xff, 0xff, 0xff, 0x50, 0x0, 0x0, 0x0,
    0x0, 0x0, 0x0, 0x7f, 0xff, 0xff, 0xf9, 0x0,
    0x0, 0x0, 0x0, 0x0, 0x0, 0x4, 0xff, 0xff,
    0xff, 0xc0, 0x0, 0x0, 0x0, 0x0, 0x0, 0x0,
    0x1e, 0xff, 0xff, 0xfe, 0x10, 0x0, 0x0, 0x0,
    0x0, 0x0, 0x0, 0xcf, 0xff, 0xff, 0xf4, 0x0,
    0x0, 0x0, 0x0, 0x0, 0x0, 0x9, 0xff, 0xff,
    0xff, 0x70, 0x0, 0x0, 0x0, 0x0, 0x0, 0x0,
    0x5f, 0xff, 0xff, 0xfb, 0x0, 0x0, 0x0, 0x0,
    0x0, 0x0, 0x2, 0xff, 0xff, 0xff, 0xe1, 0x0,
    0x0, 0x0, 0x0, 0x0, 0x0, 0xd, 0xff, 0xff,
    0xff, 0x30, 0x0, 0x0, 0x0, 0x0, 0x0, 0x0,
    0xaf, 0xff, 0xff, 0xf6, 0x0, 0x0, 0x0, 0x0,
    0x0, 0x0, 0x6, 0xff, 0xff, 0xff, 0xa0, 0x0,
    0x0, 0x0, 0x0, 0x0, 0x0, 0x3f, 0xff, 0xff,
    0xfd, 0x0, 0x0, 0x0, 0x0, 0x0, 0x0, 0x1,
    0xdf, 0xff, 0xff, 0xf2, 0x0, 0x0, 0x0, 0x0,
    0x0, 0x0, 0xb, 0xff, 0xff, 0xff, 0x50, 0x0,
    0x0, 0x0, 0x0, 0x0, 0x0, 0x5f, 0xff, 0xff,
    0xfe, 0x88, 0x88, 0x88, 0x88, 0x88, 0x88, 0x86,
    0x7f, 0xff, 0xff, 0xff, 0xff, 0xff, 0xff, 0xff,
    0xff, 0xff, 0xfb, 0x7f, 0xff, 0xff, 0xff, 0xff,
    0xff, 0xff, 0xff, 0xff, 0xff, 0xfb, 0x7f, 0xff,
    0xff, 0xff, 0xff, 0xff, 0xff, 0xff, 0xff, 0xff,
    0xfb, 0x7f, 0xff, 0xff, 0xff, 0xff, 0xff, 0xff,
    0xff, 0xff, 0xff, 0xfb, 0x7f, 0xff, 0xff, 0xff,
    0xff, 0xff, 0xff, 0xff, 0xff, 0xff, 0xfb,

    /* U+005B "[" */
    0xef, 0xff, 0xff, 0xff, 0x5e, 0xff, 0xff, 0xff,
    0xf5, 0xef, 0xff, 0xff, 0xff, 0x5e, 0xff, 0xff,
    0xff, 0xf5, 0xef, 0xff, 0xfa, 0x44, 0x1e, 0xff,
    0xff, 0x90, 0x0, 0xef, 0xff, 0xf9, 0x0, 0xe,
    0xff, 0xff, 0x90, 0x0, 0xef, 0xff, 0xf9, 0x0,
    0xe, 0xff, 0xff, 0x90, 0x0, 0xef, 0xff, 0xf9,
    0x0, 0xe, 0xff, 0xff, 0x90, 0x0, 0xef, 0xff,
    0xf9, 0x0, 0xe, 0xff, 0xff, 0x90, 0x0, 0xef,
    0xff, 0xf9, 0x0, 0xe, 0xff, 0xff, 0x90, 0x0,
    0xef, 0xff, 0xf9, 0x0, 0xe, 0xff, 0xff, 0x90,
    0x0, 0xef, 0xff, 0xf9, 0x0, 0xe, 0xff, 0xff,
    0x90, 0x0, 0xef, 0xff, 0xf9, 0x0, 0xe, 0xff,
    0xff, 0x90, 0x0, 0xef, 0xff, 0xf9, 0x0, 0xe,
    0xff, 0xff, 0x90, 0x0, 0xef, 0xff, 0xf9, 0x0,
    0xe, 0xff, 0xff, 0x90, 0x0, 0xef, 0xff, 0xf9,
    0x0, 0xe, 0xff, 0xff, 0x90, 0x0, 0xef, 0xff,
    0xf9, 0x0, 0xe, 0xff, 0xff, 0x90, 0x0, 0xef,
    0xff, 0xf9, 0x0, 0xe, 0xff, 0xff, 0x90, 0x0,
    0xef, 0xff, 0xfa, 0x44, 0x1e, 0xff, 0xff, 0xff,
    0xf5, 0xef, 0xff, 0xff, 0xff, 0x5e, 0xff, 0xff,
    0xff, 0xf5, 0xef, 0xff, 0xff, 0xff, 0x50,

    /* U+005C "\\" */
    0x6f, 0xff, 0xf7, 0x0, 0x0, 0x0, 0x0, 0x0,
    0x0, 0x1f, 0xff, 0xfc, 0x0, 0x0, 0x0, 0x0,
    0x0, 0x0, 0xb, 0xff, 0xff, 0x20, 0x0, 0x0,
    0x0, 0x0, 0x0, 0x6, 0xff, 0xff, 0x70, 0x0,
    0x0, 0x0, 0x0, 0x0, 0x1, 0xff, 0xff, 0xc0,
    0x0, 0x0, 0x0, 0x0, 0x0, 0x0, 0xcf, 0xff,
    0xf1, 0x0, 0x0, 0x0, 0x0, 0x0, 0x0, 0x7f,
    0xff, 0xf6, 0x0, 0x0, 0x0, 0x0, 0x0, 0x0,
    0x1f, 0xff, 0xfc, 0x0, 0x0, 0x0, 0x0, 0x0,
    0x0, 0xc, 0xff, 0xff, 0x10, 0x0, 0x0, 0x0,
    0x0, 0x0, 0x7, 0xff, 0xff, 0x60, 0x0, 0x0,
    0x0, 0x0, 0x0, 0x2, 0xff, 0xff, 0xb0, 0x0,
    0x0, 0x0, 0x0, 0x0, 0x0, 0xcf, 0xff, 0xf1,
    0x0, 0x0, 0x0, 0x0, 0x0, 0x0, 0x7f, 0xff,
    0xf6, 0x0, 0x0, 0x0, 0x0, 0x0, 0x0, 0x2f,
    0xff, 0xfb, 0x0, 0x0, 0x0, 0x0, 0x0, 0x0,
    0xd, 0xff, 0xff, 0x10, 0x0, 0x0, 0x0, 0x0,
    0x0, 0x8, 0xff, 0xff, 0x50, 0x0, 0x0, 0x0,
    0x0, 0x0, 0x2, 0xff, 0xff, 0xb0, 0x0, 0x0,
    0x0, 0x0, 0x0, 0x0, 0xdf, 0xff, 0xf0, 0x0,
    0x0, 0x0, 0x0, 0x0, 0x0, 0x8f, 0xff, 0xf5,
    0x0, 0x0, 0x0, 0x0, 0x0, 0x0, 0x3f, 0xff,
    0xfa, 0x0, 0x0, 0x0, 0x0, 0x0, 0x0, 0xd,
    0xff, 0xff, 0x0, 0x0, 0x0, 0x0, 0x0, 0x0,
    0x8, 0xff, 0xff, 0x50, 0x0, 0x0, 0x0, 0x0,
    0x0, 0x3, 0xff, 0xff, 0xa0, 0x0, 0x0, 0x0,
    0x0, 0x0, 0x0, 0xef, 0xff, 0xf0, 0x0, 0x0,
    0x0, 0x0, 0x0, 0x0, 0x9f, 0xff, 0xf5, 0x0,
    0x0, 0x0, 0x0, 0x0, 0x0, 0x3f, 0xff, 0xfa,
    0x0, 0x0, 0x0, 0x0, 0x0, 0x0, 0xe, 0xff,
    0xff, 0x0, 0x0, 0x0, 0x0, 0x0, 0x0, 0x9,
    0xff, 0xff, 0x40, 0x0, 0x0, 0x0, 0x0, 0x0,
    0x4, 0xff, 0xff, 0x90, 0x0, 0x0, 0x0, 0x0,
    0x0, 0x0, 0xef, 0xff, 0xe0, 0x0, 0x0, 0x0,
    0x0, 0x0, 0x0, 0x9f, 0xff, 0xf4, 0x0, 0x0,
    0x0, 0x0, 0x0, 0x0, 0x4f, 0xff, 0xf9, 0x0,
    0x0, 0x0, 0x0, 0x0, 0x0, 0xe, 0xff, 0xfe,
    0x0, 0x0, 0x0, 0x0, 0x0, 0x0, 0x9, 0xff,
    0xff, 0x40, 0x0, 0x0, 0x0, 0x0, 0x0, 0x4,
    0xff, 0xff, 0x90, 0x0, 0x0, 0x0, 0x0, 0x0,
    0x0, 0xff, 0xff, 0xe0, 0x0, 0x0, 0x0, 0x0,
    0x0, 0x0, 0x58, 0x88, 0x81,

    /* U+005D "]" */
    0xff, 0xff, 0xff, 0xff, 0x4f, 0xff, 0xff, 0xff,
    0xf4, 0xff, 0xff, 0xff, 0xff, 0x4f, 0xff, 0xff,
    0xff, 0xf4, 0x44, 0x6f, 0xff, 0xff, 0x40, 0x3,
    0xff, 0xff, 0xf4, 0x0, 0x3f, 0xff, 0xff, 0x40,
    0x3, 0xff, 0xff, 0xf4, 0x0, 0x3f, 0xff, 0xff,
    0x40, 0x3, 0xff, 0xff, 0xf4, 0x0, 0x3f, 0xff,
    0xff, 0x40, 0x3, 0xff, 0xff, 0xf4, 0x0, 0x3f,
    0xff, 0xff, 0x40, 0x3, 0xff, 0xff, 0xf4, 0x0,
    0x3f, 0xff, 0xff, 0x40, 0x3, 0xff, 0xff, 0xf4,
    0x0, 0x3f, 0xff, 0xff, 0x40, 0x3, 0xff, 0xff,
    0xf4, 0x0, 0x3f, 0xff, 0xff, 0x40, 0x3, 0xff,
    0xff, 0xf4, 0x0, 0x3f, 0xff, 0xff, 0x40, 0x3,
    0xff, 0xff, 0xf4, 0x0, 0x3f, 0xff, 0xff, 0x40,
    0x3, 0xff, 0xff, 0xf4, 0x0, 0x3f, 0xff, 0xff,
    0x40, 0x3, 0xff, 0xff, 0xf4, 0x0, 0x3f, 0xff,
    0xff, 0x40, 0x3, 0xff, 0xff, 0xf4, 0x0, 0x3f,
    0xff, 0xff, 0x40, 0x3, 0xff, 0xff, 0xf4, 0x0,
    0x3f, 0xff, 0xff, 0x40, 0x3, 0xff, 0xff, 0xf4,
    0x44, 0x6f, 0xff, 0xff, 0x4f, 0xff, 0xff, 0xff,
    0xf4, 0xff, 0xff, 0xff, 0xff, 0x4f, 0xff, 0xff,
    0xff, 0xf4, 0xff, 0xff, 0xff, 0xff, 0x40,

    /* U+005E "^" */
    0x0, 0x0, 0x0, 0x0, 0x9f, 0xff, 0xfb, 0x0,
    0x0, 0x0, 0x0, 0x0, 0x0, 0x0, 0x2, 0xff,
    0xff, 0xff, 0x40, 0x0, 0x0, 0x0, 0x0, 0x0,
    0x0, 0xa, 0xff, 0xff, 0xff, 0xc0, 0x0, 0x0,
    0x0, 0x0, 0x0, 0x0, 0x3f, 0xff, 0xff, 0xff,
    0xf5, 0x0, 0x0, 0x0, 0x0, 0x0, 0x0, 0xbf,
    0xff, 0xff, 0xff, 0xfd, 0x0, 0x0, 0x0, 0x0,
    0x0, 0x4, 0xff, 0xff, 0xff, 0xff, 0xff, 0x60,
    0x0, 0x0, 0x0, 0x0, 0xc, 0xff, 0xff, 0xdf,
    0xff, 0xff, 0xe0, 0x0, 0x0, 0x0, 0x0, 0x5f,
    0xff, 0xff, 0x48, 0xff, 0xff, 0xf7, 0x0, 0x0,
    0x0, 0x0, 0xdf, 0xff, 0xfc, 0x1, 0xef, 0xff,
    0xfe, 0x0, 0x0, 0x0, 0x6, 0xff, 0xff, 0xf3,
    0x0, 0x7f, 0xff, 0xff, 0x80, 0x0, 0x0, 0xe,
    0xff, 0xff, 0xb0, 0x0, 0xe, 0xff, 0xff, 0xf1,
    0x0, 0x0, 0x7f, 0xff, 0xff, 0x30, 0x0, 0x6,
    0xff, 0xff, 0xf8, 0x0, 0x1, 0xff, 0xff, 0xfa,
    0x0, 0x0, 0x0, 0xef, 0xff, 0xff, 0x10, 0x8,
    0xff, 0xff, 0xf2, 0x0, 0x0, 0x0, 0x6f, 0xff,
    0xff, 0x90, 0x1f, 0xff, 0xff, 0x90, 0x0, 0x0,
    0x0, 0xd, 0xff, 0xff, 0xf2, 0x5, 0xdf, 0xff,
    0x10, 0x0, 0x0, 0x0, 0x5, 0xff, 0xfd, 0x50,
    0x0, 0x6, 0xe8, 0x0, 0x0, 0x0, 0x0, 0x0,
    0xcc, 0x50, 0x0, 0x0, 0x0, 0x0, 0x0, 0x0,
    0x0, 0x0, 0x0, 0x10, 0x0, 0x0,

    /* U+005F "_" */
    0x0, 0x0, 0x0, 0x0, 0x0, 0x0, 0x0, 0x0,
    0x0, 0x0, 0xc, 0xff, 0xff, 0xff, 0xff, 0xff,
    0xff, 0xff, 0xff, 0xff, 0xf0, 0xcf, 0xff, 0xff,
    0xff, 0xff, 0xff, 0xff, 0xff, 0xff, 0xff, 0xc,
    0xff, 0xff, 0xff, 0xff, 0xff, 0xff, 0xff, 0xff,
    0xff, 0xf0, 0xcf, 0xff, 0xff, 0xff, 0xff, 0xff,
    0xff, 0xff, 0xff, 0xff, 0xc, 0xff, 0xff, 0xff,
    0xff, 0xff, 0xff, 0xff, 0xff, 0xff, 0xf0,

    /* U+0060 "`" */
    0x0, 0x0, 0x30, 0x0, 0x0, 0x3, 0xbf, 0x60,
    0x0, 0x2a, 0xff, 0xfd, 0x0, 0xa, 0xff, 0xff,
    0xf6, 0x0, 0x1e, 0xff, 0xff, 0xd0, 0x0, 0x3f,
    0xff, 0xff, 0x50, 0x0, 0x7f, 0xff, 0xfd, 0x0,
    0x0, 0xbf, 0xff, 0xf5, 0x0, 0x1, 0xef, 0xff,
    0x90, 0x0, 0x3, 0xfb, 0x30, 0x0, 0x0, 0x1,
    0x0, 0x0,

    /* U+0061 "a" */
    0x0, 0x0, 0x6, 0xad, 0xff, 0xfe, 0xb7, 0x10,
    0x0, 0x0, 0x0, 0x0, 0x4e, 0xff, 0xff, 0xff,
    0xff, 0xff, 0x90, 0x0, 0x0, 0x0, 0x7f, 0xff,
    0xff, 0xff, 0xff, 0xff, 0xff, 0xc0, 0x0, 0x0,
    0x5f, 0xff, 0xff, 0xff, 0xff, 0xff, 0xff, 0xff,
    0x80, 0x0, 0x5, 0xff, 0xff, 0xff, 0xdc, 0xef,
    0xff, 0xff, 0xff, 0x0, 0x0, 0x3, 0xef, 0xf6,
    0x0, 0x0, 0x5f, 0xff, 0xff, 0xf4, 0x0, 0x0,
    0x1, 0xc3, 0x0, 0x0, 0x0, 0x9f, 0xff, 0xff,
    0x70, 0x0, 0x0, 0x0, 0x0, 0x0, 0x0, 0x5,
    0xff, 0xff, 0xf9, 0x0, 0x0, 0x0, 0x0, 0x0,
    0x0, 0x0, 0x5f, 0xff, 0xff, 0x90, 0x0, 0x0,
    0x3, 0x8b, 0xef, 0xff, 0xff, 0xff, 0xff, 0xf9,
    0x0, 0x0, 0x2b, 0xff, 0xff, 0xff, 0xff, 0xff,
    0xff, 0xff, 0x90, 0x0, 0x3e, 0xff, 0xff, 0xff,
    0xff, 0xff, 0xff, 0xff, 0xf9, 0x0, 0xd, 0xff,
    0xff, 0xfe, 0x97, 0x77, 0x9f, 0xff, 0xff, 0x90,
    0x4, 0xff, 0xff, 0xfc, 0x0, 0x0, 0x5, 0xff,
    0xff, 0xf9, 0x0, 0x8f, 0xff, 0xff, 0x60, 0x0,
    0x0, 0x5f, 0xff, 0xff, 0x90, 0x9, 0xff, 0xff,
    0xf5, 0x0, 0x0, 0x5, 0xff, 0xff, 0xf9, 0x0,
    0x9f, 0xff, 0xff, 0x80, 0x0, 0x0, 0xbf, 0xff,
    0xff, 0x90, 0x6, 0xff, 0xff, 0xff, 0x84, 0x46,
    0xdf, 0xef, 0xff, 0xfe, 0xb6, 0x2f, 0xff, 0xff,
    0xff, 0xff, 0xff, 0xc8, 0xff, 0xff, 0xff, 0x90,
    0x9f, 0xff, 0xff, 0xff, 0xff, 0xf4, 0x3f, 0xff,
    0xff, 0xf9, 0x0, 0xaf, 0xff, 0xff, 0xff, 0xf7,
    0x0, 0x9f, 0xff, 0xff, 0x90, 0x0, 0x4a, 0xef,
    0xfd, 0x92, 0x0, 0x0, 0x8e, 0xff, 0xf9,

    /* U+0062 "b" */
    0x3f, 0xff, 0xff, 0xb0, 0x0, 0x0, 0x0, 0x0,
    0x0, 0x0, 0x3, 0xff, 0xff, 0xfb, 0x0, 0x0,
    0x0, 0x0, 0x0, 0x0, 0x0, 0x3f, 0xff, 0xff,
    0xb0, 0x0, 0x0, 0x0, 0x0, 0x0, 0x0, 0x3,
    0xff, 0xff, 0xfb, 0x0, 0x0, 0x0, 0x0, 0x0,
    0x0, 0x0, 0x3f, 0xff, 0xff, 0xb0, 0x0, 0x0,
    0x0, 0x0, 0x0, 0x0, 0x3, 0xff, 0xff, 0xfb,
    0x0, 0x0, 0x0, 0x0, 0x0, 0x0, 0x0, 0x3f,
    0xff, 0xff, 0xb0, 0x0, 0x0, 0x0, 0x0, 0x0,
    0x0, 0x3, 0xff, 0xff, 0xfb, 0x0, 0x0, 0x0,
    0x0, 0x0, 0x0, 0x0, 0x3f, 0xff, 0xff, 0xb0,
    0x3, 0xae, 0xfe, 0xc7, 0x10, 0x0, 0x3, 0xff,
    0xff, 0xfb, 0x8, 0xff, 0xff, 0xff, 0xfe, 0x40,
    0x0, 0x3f, 0xff, 0xff, 0xb6, 0xff, 0xff, 0xff,
    0xff, 0xff, 0x40, 0x3, 0xff, 0xff, 0xfb, 0xef,
    0xff, 0xff, 0xff, 0xff, 0xfe, 0x0, 0x3f, 0xff,
    0xff, 0xff, 0xff, 0xff, 0xff, 0xff, 0xff, 0xf7,
    0x3, 0xff, 0xff, 0xff, 0xe6, 0x0, 0x7, 0xff,
    0xff, 0xff, 0xd0, 0x3f, 0xff, 0xff, 0xf2, 0x0,
    0x0, 0x5, 0xff, 0xff, 0xff, 0x13, 0xff, 0xff,
    0xfb, 0x0, 0x0, 0x0, 0xd, 0xff, 0xff, 0xf4,
    0x3f, 0xff, 0xff, 0xb0, 0x0, 0x0, 0x0, 0xaf,
    0xff, 0xff, 0x73, 0xff, 0xff, 0xfb, 0x0, 0x0,
    0x0, 0x9, 0xff, 0xff, 0xf8, 0x3f, 0xff, 0xff,
    0xb0, 0x0, 0x0, 0x0, 0x9f, 0xff, 0xff, 0x93,
    0xff, 0xff, 0xfb, 0x0, 0x0, 0x0, 0x9, 0xff,
    0xff, 0xf9, 0x3f, 0xff, 0xff, 0xb0, 0x0, 0x0,
    0x0, 0x9f, 0xff, 0xff, 0x83, 0xff, 0xff, 0xfb,
    0x0, 0x0, 0x0, 0x9, 0xff, 0xff, 0xf7, 0x3f,
    0xff, 0xff, 0xb0, 0x0, 0x0, 0x0, 0xdf, 0xff,
    0xff, 0x43, 0xff, 0xff, 0xff, 0x20, 0x0, 0x0,
    0x5f, 0xff, 0xff, 0xf1, 0x3f, 0xff, 0xff, 0xfe,
    0x50, 0x0, 0x6f, 0xff, 0xff, 0xfd, 0x3, 0xff,
    0xff, 0xff, 0xff, 0xfe, 0xff, 0xff, 0xff, 0xff,
    0x70, 0x3f, 0xff, 0xff, 0xbe, 0xff, 0xff, 0xff,
    0xff, 0xff, 0xe0, 0x3, 0xff, 0xff, 0xfb, 0x6f,
    0xff, 0xff, 0xff, 0xff, 0xf4, 0x0, 0x3f, 0xff,
    0xff, 0xb0, 0x7f, 0xff, 0xff, 0xff, 0xe4, 0x0,
    0x3, 0xff, 0xff, 0xfb, 0x0, 0x2a, 0xef, 0xec,
    0x71, 0x0, 0x0,

    /* U+0063 "c" */
    0x0, 0x0, 0x0, 0x5a, 0xde, 0xfe, 0xc8, 0x20,
    0x0, 0x0, 0x0, 0x5, 0xef, 0xff, 0xff, 0xff,
    0xff, 0x80, 0x0, 0x0, 0x8, 0xff, 0xff, 0xff,
    0xff, 0xff, 0xff, 0xb0, 0x0, 0x6, 0xff, 0xff,
    0xff, 0xff, 0xff, 0xff, 0xff, 0x90, 0x1, 0xff,
    0xff, 0xff, 0xfe, 0xdf, 0xff, 0xff, 0xff, 0x20,
    0x8f, 0xff, 0xff, 0xd3, 0x0, 0x8, 0xff, 0xff,
    0xf6, 0xe, 0xff, 0xff, 0xf3, 0x0, 0x0, 0xa,
    0xfe, 0x81, 0x2, 0xff, 0xff, 0xfd, 0x0, 0x0,
    0x0, 0x25, 0x0, 0x0, 0x5f, 0xff, 0xff, 0xa0,
    0x0, 0x0, 0x0, 0x0, 0x0, 0x7, 0xff, 0xff,
    0xf9, 0x0, 0x0, 0x0, 0x0, 0x0, 0x0, 0x8f,
    0xff, 0xff, 0x90, 0x0, 0x0, 0x0, 0x0, 0x0,
    0x8, 0xff, 0xff, 0xf9, 0x0, 0x0, 0x0, 0x0,
    0x0, 0x0, 0x7f, 0xff, 0xff, 0x90, 0x0, 0x0,
    0x0, 0x0, 0x0, 0x5, 0xff, 0xff, 0xfa, 0x0,
    0x0, 0x0, 0x0, 0x0, 0x0, 0x2f, 0xff, 0xff,
    0xc0, 0x0, 0x0, 0x0, 0xa4, 0x0, 0x0, 0xef,
    0xff, 0xff, 0x30, 0x0, 0x0, 0x8f, 0xfd, 0x60,
    0x8, 0xff, 0xff, 0xfd, 0x20, 0x0, 0x7f, 0xff,
    0xff, 0x90, 0x1f, 0xff, 0xff, 0xff, 0xdd, 0xff,
    0xff, 0xff, 0xf2, 0x0, 0x6f, 0xff, 0xff, 0xff,
    0xff, 0xff, 0xff, 0xf9, 0x0, 0x0, 0x8f, 0xff,
    0xff, 0xff, 0xff, 0xff, 0xfb, 0x0, 0x0, 0x0,
    0x5e, 0xff, 0xff, 0xff, 0xff, 0xf9, 0x0, 0x0,
    0x0, 0x0, 0x5, 0xad, 0xff, 0xec, 0x82, 0x0,
    0x0,

    /* U+0064 "d" */
    0x0, 0x0, 0x0, 0x0, 0x0, 0x0, 0x0, 0x5f,
    0xff, 0xff, 0x90, 0x0, 0x0, 0x0, 0x0, 0x0,
    0x0, 0x5, 0xff, 0xff, 0xf9, 0x0, 0x0, 0x0,
    0x0, 0x0, 0x0, 0x0, 0x5f, 0xff, 0xff, 0x90,
    0x0, 0x0, 0x0, 0x0, 0x0, 0x0, 0x5, 0xff,
    0xff, 0xf9, 0x0, 0x0, 0x0, 0x0, 0x0, 0x0,
    0x0, 0x5f, 0xff, 0xff, 0x90, 0x0, 0x0, 0x0,
    0x0, 0x0, 0x0, 0x5, 0xff, 0xff, 0xf9, 0x0,
    0x0, 0x0, 0x0, 0x0, 0x0, 0x0, 0x5f, 0xff,
    0xff, 0x90, 0x0, 0x0, 0x0, 0x0, 0x0, 0x0,
    0x5, 0xff, 0xff, 0xf9, 0x0, 0x0, 0x5, 0xbe,
    0xff, 0xc5, 0x0, 0x5f, 0xff, 0xff, 0x90, 0x0,
    0x2c, 0xff, 0xff, 0xff, 0xfb, 0x5, 0xff, 0xff,
    0xf9, 0x0, 0x1d, 0xff, 0xff, 0xff, 0xff, 0xfb,
    0x5f, 0xff, 0xff, 0x90, 0xa, 0xff, 0xff, 0xff,
    0xff, 0xff, 0xf9, 0xff, 0xff, 0xf9, 0x2, 0xff,
    0xff, 0xff, 0xff, 0xff, 0xff, 0xff, 0xff, 0xff,
    0x90, 0x8f, 0xff, 0xff, 0xfa, 0x20, 0x3, 0xcf,
    0xff, 0xff, 0xf9, 0xc, 0xff, 0xff, 0xfa, 0x0,
    0x0, 0x0, 0xcf, 0xff, 0xff, 0x90, 0xff, 0xff,
    0xff, 0x20, 0x0, 0x0, 0x6, 0xff, 0xff, 0xf9,
    0x2f, 0xff, 0xff, 0xe0, 0x0, 0x0, 0x0, 0x5f,
    0xff, 0xff, 0x93, 0xff, 0xff, 0xfe, 0x0, 0x0,
    0x0, 0x5, 0xff, 0xff, 0xf9, 0x4f, 0xff, 0xff,
    0xe0, 0x0, 0x0, 0x0, 0x5f, 0xff, 0xff, 0x94,
    0xff, 0xff, 0xfe, 0x0, 0x0, 0x0, 0x5, 0xff,
    0xff, 0xf9, 0x3f, 0xff, 0xff, 0xe0, 0x0, 0x0,
    0x0, 0x5f, 0xff, 0xff, 0x92, 0xff, 0xff, 0xfe,
    0x0, 0x0, 0x0, 0x5, 0xff, 0xff, 0xf9, 0xf,
    0xff, 0xff, 0xf2, 0x0, 0x0, 0x0, 0x6f, 0xff,
    0xff, 0x90, 0xcf, 0xff, 0xff, 0xa0, 0x0, 0x0,
    0xc, 0xff, 0xff, 0xf9, 0x8, 0xff, 0xff, 0xff,
    0xa1, 0x0, 0x3b, 0xff, 0xff, 0xff, 0x90, 0x2f,
    0xff, 0xff, 0xff, 0xfe, 0xff, 0xff, 0xff, 0xff,
    0xf9, 0x0, 0xaf, 0xff, 0xff, 0xff, 0xff, 0xff,
    0x9f, 0xff, 0xff, 0x90, 0x1, 0xdf, 0xff, 0xff,
    0xff, 0xff, 0xb5, 0xff, 0xff, 0xf9, 0x0, 0x2,
    0xcf, 0xff, 0xff, 0xff, 0xb0, 0x5f, 0xff, 0xff,
    0x90, 0x0, 0x0, 0x5b, 0xef, 0xfb, 0x50, 0x5,
    0xff, 0xff, 0xf9,

    /* U+0065 "e" */
    0x0, 0x0, 0x0, 0x5a, 0xde, 0xfe, 0xc8, 0x30,
    0x0, 0x0, 0x0, 0x0, 0x4, 0xdf, 0xff, 0xff,
    0xff, 0xff, 0xb2, 0x0, 0x0, 0x0, 0x7, 0xff,
    0xff, 0xff, 0xff, 0xff, 0xff, 0xe3, 0x0, 0x0,
    0x5, 0xff, 0xff, 0xff, 0xff, 0xff, 0xff, 0xff,
    0xe1, 0x0, 0x1, 0xff, 0xff, 0xff, 0xd9, 0x8a,
    0xff, 0xff, 0xff, 0xa0, 0x0, 0x8f, 0xff, 0xff,
    0xa0, 0x0, 0x1, 0xdf, 0xff, 0xff, 0x20, 0xe,
    0xff, 0xff, 0xe0, 0x0, 0x0, 0x5, 0xff, 0xff,
    0xf7, 0x2, 0xff, 0xff, 0xfa, 0x0, 0x0, 0x0,
    0x2f, 0xff, 0xff, 0xb0, 0x5f, 0xff, 0xff, 0xeb,
    0xbb, 0xbb, 0xbb, 0xff, 0xff, 0xfe, 0x7, 0xff,
    0xff, 0xff, 0xff, 0xff, 0xff, 0xff, 0xff, 0xff,
    0xf0, 0x8f, 0xff, 0xff, 0xff, 0xff, 0xff, 0xff,
    0xff, 0xff, 0xff, 0x8, 0xff, 0xff, 0xff, 0xff,
    0xff, 0xff, 0xff, 0xff, 0xff, 0xf0, 0x7f, 0xff,
    0xff, 0x90, 0x0, 0x0, 0x0, 0x0, 0x0, 0x0,
    0x5, 0xff, 0xff, 0xfa, 0x0, 0x0, 0x0, 0x0,
    0x0, 0x0, 0x0, 0x2f, 0xff, 0xff, 0xe0, 0x0,
    0x0, 0x0, 0x0, 0x30, 0x0, 0x0, 0xef, 0xff,
    0xff, 0x60, 0x0, 0x0, 0x0, 0x9f, 0x20, 0x0,
    0x7, 0xff, 0xff, 0xff, 0x60, 0x0, 0x3, 0xcf,
    0xfd, 0x0, 0x0, 0x1e, 0xff, 0xff, 0xff, 0xfc,
    0xce, 0xff, 0xff, 0xf9, 0x0, 0x0, 0x5f, 0xff,
    0xff, 0xff, 0xff, 0xff, 0xff, 0xff, 0xf1, 0x0,
    0x0, 0x6f, 0xff, 0xff, 0xff, 0xff, 0xff, 0xff,
    0xe3, 0x0, 0x0, 0x0, 0x3d, 0xff, 0xff, 0xff,
    0xff, 0xff, 0x91, 0x0, 0x0, 0x0, 0x0, 0x4,
    0x9d, 0xef, 0xed, 0xa6, 0x10, 0x0, 0x0,

    /* U+0066 "f" */
    0x0, 0x0, 0x0, 0x4a, 0xdf, 0xff, 0xfe, 0x0,
    0x0, 0x9, 0xff, 0xff, 0xff, 0xfe, 0x0, 0x0,
    0x6f, 0xff, 0xff, 0xff, 0xfe, 0x0, 0x0, 0xdf,
    0xff, 0xff, 0xff, 0xfe, 0x0, 0x1, 0xff, 0xff,
    0xfe, 0xbb, 0xba, 0x0, 0x2, 0xff, 0xff, 0xfb,
    0x0, 0x0, 0x0, 0x3, 0xff, 0xff, 0xfb, 0x0,
    0x0, 0x0, 0x3, 0xff, 0xff, 0xfb, 0x0, 0x0,
    0x2f, 0xff, 0xff, 0xff, 0xff, 0xff, 0xfe, 0x2f,
    0xff, 0xff, 0xff, 0xff, 0xff, 0xfe, 0x2f, 0xff,
    0xff, 0xff, 0xff, 0xff, 0xfe, 0x2f, 0xff, 0xff,
    0xff, 0xff, 0xff, 0xfe, 0x1b, 0xbc, 0xff, 0xff,
    0xfe, 0xbb, 0xba, 0x0, 0x3, 0xff, 0xff, 0xfb,
    0x0, 0x0, 0x0, 0x3, 0xff, 0xff, 0xfb, 0x0,
    0x0, 0x0, 0x3, 0xff, 0xff, 0xfb, 0x0, 0x0,
    0x0, 0x3, 0xff, 0xff, 0xfb, 0x0, 0x0, 0x0,
    0x3, 0xff, 0xff, 0xfb, 0x0, 0x0, 0x0, 0x3,
    0xff, 0xff, 0xfb, 0x0, 0x0, 0x0, 0x3, 0xff,
    0xff, 0xfb, 0x0, 0x0, 0x0, 0x3, 0xff, 0xff,
    0xfb, 0x0, 0x0, 0x0, 0x3, 0xff, 0xff, 0xfb,
    0x0, 0x0, 0x0, 0x3, 0xff, 0xff, 0xfb, 0x0,
    0x0, 0x0, 0x3, 0xff, 0xff, 0xfb, 0x0, 0x0,
    0x0, 0x3, 0xff, 0xff, 0xfb, 0x0, 0x0, 0x0,
    0x3, 0xff, 0xff, 0xfb, 0x0, 0x0, 0x0, 0x3,
    0xff, 0xff, 0xfb, 0x0, 0x0, 0x0, 0x3, 0xff,
    0xff, 0xfb, 0x0, 0x0, 0x0, 0x3, 0xff, 0xff,
    0xfb, 0x0, 0x0, 0x0, 0x3, 0xff, 0xff, 0xfb,
    0x0, 0x0,

    /* U+0067 "g" */
    0x0, 0x0, 0x0, 0x0, 0x0, 0x0, 0x0, 0x0,
    0x47, 0x88, 0x70, 0x0, 0x0, 0x0, 0x0, 0x0,
    0x0, 0x0, 0x0, 0xbf, 0xff, 0xff, 0x0, 0x0,
    0x0, 0x0, 0x0, 0x0, 0x0, 0x0, 0x4f, 0xff,
    0xff, 0xf0, 0x0, 0x0, 0x0, 0x0, 0x0, 0x0,
    0x0, 0x7, 0xff, 0xff, 0xff, 0x0, 0x0, 0x0,
    0x0, 0x0, 0x0, 0x0, 0x0, 0x8f, 0xff, 0xff,
    0xf0, 0x0, 0x0, 0x0, 0x5, 0x9d, 0xef, 0xff,
    0xff, 0xfa, 0x0, 0x0, 0x0, 0x0, 0x0, 0x4e,
    0xff, 0xff, 0xff, 0xff, 0xff, 0xfd, 0x10, 0x0,
    0x0, 0x0, 0x6f, 0xff, 0xff, 0xff, 0xff, 0xff,
    0xff, 0xfc, 0x0, 0x0, 0x0, 0x2f, 0xff, 0xff,
    0xff, 0xff, 0xff, 0xff, 0xff, 0xf4, 0x0, 0x0,
    0x9, 0xff, 0xff, 0xfa, 0x31, 0x14, 0xcf, 0xff,
    0xff, 0xa0, 0x0, 0x0, 0xef, 0xff, 0xfc, 0x0,
    0x0, 0x0, 0xef, 0xff, 0xfc, 0x0, 0x0, 0xf,
    0xff, 0xff, 0x70, 0x0, 0x0, 0xa, 0xff, 0xff,
    0xe0, 0x0, 0x0, 0xff, 0xff, 0xf7, 0x0, 0x0,
    0x0, 0xaf, 0xff, 0xfd, 0x0, 0x0, 0xe, 0xff,
    0xff, 0xc0, 0x0, 0x0, 0xe, 0xff, 0xff, 0xb0,
    0x0, 0x0, 0x9f, 0xff, 0xff, 0xa3, 0x1, 0x3b,
    0xff, 0xff, 0xf6, 0x0, 0x0, 0x2, 0xff, 0xff,
    0xff, 0xff, 0xff, 0xff, 0xff, 0xfd, 0x0, 0x0,
    0x0, 0x6, 0xff, 0xff, 0xff, 0xff, 0xff, 0xff,
    0xff, 0x20, 0x0, 0x0, 0x0, 0x4, 0xdf, 0xff,
    0xff, 0xff, 0xff, 0xfc, 0x20, 0x0, 0x0, 0x0,
    0x0, 0x7d, 0xf9, 0xce, 0xfe, 0xec, 0x83, 0x0,
    0x0, 0x0, 0x0, 0x2, 0xef, 0xf7, 0x0, 0x0,
    0x0, 0x0, 0x0, 0x0, 0x0, 0x0, 0x0, 0xdf,
    0xff, 0x50, 0x0, 0x0, 0x0, 0x0, 0x0, 0x0,
    0x0, 0x0, 0x2f, 0xff, 0xfd, 0x52, 0x22, 0x22,
    0x22, 0x10, 0x0, 0x0, 0x0, 0x2, 0xff, 0xff,
    0xff, 0xff, 0xff, 0xff, 0xff, 0xfe, 0xa3, 0x0,
    0x0, 0xe, 0xff, 0xff, 0xff, 0xff, 0xff, 0xff,
    0xff, 0xff, 0xf7, 0x0, 0x0, 0x5f, 0xff, 0xff,
    0xff, 0xff, 0xff, 0xff, 0xff, 0xff, 0xf4, 0x0,
    0x0, 0x3a, 0xff, 0xff, 0xff, 0xff, 0xff, 0xff,
    0xff, 0xff, 0xc0, 0x0, 0x18, 0xcf, 0xff, 0xff,
    0xff, 0xff, 0xff, 0xff, 0xff, 0xff, 0x0, 0x3e,
    0xff, 0xd0, 0x0, 0x0, 0x0, 0x1, 0x4e, 0xff,
    0xff, 0xf2, 0xc, 0xff, 0xf8, 0x0, 0x0, 0x0,
    0x0, 0x0, 0x7f, 0xff, 0xff, 0x21, 0xff, 0xff,
    0xa0, 0x0, 0x0, 0x0, 0x0, 0x8, 0xff, 0xff,
    0xf0, 0x1f, 0xff, 0xff, 0x83, 0x10, 0x0, 0x1,
    0x38, 0xff, 0xff, 0xfc, 0x0, 0xdf, 0xff, 0xff,
    0xff, 0xff, 0xff, 0xff, 0xff, 0xff, 0xff, 0x40,
    0x5, 0xff, 0xff, 0xff, 0xff, 0xff, 0xff, 0xff,
    0xff, 0xff, 0x70, 0x0, 0x4, 0xdf, 0xff, 0xff,
    0xff, 0xff, 0xff, 0xff, 0xfc, 0x40, 0x0, 0x0,
    0x0, 0x37, 0xbd, 0xef, 0xff, 0xfe, 0xca, 0x72,
    0x0, 0x0, 0x0,

    /* U+0068 "h" */
    0x3f, 0xff, 0xff, 0xb0, 0x0, 0x0, 0x0, 0x0,
    0x0, 0x0, 0x3f, 0xff, 0xff, 0xb0, 0x0, 0x0,
    0x0, 0x0, 0x0, 0x0, 0x3f, 0xff, 0xff, 0xb0,
    0x0, 0x0, 0x0, 0x0, 0x0, 0x0, 0x3f, 0xff,
    0xff, 0xb0, 0x0, 0x0, 0x0, 0x0, 0x0, 0x0,
    0x3f, 0xff, 0xff, 0xb0, 0x0, 0x0, 0x0, 0x0,
    0x0, 0x0, 0x3f, 0xff, 0xff, 0xb0, 0x0, 0x0,
    0x0, 0x0, 0x0, 0x0, 0x3f, 0xff, 0xff, 0xb0,
    0x0, 0x0, 0x0, 0x0, 0x0, 0x0, 0x3f, 0xff,
    0xff, 0xb0, 0x0, 0x0, 0x0, 0x0, 0x0, 0x0,
    0x3f, 0xff, 0xff, 0xb0, 0x3, 0xae, 0xfe, 0xc7,
    0x0, 0x0, 0x3f, 0xff, 0xff, 0xb0, 0x5f, 0xff,
    0xff, 0xff, 0xd1, 0x0, 0x3f, 0xff, 0xff, 0xb3,
    0xff, 0xff, 0xff, 0xff, 0xfc, 0x0, 0x3f, 0xff,
    0xff, 0xbc, 0xff, 0xff, 0xff, 0xff, 0xff, 0x60,
    0x3f, 0xff, 0xff, 0xff, 0xff, 0xff, 0xff, 0xff,
    0xff, 0xc0, 0x3f, 0xff, 0xff, 0xfe, 0x60, 0x1,
    0xbf, 0xff, 0xff, 0xf0, 0x3f, 0xff, 0xff, 0xf3,
    0x0, 0x0, 0xf, 0xff, 0xff, 0xf2, 0x3f, 0xff,
    0xff, 0xc0, 0x0, 0x0, 0xb, 0xff, 0xff, 0xf4,
    0x3f, 0xff, 0xff, 0xb0, 0x0, 0x0, 0x9, 0xff,
    0xff, 0xf4, 0x3f, 0xff, 0xff, 0xb0, 0x0, 0x0,
    0x9, 0xff, 0xff, 0xf5, 0x3f, 0xff, 0xff, 0xb0,
    0x0, 0x0, 0x9, 0xff, 0xff, 0xf5, 0x3f, 0xff,
    0xff, 0xb0, 0x0, 0x0, 0x9, 0xff, 0xff, 0xf5,
    0x3f, 0xff, 0xff, 0xb0, 0x0, 0x0, 0x9, 0xff,
    0xff, 0xf5, 0x3f, 0xff, 0xff, 0xb0, 0x0, 0x0,
    0x9, 0xff, 0xff, 0xf5, 0x3f, 0xff, 0xff, 0xb0,
    0x0, 0x0, 0x9, 0xff, 0xff, 0xf5, 0x3f, 0xff,
    0xff, 0xb0, 0x0, 0x0, 0x9, 0xff, 0xff, 0xf5,
    0x3f, 0xff, 0xff, 0xb0, 0x0, 0x0, 0x9, 0xff,
    0xff, 0xf5, 0x3f, 0xff, 0xff, 0xb0, 0x0, 0x0,
    0x9, 0xff, 0xff, 0xf5, 0x3f, 0xff, 0xff, 0xb0,
    0x0, 0x0, 0x9, 0xff, 0xff, 0xf5, 0x3f, 0xff,
    0xff, 0xb0, 0x0, 0x0, 0x9, 0xff, 0xff, 0xf5,
    0x3f, 0xff, 0xff, 0xb0, 0x0, 0x0, 0x9, 0xff,
    0xff, 0xf5, 0x3f, 0xff, 0xff, 0xb0, 0x0, 0x0,
    0x9, 0xff, 0xff, 0xf5,

    /* U+0069 "i" */
    0x6, 0xdf, 0xea, 0x10, 0x5f, 0xff, 0xff, 0xb0,
    0xaf, 0xff, 0xff, 0xf1, 0xbf, 0xff, 0xff, 0xf2,
    0x9f, 0xff, 0xff, 0xf0, 0x3f, 0xff, 0xff, 0xa0,
    0x4, 0xbd, 0xc8, 0x0, 0x0, 0x0, 0x0, 0x0,
    0x3f, 0xff, 0xff, 0xb0, 0x3f, 0xff, 0xff, 0xb0,
    0x3f, 0xff, 0xff, 0xb0, 0x3f, 0xff, 0xff, 0xb0,
    0x3f, 0xff, 0xff, 0xb0, 0x3f, 0xff, 0xff, 0xb0,
    0x3f, 0xff, 0xff, 0xb0, 0x3f, 0xff, 0xff, 0xb0,
    0x3f, 0xff, 0xff, 0xb0, 0x3f, 0xff, 0xff, 0xb0,
    0x3f, 0xff, 0xff, 0xb0, 0x3f, 0xff, 0xff, 0xb0,
    0x3f, 0xff, 0xff, 0xb0, 0x3f, 0xff, 0xff, 0xb0,
    0x3f, 0xff, 0xff, 0xb0, 0x3f, 0xff, 0xff, 0xb0,
    0x3f, 0xff, 0xff, 0xb0, 0x3f, 0xff, 0xff, 0xb0,
    0x3f, 0xff, 0xff, 0xb0, 0x3f, 0xff, 0xff, 0xb0,
    0x3f, 0xff, 0xff, 0xb0, 0x3f, 0xff, 0xff, 0xb0,

    /* U+006A "j" */
    0x0, 0x0, 0x6d, 0xfe, 0xa1, 0x0, 0x0, 0x5f,
    0xff, 0xff, 0xb0, 0x0, 0xa, 0xff, 0xff, 0xff,
    0x10, 0x0, 0xbf, 0xff, 0xff, 0xf2, 0x0, 0x9,
    0xff, 0xff, 0xff, 0x0, 0x0, 0x3f, 0xff, 0xff,
    0xa0, 0x0, 0x0, 0x4b, 0xdc, 0x80, 0x0, 0x0,
    0x0, 0x0, 0x0, 0x0, 0x0, 0x3, 0xff, 0xff,
    0xfb, 0x0, 0x0, 0x3f, 0xff, 0xff, 0xb0, 0x0,
    0x3, 0xff, 0xff, 0xfb, 0x0, 0x0, 0x3f, 0xff,
    0xff, 0xb0, 0x0, 0x3, 0xff, 0xff, 0xfb, 0x0,
    0x0, 0x3f, 0xff, 0xff, 0xb0, 0x0, 0x3, 0xff,
    0xff, 0xfb, 0x0, 0x0, 0x3f, 0xff, 0xff, 0xb0,
    0x0, 0x3, 0xff, 0xff, 0xfb, 0x0, 0x0, 0x3f,
    0xff, 0xff, 0xb0, 0x0, 0x3, 0xff, 0xff, 0xfb,
    0x0, 0x0, 0x3f, 0xff, 0xff, 0xb0, 0x0, 0x3,
    0xff, 0xff, 0xfb, 0x0, 0x0, 0x3f, 0xff, 0xff,
    0xb0, 0x0, 0x3, 0xff, 0xff, 0xfb, 0x0, 0x0,
    0x3f, 0xff, 0xff, 0xb0, 0x0, 0x3, 0xff, 0xff,
    0xfb, 0x0, 0x0, 0x3f, 0xff, 0xff, 0xb0, 0x0,
    0x3, 0xff, 0xff, 0xfb, 0x0, 0x0, 0x3f, 0xff,
    0xff, 0xb0, 0x0, 0x3, 0xff, 0xff, 0xfb, 0x0,
    0x0, 0x3f, 0xff, 0xff, 0xb0, 0x0, 0x3, 0xff,
    0xff, 0xfb, 0x0, 0x0, 0x3f, 0xff, 0xff, 0xb0,
    0x0, 0x3, 0xff, 0xff, 0xfa, 0x4, 0xbb, 0xcf,
    0xff, 0xff, 0x90, 0x5f, 0xff, 0xff, 0xff, 0xf5,
    0x5, 0xff, 0xff, 0xff, 0xfe, 0x0, 0x5f, 0xff,
    0xff, 0xff, 0x30, 0x5, 0xff, 0xff, 0xd9, 0x20,
    0x0,

    /* U+006B "k" */
    0x3f, 0xff, 0xff, 0xb0, 0x0, 0x0, 0x0, 0x0,
    0x0, 0x0, 0x0, 0x3f, 0xff, 0xff, 0xb0, 0x0,
    0x0, 0x0, 0x0, 0x0, 0x0, 0x0, 0x3f, 0xff,
    0xff, 0xb0, 0x0, 0x0, 0x0, 0x0, 0x0, 0x0,
    0x0, 0x3f, 0xff, 0xff, 0xb0, 0x0, 0x0, 0x0,
    0x0, 0x0, 0x0, 0x0, 0x3f, 0xff, 0xff, 0xb0,
    0x0, 0x0, 0x0, 0x0, 0x0, 0x0, 0x0, 0x3f,
    0xff, 0xff, 0xb0, 0x0, 0x0, 0x0, 0x0, 0x0,
    0x0, 0x0, 0x3f, 0xff, 0xff, 0xb0, 0x0, 0x0,
    0x0, 0x0, 0x0, 0x0, 0x0, 0x3f, 0xff, 0xff,
    0xb0, 0x0, 0x0, 0x0, 0x0, 0x0, 0x0, 0x0,
    0x3f, 0xff, 0xff, 0xb0, 0x0, 0x0, 0xa, 0xff,
    0xff, 0xfd, 0x0, 0x3f, 0xff, 0xff, 0xb0, 0x0,
    0x0, 0x7f, 0xff, 0xff, 0xe1, 0x0, 0x3f, 0xff,
    0xff, 0xb0, 0x0, 0x4, 0xff, 0xff, 0xff, 0x30,
    0x0, 0x3f, 0xff, 0xff, 0xb0, 0x0, 0x2f, 0xff,
    0xff, 0xf5, 0x0, 0x0, 0x3f, 0xff, 0xff, 0xb0,
    0x0, 0xdf, 0xff, 0xff, 0x80, 0x0, 0x0, 0x3f,
    0xff, 0xff, 0xb0, 0xa, 0xff, 0xff, 0xfb, 0x0,
    0x0, 0x0, 0x3f, 0xff, 0xff, 0xb0, 0x4f, 0xff,
    0xff, 0xd0, 0x0, 0x0, 0x0, 0x3f, 0xff, 0xff,
    0xb0, 0xef, 0xff, 0xfe, 0x20, 0x0, 0x0, 0x0,
    0x3f, 0xff, 0xff, 0xb9, 0xff, 0xff, 0xf7, 0x0,
    0x0, 0x0, 0x0, 0x3f, 0xff, 0xff, 0xef, 0xff,
    0xff, 0xfd, 0x0, 0x0, 0x0, 0x0, 0x3f, 0xff,
    0xff, 0xff, 0xff, 0xff, 0xff, 0x70, 0x0, 0x0,
    0x0, 0x3f, 0xff, 0xff, 0xff, 0xff, 0xff, 0xff,
    0xf1, 0x0, 0x0, 0x0, 0x3f, 0xff, 0xff, 0xff,
    0xff, 0xff, 0xff, 0xf9, 0x0, 0x0, 0x0, 0x3f,
    0xff, 0xff, 0xff, 0xa4, 0xff, 0xff, 0xff, 0x30,
    0x0, 0x0, 0x3f, 0xff, 0xff, 0xfc, 0x0, 0xcf,
    0xff, 0xff, 0xc0, 0x0, 0x0, 0x3f, 0xff, 0xff,
    0xe1, 0x0, 0x4f, 0xff, 0xff, 0xf5, 0x0, 0x0,
    0x3f, 0xff, 0xff, 0xb0, 0x0, 0xc, 0xff, 0xff,
    0xfe, 0x0, 0x0, 0x3f, 0xff, 0xff, 0xb0, 0x0,
    0x3, 0xff, 0xff, 0xff, 0x70, 0x0, 0x3f, 0xff,
    0xff, 0xb0, 0x0, 0x0, 0xbf, 0xff, 0xff, 0xf1,
    0x0, 0x3f, 0xff, 0xff, 0xb0, 0x0, 0x0, 0x3f,
    0xff, 0xff, 0xfa, 0x0, 0x3f, 0xff, 0xff, 0xb0,
    0x0, 0x0, 0xb, 0xff, 0xff, 0xff, 0x30, 0x3f,
    0xff, 0xff, 0xb0, 0x0, 0x0, 0x3, 0xff, 0xff,
    0xff, 0xc0,

    /* U+006C "l" */
    0x3f, 0xff, 0xff, 0xb0, 0x0, 0x3f, 0xff, 0xff,
    0xb0, 0x0, 0x3f, 0xff, 0xff, 0xb0, 0x0, 0x3f,
    0xff, 0xff, 0xb0, 0x0, 0x3f, 0xff, 0xff, 0xb0,
    0x0, 0x3f, 0xff, 0xff, 0xb0, 0x0, 0x3f, 0xff,
    0xff, 0xb0, 0x0, 0x3f, 0xff, 0xff, 0xb0, 0x0,
    0x3f, 0xff, 0xff, 0xb0, 0x0, 0x3f, 0xff, 0xff,
    0xb0, 0x0, 0x3f, 0xff, 0xff, 0xb0, 0x0, 0x3f,
    0xff, 0xff, 0xb0, 0x0, 0x3f, 0xff, 0xff, 0xb0,
    0x0, 0x3f, 0xff, 0xff, 0xb0, 0x0, 0x3f, 0xff,
    0xff, 0xb0, 0x0, 0x3f, 0xff, 0xff, 0xb0, 0x0,
    0x3f, 0xff, 0xff, 0xb0, 0x0, 0x3f, 0xff, 0xff,
    0xb0, 0x0, 0x3f, 0xff, 0xff, 0xb0, 0x0, 0x3f,
    0xff, 0xff, 0xb0, 0x0, 0x3f, 0xff, 0xff, 0xb0,
    0x0, 0x3f, 0xff, 0xff, 0xb0, 0x0, 0x3f, 0xff,
    0xff, 0xb0, 0x0, 0x3f, 0xff, 0xff, 0xb0, 0x0,
    0x3f, 0xff, 0xff, 0xb0, 0x0, 0x2f, 0xff, 0xff,
    0xeb, 0xb3, 0xe, 0xff, 0xff, 0xff, 0xf5, 0x8,
    0xff, 0xff, 0xff, 0xf5, 0x0, 0xbf, 0xff, 0xff,
    0xf5, 0x0, 0x6, 0xbe, 0xff, 0xf5,

    /* U+006D "m" */
    0x3f, 0xff, 0xff, 0xb0, 0x4, 0xbe, 0xfe, 0xb5,
    0x0, 0x0, 0x1, 0x8d, 0xff, 0xc7, 0x0, 0x0,
    0x3f, 0xff, 0xff, 0xb0, 0x6f, 0xff, 0xff, 0xff,
    0x90, 0x0, 0x7f, 0xff, 0xff, 0xff, 0xd1, 0x0,
    0x3f, 0xff, 0xff, 0xb4, 0xff, 0xff, 0xff, 0xff,
    0xf8, 0x7, 0xff, 0xff, 0xff, 0xff, 0xfc, 0x0,
    0x3f, 0xff, 0xff, 0xbc, 0xff, 0xff, 0xff, 0xff,
    0xff, 0x3f, 0xff, 0xff, 0xff, 0xff, 0xff, 0x50,
    0x3f, 0xff, 0xff, 0xff, 0xff, 0xff, 0xff, 0xff,
    0xff, 0xef, 0xff, 0xff, 0xff, 0xff, 0xff, 0xa0,
    0x3f, 0xff, 0xff, 0xfe, 0x50, 0x4, 0xef, 0xff,
    0xff, 0xff, 0x71, 0x2, 0xcf, 0xff, 0xff, 0xe0,
    0x3f, 0xff, 0xff, 0xf2, 0x0, 0x0, 0x6f, 0xff,
    0xff, 0xf5, 0x0, 0x0, 0x2f, 0xff, 0xff, 0xf1,
    0x3f, 0xff, 0xff, 0xc0, 0x0, 0x0, 0x1f, 0xff,
    0xff, 0xf0, 0x0, 0x0, 0xd, 0xff, 0xff, 0xf2,
    0x3f, 0xff, 0xff, 0xb0, 0x0, 0x0, 0xf, 0xff,
    0xff, 0xf0, 0x0, 0x0, 0xb, 0xff, 0xff, 0xf3,
    0x3f, 0xff, 0xff, 0xb0, 0x0, 0x0, 0xf, 0xff,
    0xff, 0xf0, 0x0, 0x0, 0xb, 0xff, 0xff, 0xf3,
    0x3f, 0xff, 0xff, 0xb0, 0x0, 0x0, 0xf, 0xff,
    0xff, 0xf0, 0x0, 0x0, 0xb, 0xff, 0xff, 0xf3,
    0x3f, 0xff, 0xff, 0xb0, 0x0, 0x0, 0xf, 0xff,
    0xff, 0xf0, 0x0, 0x0, 0xb, 0xff, 0xff, 0xf3,
    0x3f, 0xff, 0xff, 0xb0, 0x0, 0x0, 0xf, 0xff,
    0xff, 0xf0, 0x0, 0x0, 0xb, 0xff, 0xff, 0xf3,
    0x3f, 0xff, 0xff, 0xb0, 0x0, 0x0, 0xf, 0xff,
    0xff, 0xf0, 0x0, 0x0, 0xb, 0xff, 0xff, 0xf3,
    0x3f, 0xff, 0xff, 0xb0, 0x0, 0x0, 0xf, 0xff,
    0xff, 0xf0, 0x0, 0x0, 0xb, 0xff, 0xff, 0xf3,
    0x3f, 0xff, 0xff, 0xb0, 0x0, 0x0, 0xf, 0xff,
    0xff, 0xf0, 0x0, 0x0, 0xb, 0xff, 0xff, 0xf3,
    0x3f, 0xff, 0xff, 0xb0, 0x0, 0x0, 0xf, 0xff,
    0xff, 0xf0, 0x0, 0x0, 0xb, 0xff, 0xff, 0xf3,
    0x3f, 0xff, 0xff, 0xb0, 0x0, 0x0, 0xf, 0xff,
    0xff, 0xf0, 0x0, 0x0, 0xb, 0xff, 0xff, 0xf3,
    0x3f, 0xff, 0xff, 0xb0, 0x0, 0x0, 0xf, 0xff,
    0xff, 0xf0, 0x0, 0x0, 0xb, 0xff, 0xff, 0xf3,
    0x3f, 0xff, 0xff, 0xb0, 0x0, 0x0, 0xf, 0xff,
    0xff, 0xf0, 0x0, 0x0, 0xb, 0xff, 0xff, 0xf3,
    0x3f, 0xff, 0xff, 0xb0, 0x0, 0x0, 0xf, 0xff,
    0xff, 0xf0, 0x0, 0x0, 0xb, 0xff, 0xff, 0xf3,
    0x3f, 0xff, 0xff, 0xb0, 0x0, 0x0, 0xf, 0xff,
    0xff, 0xf0, 0x0, 0x0, 0xb, 0xff, 0xff, 0xf3,

    /* U+006E "n" */
    0x3f, 0xff, 0xff, 0xb0, 0x3, 0xae, 0xfe, 0xc7,
    0x0, 0x0, 0x3f, 0xff, 0xff, 0xb0, 0x6f, 0xff,
    0xff, 0xff, 0xd1, 0x0, 0x3f, 0xff, 0xff, 0xb4,
    0xff, 0xff, 0xff, 0xff, 0xfc, 0x0, 0x3f, 0xff,
    0xff, 0xbc, 0xff, 0xff, 0xff, 0xff, 0xff, 0x60,
    0x3f, 0xff, 0xff, 0xff, 0xff, 0xff, 0xff, 0xff,
    0xff, 0xc0, 0x3f, 0xff, 0xff, 0xfe, 0x60, 0x1,
    0xbf, 0xff, 0xff, 0xf0, 0x3f, 0xff, 0xff, 0xf3,
    0x0, 0x0, 0xf, 0xff, 0xff, 0xf2, 0x3f, 0xff,
    0xff, 0xc0, 0x0, 0x0, 0xb, 0xff, 0xff, 0xf4,
    0x3f, 0xff, 0xff, 0xb0, 0x0, 0x0, 0x9, 0xff,
    0xff, 0xf4, 0x3f, 0xff, 0xff, 0xb0, 0x0, 0x0,
    0x9, 0xff, 0xff, 0xf5, 0x3f, 0xff, 0xff, 0xb0,
    0x0, 0x0, 0x9, 0xff, 0xff, 0xf5, 0x3f, 0xff,
    0xff, 0xb0, 0x0, 0x0, 0x9, 0xff, 0xff, 0xf5,
    0x3f, 0xff, 0xff, 0xb0, 0x0, 0x0, 0x9, 0xff,
    0xff, 0xf5, 0x3f, 0xff, 0xff, 0xb0, 0x0, 0x0,
    0x9, 0xff, 0xff, 0xf5, 0x3f, 0xff, 0xff, 0xb0,
    0x0, 0x0, 0x9, 0xff, 0xff, 0xf5, 0x3f, 0xff,
    0xff, 0xb0, 0x0, 0x0, 0x9, 0xff, 0xff, 0xf5,
    0x3f, 0xff, 0xff, 0xb0, 0x0, 0x0, 0x9, 0xff,
    0xff, 0xf5, 0x3f, 0xff, 0xff, 0xb0, 0x0, 0x0,
    0x9, 0xff, 0xff, 0xf5, 0x3f, 0xff, 0xff, 0xb0,
    0x0, 0x0, 0x9, 0xff, 0xff, 0xf5, 0x3f, 0xff,
    0xff, 0xb0, 0x0, 0x0, 0x9, 0xff, 0xff, 0xf5,
    0x3f, 0xff, 0xff, 0xb0, 0x0, 0x0, 0x9, 0xff,
    0xff, 0xf5, 0x3f, 0xff, 0xff, 0xb0, 0x0, 0x0,
    0x9, 0xff, 0xff, 0xf5,

    /* U+006F "o" */
    0x0, 0x0, 0x0, 0x5a, 0xde, 0xfe, 0xc8, 0x20,
    0x0, 0x0, 0x0, 0x0, 0x4, 0xdf, 0xff, 0xff,
    0xff, 0xff, 0xa1, 0x0, 0x0, 0x0, 0x7, 0xff,
    0xff, 0xff, 0xff, 0xff, 0xff, 0xd2, 0x0, 0x0,
    0x5, 0xff, 0xff, 0xff, 0xff, 0xff, 0xff, 0xff,
    0xd0, 0x0, 0x1, 0xef, 0xff, 0xff, 0xfe, 0xdf,
    0xff, 0xff, 0xff, 0x90, 0x0, 0x7f, 0xff, 0xff,
    0xd3, 0x0, 0x7, 0xff, 0xff, 0xff, 0x10, 0xe,
    0xff, 0xff, 0xf3, 0x0, 0x0, 0xa, 0xff, 0xff,
    0xf7, 0x2, 0xff, 0xff, 0xfc, 0x0, 0x0, 0x0,
    0x3f, 0xff, 0xff, 0xb0, 0x5f, 0xff, 0xff, 0xa0,
    0x0, 0x0, 0x1, 0xff, 0xff, 0xfe, 0x7, 0xff,
    0xff, 0xf9, 0x0, 0x0, 0x0, 0xf, 0xff, 0xff,
    0xf0, 0x8f, 0xff, 0xff, 0x90, 0x0, 0x0, 0x0,
    0xff, 0xff, 0xff, 0x18, 0xff, 0xff, 0xf9, 0x0,
    0x0, 0x0, 0xf, 0xff, 0xff, 0xf1, 0x7f, 0xff,
    0xff, 0x90, 0x0, 0x0, 0x0, 0xff, 0xff, 0xff,
    0x5, 0xff, 0xff, 0xfa, 0x0, 0x0, 0x0, 0x1f,
    0xff, 0xff, 0xe0, 0x2f, 0xff, 0xff, 0xc0, 0x0,
    0x0, 0x3, 0xff, 0xff, 0xfb, 0x0, 0xef, 0xff,
    0xff, 0x30, 0x0, 0x0, 0xaf, 0xff, 0xff, 0x60,
    0x7, 0xff, 0xff, 0xfd, 0x20, 0x0, 0x7f, 0xff,
    0xff, 0xf1, 0x0, 0x1e, 0xff, 0xff, 0xff, 0xdc,
    0xff, 0xff, 0xff, 0xf8, 0x0, 0x0, 0x5f, 0xff,
    0xff, 0xff, 0xff, 0xff, 0xff, 0xfd, 0x0, 0x0,
    0x0, 0x7f, 0xff, 0xff, 0xff, 0xff, 0xff, 0xfd,
    0x20, 0x0, 0x0, 0x0, 0x5d, 0xff, 0xff, 0xff,
    0xff, 0xfa, 0x10, 0x0, 0x0, 0x0, 0x0, 0x5,
    0xad, 0xef, 0xec, 0x82, 0x0, 0x0, 0x0,

    /* U+0070 "p" */
    0x3f, 0xff, 0xff, 0xb0, 0x3, 0xae, 0xfe, 0xc7,
    0x10, 0x0, 0x3, 0xff, 0xff, 0xfb, 0x8, 0xff,
    0xff, 0xff, 0xfe, 0x40, 0x0, 0x3f, 0xff, 0xff,
    0xb6, 0xff, 0xff, 0xff, 0xff, 0xff, 0x40, 0x3,
    0xff, 0xff, 0xfb, 0xef, 0xff, 0xff, 0xff, 0xff,
    0xfe, 0x0, 0x3f, 0xff, 0xff, 0xff, 0xff, 0xff,
    0xff, 0xff, 0xff, 0xf7, 0x3, 0xff, 0xff, 0xff,
    0xe6, 0x0, 0x7, 0xff, 0xff, 0xff, 0xd0, 0x3f,
    0xff, 0xff, 0xf2, 0x0, 0x0, 0x5, 0xff, 0xff,
    0xff, 0x13, 0xff, 0xff, 0xfb, 0x0, 0x0, 0x0,
    0xd, 0xff, 0xff, 0xf4, 0x3f, 0xff, 0xff, 0xb0,
    0x0, 0x0, 0x0, 0xaf, 0xff, 0xff, 0x73, 0xff,
    0xff, 0xfb, 0x0, 0x0, 0x0, 0x9, 0xff, 0xff,
    0xf8, 0x3f, 0xff, 0xff, 0xb0, 0x0, 0x0, 0x0,
    0x9f, 0xff, 0xff, 0x93, 0xff, 0xff, 0xfb, 0x0,
    0x0, 0x0, 0x9, 0xff, 0xff, 0xf9, 0x3f, 0xff,
    0xff, 0xb0, 0x0, 0x0, 0x0, 0x9f, 0xff, 0xff,
    0x83, 0xff, 0xff, 0xfb, 0x0, 0x0, 0x0, 0x9,
    0xff, 0xff, 0xf7, 0x3f, 0xff, 0xff, 0xb0, 0x0,
    0x0, 0x0, 0xdf, 0xff, 0xff, 0x43, 0xff, 0xff,
    0xff, 0x20, 0x0, 0x0, 0x5f, 0xff, 0xff, 0xf1,
    0x3f, 0xff, 0xff, 0xfe, 0x50, 0x0, 0x6f, 0xff,
    0xff, 0xfd, 0x3, 0xff, 0xff, 0xff, 0xff, 0xfe,
    0xff, 0xff, 0xff, 0xff, 0x70, 0x3f, 0xff, 0xff,
    0xbe, 0xff, 0xff, 0xff, 0xff, 0xff, 0xe0, 0x3,
    0xff, 0xff, 0xfb, 0x5f, 0xff, 0xff, 0xff, 0xff,
    0xf4, 0x0, 0x3f, 0xff, 0xff, 0xb0, 0x6f, 0xff,
    0xff, 0xff, 0xe4, 0x0, 0x3, 0xff, 0xff, 0xfb,
    0x0, 0x2a, 0xef, 0xec, 0x71, 0x0, 0x0, 0x3f,
    0xff, 0xff, 0xb0, 0x0, 0x0, 0x0, 0x0, 0x0,
    0x0, 0x3, 0xff, 0xff, 0xfb, 0x0, 0x0, 0x0,
    0x0, 0x0, 0x0, 0x0, 0x3f, 0xff, 0xff, 0xb0,
    0x0, 0x0, 0x0, 0x0, 0x0, 0x0, 0x3, 0xff,
    0xff, 0xfb, 0x0, 0x0, 0x0, 0x0, 0x0, 0x0,
    0x0, 0x3f, 0xff, 0xff, 0xb0, 0x0, 0x0, 0x0,
    0x0, 0x0, 0x0, 0x3, 0xff, 0xff, 0xfb, 0x0,
    0x0, 0x0, 0x0, 0x0, 0x0, 0x0, 0x3f, 0xff,
    0xff, 0xb0, 0x0, 0x0, 0x0, 0x0, 0x0, 0x0,
    0x3, 0xff, 0xff, 0xfb, 0x0, 0x0, 0x0, 0x0,
    0x0, 0x0, 0x0,

    /* U+0071 "q" */
    0x0, 0x0, 0x5, 0xbe, 0xff, 0xc6, 0x0, 0x5f,
    0xff, 0xff, 0x90, 0x0, 0x2c, 0xff, 0xff, 0xff,
    0xfc, 0x15, 0xff, 0xff, 0xf9, 0x0, 0x1d, 0xff,
    0xff, 0xff, 0xff, 0xfb, 0x5f, 0xff, 0xff, 0x90,
    0xa, 0xff, 0xff, 0xff, 0xff, 0xff, 0xf9, 0xff,
    0xff, 0xf9, 0x2, 0xff, 0xff, 0xff, 0xff, 0xff,
    0xff, 0xff, 0xff, 0xff, 0x90, 0x8f, 0xff, 0xff,
    0xfa, 0x20, 0x3, 0xcf, 0xff, 0xff, 0xf9, 0xc,
    0xff, 0xff, 0xfa, 0x0, 0x0, 0x0, 0xcf, 0xff,
    0xff, 0x90, 0xff, 0xff, 0xff, 0x20, 0x0, 0x0,
    0x6, 0xff, 0xff, 0xf9, 0x2f, 0xff, 0xff, 0xe0,
    0x0, 0x0, 0x0, 0x5f, 0xff, 0xff, 0x93, 0xff,
    0xff, 0xfe, 0x0, 0x0, 0x0, 0x5, 0xff, 0xff,
    0xf9, 0x4f, 0xff, 0xff, 0xe0, 0x0, 0x0, 0x0,
    0x5f, 0xff, 0xff, 0x94, 0xff, 0xff, 0xfe, 0x0,
    0x0, 0x0, 0x5, 0xff, 0xff, 0xf9, 0x3f, 0xff,
    0xff, 0xe0, 0x0, 0x0, 0x0, 0x5f, 0xff, 0xff,
    0x92, 0xff, 0xff, 0xfe, 0x0, 0x0, 0x0, 0x5,
    0xff, 0xff, 0xf9, 0xf, 0xff, 0xff, 0xf2, 0x0,
    0x0, 0x0, 0x6f, 0xff, 0xff, 0x90, 0xcf, 0xff,
    0xff, 0xa0, 0x0, 0x0, 0xc, 0xff, 0xff, 0xf9,
    0x8, 0xff, 0xff, 0xff, 0xa1, 0x0, 0x3b, 0xff,
    0xff, 0xff, 0x90, 0x2f, 0xff, 0xff, 0xff, 0xfe,
    0xff, 0xff, 0xff, 0xff, 0xf9, 0x0, 0xaf, 0xff,
    0xff, 0xff, 0xff, 0xff, 0x9f, 0xff, 0xff, 0x90,
    0x1, 0xdf, 0xff, 0xff, 0xff, 0xff, 0xa5, 0xff,
    0xff, 0xf9, 0x0, 0x2, 0xcf, 0xff, 0xff, 0xff,
    0xb0, 0x5f, 0xff, 0xff, 0x90, 0x0, 0x0, 0x5b,
    0xef, 0xfb, 0x50, 0x5, 0xff, 0xff, 0xf9, 0x0,
    0x0, 0x0, 0x0, 0x0, 0x0, 0x0, 0x5f, 0xff,
    0xff, 0x90, 0x0, 0x0, 0x0, 0x0, 0x0, 0x0,
    0x5, 0xff, 0xff, 0xf9, 0x0, 0x0, 0x0, 0x0,
    0x0, 0x0, 0x0, 0x5f, 0xff, 0xff, 0x90, 0x0,
    0x0, 0x0, 0x0, 0x0, 0x0, 0x5, 0xff, 0xff,
    0xf9, 0x0, 0x0, 0x0, 0x0, 0x0, 0x0, 0x0,
    0x5f, 0xff, 0xff, 0x90, 0x0, 0x0, 0x0, 0x0,
    0x0, 0x0, 0x5, 0xff, 0xff, 0xf9, 0x0, 0x0,
    0x0, 0x0, 0x0, 0x0, 0x0, 0x5f, 0xff, 0xff,
    0x90, 0x0, 0x0, 0x0, 0x0, 0x0, 0x0, 0x5,
    0xff, 0xff, 0xf9,

    /* U+0072 "r" */
    0x3f, 0xff, 0xff, 0xb0, 0x4, 0xbe, 0xf4, 0x3f,
    0xff, 0xff, 0xb0, 0x7f, 0xff, 0xf4, 0x3f, 0xff,
    0xff, 0xb4, 0xff, 0xff, 0xf4, 0x3f, 0xff, 0xff,
    0xbc, 0xff, 0xff, 0xf4, 0x3f, 0xff, 0xff, 0xdf,
    0xff, 0xff, 0xf4, 0x3f, 0xff, 0xff, 0xff, 0xfd,
    0xba, 0xa2, 0x3f, 0xff, 0xff, 0xfb, 0x20, 0x0,
    0x0, 0x3f, 0xff, 0xff, 0xf0, 0x0, 0x0, 0x0,
    0x3f, 0xff, 0xff, 0xb0, 0x0, 0x0, 0x0, 0x3f,
    0xff, 0xff, 0xb0, 0x0, 0x0, 0x0, 0x3f, 0xff,
    0xff, 0xb0, 0x0, 0x0, 0x0, 0x3f, 0xff, 0xff,
    0xb0, 0x0, 0x0, 0x0, 0x3f, 0xff, 0xff, 0xb0,
    0x0, 0x0, 0x0, 0x3f, 0xff, 0xff, 0xb0, 0x0,
    0x0, 0x0, 0x3f, 0xff, 0xff, 0xb0, 0x0, 0x0,
    0x0, 0x3f, 0xff, 0xff, 0xb0, 0x0, 0x0, 0x0,
    0x3f, 0xff, 0xff, 0xb0, 0x0, 0x0, 0x0, 0x3f,
    0xff, 0xff, 0xb0, 0x0, 0x0, 0x0, 0x3f, 0xff,
    0xff, 0xb0, 0x0, 0x0, 0x0, 0x3f, 0xff, 0xff,
    0xb0, 0x0, 0x0, 0x0, 0x3f, 0xff, 0xff, 0xb0,
    0x0, 0x0, 0x0, 0x3f, 0xff, 0xff, 0xb0, 0x0,
    0x0, 0x0,

    /* U+0073 "s" */
    0x0, 0x0, 0x17, 0xbe, 0xff, 0xec, 0x94, 0x0,
    0x0, 0x0, 0x7, 0xff, 0xff, 0xff, 0xff, 0xff,
    0xc3, 0x0, 0x0, 0xaf, 0xff, 0xff, 0xff, 0xff,
    0xff, 0xff, 0x70, 0x6, 0xff, 0xff, 0xff, 0xff,
    0xff, 0xff, 0xff, 0xf2, 0xd, 0xff, 0xff, 0xff,
    0xcc, 0xef, 0xff, 0xff, 0x50, 0x2f, 0xff, 0xff,
    0xc0, 0x0, 0x3, 0xbf, 0xf5, 0x0, 0x3f, 0xff,
    0xff, 0x70, 0x0, 0x0, 0x6, 0x60, 0x0, 0x3f,
    0xff, 0xff, 0xb0, 0x0, 0x0, 0x0, 0x0, 0x0,
    0x1f, 0xff, 0xff, 0xfe, 0x97, 0x42, 0x0, 0x0,
    0x0, 0xb, 0xff, 0xff, 0xff, 0xff, 0xff, 0xfa,
    0x40, 0x0, 0x2, 0xff, 0xff, 0xff, 0xff, 0xff,
    0xff, 0xfb, 0x10, 0x0, 0x3e, 0xff, 0xff, 0xff,
    0xff, 0xff, 0xff, 0xc0, 0x0, 0x0, 0x7c, 0xff,
    0xff, 0xff, 0xff, 0xff, 0xf5, 0x0, 0x0, 0x0,
    0x3, 0x57, 0xaf, 0xff, 0xff, 0xfa, 0x0, 0x1,
    0x0, 0x0, 0x0, 0x2, 0xff, 0xff, 0xfd, 0x0,
    0x5f, 0x70, 0x0, 0x0, 0x0, 0xdf, 0xff, 0xfd,
    0x5, 0xff, 0xfb, 0x30, 0x0, 0x4, 0xff, 0xff,
    0xfa, 0x5f, 0xff, 0xff, 0xfe, 0xcb, 0xdf, 0xff,
    0xff, 0xf5, 0x8f, 0xff, 0xff, 0xff, 0xff, 0xff,
    0xff, 0xff, 0xc0, 0x8, 0xff, 0xff, 0xff, 0xff,
    0xff, 0xff, 0xfd, 0x10, 0x0, 0x3d, 0xff, 0xff,
    0xff, 0xff, 0xff, 0x91, 0x0, 0x0, 0x0, 0x39,
    0xce, 0xff, 0xeb, 0x71, 0x0, 0x0,

    /* U+0074 "t" */
    0x0, 0x0, 0x48, 0x88, 0x86, 0x0, 0x0, 0x0,
    0x0, 0x8f, 0xff, 0xfc, 0x0, 0x0, 0x0, 0x0,
    0x8f, 0xff, 0xfc, 0x0, 0x0, 0x0, 0x0, 0x8f,
    0xff, 0xfc, 0x0, 0x0, 0x0, 0x0, 0x9f, 0xff,
    0xfc, 0x0, 0x0, 0x0, 0x3, 0xff, 0xff, 0xfc,
    0x0, 0x0, 0x1f, 0xff, 0xff, 0xff, 0xff, 0xff,
    0xff, 0x1f, 0xff, 0xff, 0xff, 0xff, 0xff, 0xff,
    0x1f, 0xff, 0xff, 0xff, 0xff, 0xff, 0xff, 0x1f,
    0xff, 0xff, 0xff, 0xff, 0xff, 0xff, 0xb, 0xbb,
    0xff, 0xff, 0xff, 0xbb, 0xba, 0x0, 0x2, 0xff,
    0xff, 0xfc, 0x0, 0x0, 0x0, 0x2, 0xff, 0xff,
    0xfc, 0x0, 0x0, 0x0, 0x2, 0xff, 0xff, 0xfc,
    0x0, 0x0, 0x0, 0x2, 0xff, 0xff, 0xfc, 0x0,
    0x0, 0x0, 0x2, 0xff, 0xff, 0xfc, 0x0, 0x0,
    0x0, 0x2, 0xff, 0xff, 0xfc, 0x0, 0x0, 0x0,
    0x2, 0xff, 0xff, 0xfc, 0x0, 0x0, 0x0, 0x2,
    0xff, 0xff, 0xfc, 0x0, 0x0, 0x0, 0x2, 0xff,
    0xff, 0xfc, 0x0, 0x0, 0x0, 0x2, 0xff, 0xff,
    0xfc, 0x0, 0x0, 0x0, 0x1, 0xff, 0xff, 0xfc,
    0x0, 0x0, 0x0, 0x1, 0xff, 0xff, 0xfc, 0x0,
    0x0, 0x0, 0x0, 0xef, 0xff, 0xff, 0xbb, 0xb7,
    0x0, 0x0, 0xaf, 0xff, 0xff, 0xff, 0xfa, 0x0,
    0x0, 0x3f, 0xff, 0xff, 0xff, 0xfa, 0x0, 0x0,
    0x5, 0xff, 0xff, 0xff, 0xfa, 0x0, 0x0, 0x0,
    0x29, 0xdf, 0xff, 0xfa,

    /* U+0075 "u" */
    0x7f, 0xff, 0xff, 0x70, 0x0, 0x0, 0xd, 0xff,
    0xff, 0xf1, 0x7f, 0xff, 0xff, 0x70, 0x0, 0x0,
    0xd, 0xff, 0xff, 0xf1, 0x7f, 0xff, 0xff, 0x70,
    0x0, 0x0, 0xd, 0xff, 0xff, 0xf1, 0x7f, 0xff,
    0xff, 0x70, 0x0, 0x0, 0xd, 0xff, 0xff, 0xf1,
    0x7f, 0xff, 0xff, 0x70, 0x0, 0x0, 0xd, 0xff,
    0xff, 0xf1, 0x7f, 0xff, 0xff, 0x70, 0x0, 0x0,
    0xd, 0xff, 0xff, 0xf1, 0x7f, 0xff, 0xff, 0x70,
    0x0, 0x0, 0xd, 0xff, 0xff, 0xf1, 0x7f, 0xff,
    0xff, 0x70, 0x0, 0x0, 0xd, 0xff, 0xff, 0xf1,
    0x7f, 0xff, 0xff, 0x70, 0x0, 0x0, 0xd, 0xff,
    0xff, 0xf1, 0x7f, 0xff, 0xff, 0x70, 0x0, 0x0,
    0xd, 0xff, 0xff, 0xf1, 0x7f, 0xff, 0xff, 0x70,
    0x0, 0x0, 0xd, 0xff, 0xff, 0xf1, 0x7f, 0xff,
    0xff, 0x70, 0x0, 0x0, 0xd, 0xff, 0xff, 0xf1,
    0x7f, 0xff, 0xff, 0x70, 0x0, 0x0, 0xd, 0xff,
    0xff, 0xf1, 0x7f, 0xff, 0xff, 0x70, 0x0, 0x0,
    0xd, 0xff, 0xff, 0xf1, 0x6f, 0xff, 0xff, 0x90,
    0x0, 0x0, 0xe, 0xff, 0xff, 0xf1, 0x5f, 0xff,
    0xff, 0xe0, 0x0, 0x0, 0x5f, 0xff, 0xff, 0xf1,
    0x3f, 0xff, 0xff, 0xf9, 0x0, 0x17, 0xff, 0xff,
    0xff, 0xf1, 0xe, 0xff, 0xff, 0xff, 0xfe, 0xff,
    0xff, 0xff, 0xff, 0xf1, 0x9, 0xff, 0xff, 0xff,
    0xff, 0xff, 0xbd, 0xff, 0xff, 0xf1, 0x1, 0xef,
    0xff, 0xff, 0xff, 0xff, 0x3d, 0xff, 0xff, 0xf1,
    0x0, 0x3e, 0xff, 0xff, 0xff, 0xf6, 0xd, 0xff,
    0xff, 0xf1, 0x0, 0x1, 0x8d, 0xff, 0xd9, 0x20,
    0xd, 0xff, 0xff, 0xf1,

    /* U+0076 "v" */
    0x7f, 0xff, 0xff, 0x50, 0x0, 0x0, 0x0, 0x9,
    0xff, 0xff, 0xf0, 0x2f, 0xff, 0xff, 0xa0, 0x0,
    0x0, 0x0, 0xd, 0xff, 0xff, 0xa0, 0xd, 0xff,
    0xff, 0xe0, 0x0, 0x0, 0x0, 0x2f, 0xff, 0xff,
    0x50, 0x8, 0xff, 0xff, 0xf3, 0x0, 0x0, 0x0,
    0x6f, 0xff, 0xff, 0x10, 0x3, 0xff, 0xff, 0xf8,
    0x0, 0x0, 0x0, 0xbf, 0xff, 0xfb, 0x0, 0x0,
    0xef, 0xff, 0xfc, 0x0, 0x0, 0x0, 0xff, 0xff,
    0xf6, 0x0, 0x0, 0x9f, 0xff, 0xff, 0x10, 0x0,
    0x4, 0xff, 0xff, 0xf2, 0x0, 0x0, 0x4f, 0xff,
    0xff, 0x60, 0x0, 0x9, 0xff, 0xff, 0xc0, 0x0,
    0x0, 0xf, 0xff, 0xff, 0xa0, 0x0, 0xd, 0xff,
    0xff, 0x70, 0x0, 0x0, 0xa, 0xff, 0xff, 0xf0,
    0x0, 0x1f, 0xff, 0xff, 0x20, 0x0, 0x0, 0x5,
    0xff, 0xff, 0xf3, 0x0, 0x5f, 0xff, 0xfd, 0x0,
    0x0, 0x0, 0x1, 0xff, 0xff, 0xf7, 0x0, 0x9f,
    0xff, 0xf8, 0x0, 0x0, 0x0, 0x0, 0xbf, 0xff,
    0xfb, 0x0, 0xdf, 0xff, 0xf3, 0x0, 0x0, 0x0,
    0x0, 0x6f, 0xff, 0xfe, 0x1, 0xff, 0xff, 0xe0,
    0x0, 0x0, 0x0, 0x0, 0x1f, 0xff, 0xff, 0x25,
    0xff, 0xff, 0x90, 0x0, 0x0, 0x0, 0x0, 0xc,
    0xff, 0xff, 0x69, 0xff, 0xff, 0x40, 0x0, 0x0,
    0x0, 0x0, 0x7, 0xff, 0xff, 0xbd, 0xff, 0xff,
    0x0, 0x0, 0x0, 0x0, 0x0, 0x2, 0xff, 0xff,
    0xff, 0xff, 0xfa, 0x0, 0x0, 0x0, 0x0, 0x0,
    0x0, 0xdf, 0xff, 0xff, 0xff, 0xf5, 0x0, 0x0,
    0x0, 0x0, 0x0, 0x0, 0x8f, 0xff, 0xff, 0xff,
    0xf1, 0x0, 0x0, 0x0, 0x0, 0x0, 0x0, 0x3f,
    0xff, 0xff, 0xff, 0xb0, 0x0, 0x0, 0x0, 0x0,
    0x0, 0x0, 0xe, 0xff, 0xff, 0xff, 0x60, 0x0,
    0x0, 0x0,

    /* U+0077 "w" */
    0x1f, 0xff, 0xff, 0x90, 0x0, 0x0, 0x0, 0xef,
    0xff, 0xfb, 0x0, 0x0, 0x0, 0xb, 0xff, 0xff,
    0xb0, 0xdf, 0xff, 0xfd, 0x0, 0x0, 0x0, 0x3f,
    0xff, 0xff, 0xf0, 0x0, 0x0, 0x0, 0xef, 0xff,
    0xf7, 0x9, 0xff, 0xff, 0xf1, 0x0, 0x0, 0x7,
    0xff, 0xff, 0xff, 0x40, 0x0, 0x0, 0x2f, 0xff,
    0xff, 0x30, 0x4f, 0xff, 0xff, 0x40, 0x0, 0x0,
    0xbf, 0xff, 0xff, 0xf8, 0x0, 0x0, 0x6, 0xff,
    0xff, 0xf0, 0x0, 0xff, 0xff, 0xf8, 0x0, 0x0,
    0xf, 0xff, 0xff, 0xff, 0xd0, 0x0, 0x0, 0xaf,
    0xff, 0xfb, 0x0, 0xc, 0xff, 0xff, 0xb0, 0x0,
    0x4, 0xff, 0xff, 0xff, 0xff, 0x10, 0x0, 0xd,
    0xff, 0xff, 0x60, 0x0, 0x8f, 0xff, 0xff, 0x0,
    0x0, 0x8f, 0xff, 0xff, 0xff, 0xf6, 0x0, 0x1,
    0xff, 0xff, 0xf2, 0x0, 0x3, 0xff, 0xff, 0xf3,
    0x0, 0xd, 0xff, 0xfa, 0xff, 0xff, 0xa0, 0x0,
    0x5f, 0xff, 0xfe, 0x0, 0x0, 0xf, 0xff, 0xff,
    0x60, 0x1, 0xff, 0xff, 0x5c, 0xff, 0xfe, 0x0,
    0x8, 0xff, 0xff, 0xa0, 0x0, 0x0, 0xbf, 0xff,
    0xfa, 0x0, 0x5f, 0xff, 0xf1, 0x8f, 0xff, 0xf3,
    0x0, 0xcf, 0xff, 0xf5, 0x0, 0x0, 0x6, 0xff,
    0xff, 0xd0, 0x9, 0xff, 0xfd, 0x4, 0xff, 0xff,
    0x70, 0xf, 0xff, 0xff, 0x10, 0x0, 0x0, 0x2f,
    0xff, 0xff, 0x10, 0xdf, 0xff, 0x90, 0xf, 0xff,
    0xfb, 0x3, 0xff, 0xff, 0xd0, 0x0, 0x0, 0x0,
    0xef, 0xff, 0xf4, 0x1f, 0xff, 0xf5, 0x0, 0xbf,
    0xff, 0xf0, 0x6f, 0xff, 0xf9, 0x0, 0x0, 0x0,
    0xa, 0xff, 0xff, 0x85, 0xff, 0xff, 0x10, 0x7,
    0xff, 0xff, 0x3a, 0xff, 0xff, 0x50, 0x0, 0x0,
    0x0, 0x5f, 0xff, 0xfb, 0x9f, 0xff, 0xc0, 0x0,
    0x3f, 0xff, 0xf7, 0xdf, 0xff, 0xf1, 0x0, 0x0,
    0x0, 0x1, 0xff, 0xff, 0xee, 0xff, 0xf8, 0x0,
    0x0, 0xef, 0xff, 0xdf, 0xff, 0xfc, 0x0, 0x0,
    0x0, 0x0, 0xd, 0xff, 0xff, 0xff, 0xff, 0x30,
    0x0, 0xa, 0xff, 0xff, 0xff, 0xff, 0x80, 0x0,
    0x0, 0x0, 0x0, 0x9f, 0xff, 0xff, 0xff, 0xf0,
    0x0, 0x0, 0x5f, 0xff, 0xff, 0xff, 0xf4, 0x0,
    0x0, 0x0, 0x0, 0x4, 0xff, 0xff, 0xff, 0xfa,
    0x0, 0x0, 0x1, 0xff, 0xff, 0xff, 0xff, 0x0,
    0x0, 0x0, 0x0, 0x0, 0xf, 0xff, 0xff, 0xff,
    0x60, 0x0, 0x0, 0xd, 0xff, 0xff, 0xff, 0xb0,
    0x0, 0x0, 0x0, 0x0, 0x0, 0xcf, 0xff, 0xff,
    0xf2, 0x0, 0x0, 0x0, 0x8f, 0xff, 0xff, 0xf7,
    0x0, 0x0, 0x0, 0x0, 0x0, 0x7, 0xff, 0xff,
    0xfd, 0x0, 0x0, 0x0, 0x4, 0xff, 0xff, 0xff,
    0x30, 0x0, 0x0,

    /* U+0078 "x" */
    0xd, 0xff, 0xff, 0xfc, 0x0, 0x0, 0x0, 0xd,
    0xff, 0xff, 0xf5, 0x4, 0xff, 0xff, 0xff, 0x50,
    0x0, 0x0, 0x6f, 0xff, 0xff, 0xb0, 0x0, 0x9f,
    0xff, 0xff, 0xe0, 0x0, 0x0, 0xef, 0xff, 0xff,
    0x10, 0x0, 0x1e, 0xff, 0xff, 0xf7, 0x0, 0x8,
    0xff, 0xff, 0xf6, 0x0, 0x0, 0x5, 0xff, 0xff,
    0xff, 0x10, 0x1f, 0xff, 0xff, 0xc0, 0x0, 0x0,
    0x0, 0xbf, 0xff, 0xff, 0xa0, 0xaf, 0xff, 0xff,
    0x20, 0x0, 0x0, 0x0, 0x2f, 0xff, 0xff, 0xf6,
    0xff, 0xff, 0xf8, 0x0, 0x0, 0x0, 0x0, 0x7,
    0xff, 0xff, 0xff, 0xff, 0xff, 0xd0, 0x0, 0x0,
    0x0, 0x0, 0x0, 0xcf, 0xff, 0xff, 0xff, 0xff,
    0x40, 0x0, 0x0, 0x0, 0x0, 0x0, 0x3f, 0xff,
    0xff, 0xff, 0xfa, 0x0, 0x0, 0x0, 0x0, 0x0,
    0x0, 0x9, 0xff, 0xff, 0xff, 0xe1, 0x0, 0x0,
    0x0, 0x0, 0x0, 0x0, 0xc, 0xff, 0xff, 0xff,
    0xe1, 0x0, 0x0, 0x0, 0x0, 0x0, 0x0, 0x6f,
    0xff, 0xff, 0xff, 0xfa, 0x0, 0x0, 0x0, 0x0,
    0x0, 0x1, 0xef, 0xff, 0xff, 0xff, 0xff, 0x40,
    0x0, 0x0, 0x0, 0x0, 0xa, 0xff, 0xff, 0xff,
    0xff, 0xff, 0xd0, 0x0, 0x0, 0x0, 0x0, 0x4f,
    0xff, 0xff, 0x6b, 0xff, 0xff, 0xf8, 0x0, 0x0,
    0x0, 0x0, 0xdf, 0xff, 0xfd, 0x2, 0xff, 0xff,
    0xff, 0x30, 0x0, 0x0, 0x8, 0xff, 0xff, 0xf5,
    0x0, 0x9f, 0xff, 0xff, 0xc0, 0x0, 0x0, 0x2f,
    0xff, 0xff, 0xc0, 0x0, 0x1e, 0xff, 0xff, 0xf7,
    0x0, 0x0, 0xbf, 0xff, 0xff, 0x30, 0x0, 0x7,
    0xff, 0xff, 0xff, 0x20, 0x5, 0xff, 0xff, 0xfa,
    0x0, 0x0, 0x0, 0xdf, 0xff, 0xff, 0xb0, 0x1e,
    0xff, 0xff, 0xf2, 0x0, 0x0, 0x0, 0x5f, 0xff,
    0xff, 0xf5,

    /* U+0079 "y" */
    0x9f, 0xff, 0xff, 0x40, 0x0, 0x0, 0x0, 0x8,
    0xff, 0xff, 0xf0, 0x4f, 0xff, 0xff, 0x90, 0x0,
    0x0, 0x0, 0xd, 0xff, 0xff, 0xa0, 0xf, 0xff,
    0xff, 0xe0, 0x0, 0x0, 0x0, 0x2f, 0xff, 0xff,
    0x50, 0xa, 0xff, 0xff, 0xf2, 0x0, 0x0, 0x0,
    0x7f, 0xff, 0xff, 0x0, 0x5, 0xff, 0xff, 0xf7,
    0x0, 0x0, 0x0, 0xcf, 0xff, 0xfa, 0x0, 0x0,
    0xff, 0xff, 0xfc, 0x0, 0x0, 0x1, 0xff, 0xff,
    0xf5, 0x0, 0x0, 0xaf, 0xff, 0xff, 0x10, 0x0,
    0x6, 0xff, 0xff, 0xf0, 0x0, 0x0, 0x5f, 0xff,
    0xff, 0x60, 0x0, 0xa, 0xff, 0xff, 0xb0, 0x0,
    0x0, 0xf, 0xff, 0xff, 0xb0, 0x0, 0xf, 0xff,
    0xff, 0x60, 0x0, 0x0, 0xb, 0xff, 0xff, 0xf0,
    0x0, 0x4f, 0xff, 0xff, 0x10, 0x0, 0x0, 0x6,
    0xff, 0xff, 0xf4, 0x0, 0x9f, 0xff, 0xfb, 0x0,
    0x0, 0x0, 0x1, 0xff, 0xff, 0xf8, 0x0, 0xdf,
    0xff, 0xf6, 0x0, 0x0, 0x0, 0x0, 0xcf, 0xff,
    0xfc, 0x1, 0xff, 0xff, 0xf1, 0x0, 0x0, 0x0,
    0x0, 0x6f, 0xff, 0xff, 0x5, 0xff, 0xff, 0xc0,
    0x0, 0x0, 0x0, 0x0, 0x1f, 0xff, 0xff, 0x38,
    0xff, 0xff, 0x70, 0x0, 0x0, 0x0, 0x0, 0xc,
    0xff, 0xff, 0x7c, 0xff, 0xff, 0x20, 0x0, 0x0,
    0x0, 0x0, 0x7, 0xff, 0xff, 0xdf, 0xff, 0xfc,
    0x0, 0x0, 0x0, 0x0, 0x0, 0x2, 0xff, 0xff,
    0xff, 0xff, 0xf7, 0x0, 0x0, 0x0, 0x0, 0x0,
    0x0, 0xdf, 0xff, 0xff, 0xff, 0xf2, 0x0, 0x0,
    0x0, 0x0, 0x0, 0x0, 0x7f, 0xff, 0xff, 0xff,
    0xd0, 0x0, 0x0, 0x0, 0x0, 0x0, 0x0, 0x2f,
    0xff, 0xff, 0xff, 0x80, 0x0, 0x0, 0x0, 0x0,
    0x0, 0x0, 0xd, 0xff, 0xff, 0xff, 0x30, 0x0,
    0x0, 0x0, 0x0, 0x0, 0x0, 0x8, 0xff, 0xff,
    0xfd, 0x0, 0x0, 0x0, 0x0, 0x0, 0x0, 0x0,
    0x9, 0xff, 0xff, 0xf8, 0x0, 0x0, 0x0, 0x0,
    0x0, 0x0, 0x0, 0xe, 0xff, 0xff, 0xf3, 0x0,
    0x0, 0x0, 0x0, 0x0, 0xb, 0xbb, 0xbf, 0xff,
    0xff, 0xe0, 0x0, 0x0, 0x0, 0x0, 0x0, 0x1f,
    0xff, 0xff, 0xff, 0xff, 0x70, 0x0, 0x0, 0x0,
    0x0, 0x0, 0x1f, 0xff, 0xff, 0xff, 0xfd, 0x0,
    0x0, 0x0, 0x0, 0x0, 0x0, 0x1f, 0xff, 0xff,
    0xff, 0xe2, 0x0, 0x0, 0x0, 0x0, 0x0, 0x0,
    0x1f, 0xff, 0xff, 0xc8, 0x10, 0x0, 0x0, 0x0,
    0x0, 0x0,

    /* U+007A "z" */
    0x1f, 0xff, 0xff, 0xff, 0xff, 0xff, 0xff, 0xff,
    0xfe, 0x1, 0xff, 0xff, 0xff, 0xff, 0xff, 0xff,
    0xff, 0xff, 0xe0, 0x1f, 0xff, 0xff, 0xff, 0xff,
    0xff, 0xff, 0xff, 0xfe, 0x1, 0xff, 0xff, 0xff,
    0xff, 0xff, 0xff, 0xff, 0xff, 0xe0, 0xb, 0xbb,
    0xbb, 0xbb, 0xbb, 0xbf, 0xff, 0xff, 0xfd, 0x0,
    0x0, 0x0, 0x0, 0x0, 0xa, 0xff, 0xff, 0xff,
    0x40, 0x0, 0x0, 0x0, 0x0, 0x8, 0xff, 0xff,
    0xff, 0x60, 0x0, 0x0, 0x0, 0x0, 0x5, 0xff,
    0xff, 0xff, 0x90, 0x0, 0x0, 0x0, 0x0, 0x3,
    0xff, 0xff, 0xff, 0xb0, 0x0, 0x0, 0x0, 0x0,
    0x1, 0xef, 0xff, 0xff, 0xd1, 0x0, 0x0, 0x0,
    0x0, 0x0, 0xcf, 0xff, 0xff, 0xe2, 0x0, 0x0,
    0x0, 0x0, 0x0, 0xaf, 0xff, 0xff, 0xf4, 0x0,
    0x0, 0x0, 0x0, 0x0, 0x8f, 0xff, 0xff, 0xf6,
    0x0, 0x0, 0x0, 0x0, 0x0, 0x5f, 0xff, 0xff,
    0xf9, 0x0, 0x0, 0x0, 0x0, 0x0, 0x3f, 0xff,
    0xff, 0xfb, 0x0, 0x0, 0x0, 0x0, 0x0, 0x1e,
    0xff, 0xff, 0xfd, 0x10, 0x0, 0x0, 0x0, 0x0,
    0xc, 0xff, 0xff, 0xfe, 0x20, 0x0, 0x0, 0x0,
    0x0, 0x6, 0xff, 0xff, 0xff, 0xdb, 0xbb, 0xbb,
    0xbb, 0xbb, 0xb1, 0x7f, 0xff, 0xff, 0xff, 0xff,
    0xff, 0xff, 0xff, 0xff, 0x27, 0xff, 0xff, 0xff,
    0xff, 0xff, 0xff, 0xff, 0xff, 0xf2, 0x7f, 0xff,
    0xff, 0xff, 0xff, 0xff, 0xff, 0xff, 0xff, 0x27,
    0xff, 0xff, 0xff, 0xff, 0xff, 0xff, 0xff, 0xff,
    0xf2,

    /* U+007B "{" */
    0x0, 0x0, 0x0, 0x7d, 0xff, 0xff, 0xe0, 0x0,
    0x0, 0x9f, 0xff, 0xff, 0xfe, 0x0, 0x0, 0x1f,
    0xff, 0xff, 0xff, 0xe0, 0x0, 0x4, 0xff, 0xff,
    0xff, 0xfe, 0x0, 0x0, 0x5f, 0xff, 0xff, 0x54,
    0x30, 0x0, 0x5, 0xff, 0xff, 0xf2, 0x0, 0x0,
    0x0, 0x5f, 0xff, 0xff, 0x20, 0x0, 0x0, 0x5,
    0xff, 0xff, 0xf2, 0x0, 0x0, 0x0, 0x5f, 0xff,
    0xff, 0x20, 0x0, 0x0, 0x5, 0xff, 0xff, 0xf2,
    0x0, 0x0, 0x0, 0x5f, 0xff, 0xff, 0x20, 0x0,
    0x0, 0x5, 0xff, 0xff, 0xf2, 0x0, 0x0, 0x0,
    0x5f, 0xff, 0xff, 0x20, 0x0, 0x0, 0x7, 0xff,
    0xff, 0xf1, 0x0, 0x0, 0x0, 0xcf, 0xff, 0xff,
    0x0, 0x0, 0x1, 0x9f, 0xff, 0xff, 0x90, 0x0,
    0x2c, 0xff, 0xff, 0xff, 0xf1, 0x0, 0x3, 0xff,
    0xff, 0xff, 0xe3, 0x0, 0x0, 0x3f, 0xff, 0xff,
    0x81, 0x0, 0x0, 0x3, 0xff, 0xff, 0xff, 0x80,
    0x0, 0x0, 0x3f, 0xff, 0xff, 0xff, 0xb0, 0x0,
    0x0, 0x15, 0xdf, 0xff, 0xff, 0x60, 0x0, 0x0,
    0x1, 0xef, 0xff, 0xfd, 0x0, 0x0, 0x0, 0x8,
    0xff, 0xff, 0xf1, 0x0, 0x0, 0x0, 0x6f, 0xff,
    0xff, 0x20, 0x0, 0x0, 0x5, 0xff, 0xff, 0xf2,
    0x0, 0x0, 0x0, 0x5f, 0xff, 0xff, 0x20, 0x0,
    0x0, 0x5, 0xff, 0xff, 0xf2, 0x0, 0x0, 0x0,
    0x5f, 0xff, 0xff, 0x20, 0x0, 0x0, 0x5, 0xff,
    0xff, 0xf2, 0x0, 0x0, 0x0, 0x5f, 0xff, 0xff,
    0x20, 0x0, 0x0, 0x5, 0xff, 0xff, 0xf2, 0x0,
    0x0, 0x0, 0x5f, 0xff, 0xff, 0x54, 0x30, 0x0,
    0x5, 0xff, 0xff, 0xff, 0xfe, 0x0, 0x0, 0x1f,
    0xff, 0xff, 0xff, 0xe0, 0x0, 0x0, 0x9f, 0xff,
    0xff, 0xfe, 0x0, 0x0, 0x0, 0x7d, 0xff, 0xff,
    0xe0,

    /* U+007C "|" */
    0x6c, 0xcc, 0xc7, 0x7f, 0xff, 0xf9, 0x7f, 0xff,
    0xf9, 0x7f, 0xff, 0xf9, 0x7f, 0xff, 0xf9, 0x7f,
    0xff, 0xf9, 0x7f, 0xff, 0xf9, 0x7f, 0xff, 0xf9,
    0x7f, 0xff, 0xf9, 0x7f, 0xff, 0xf9, 0x7f, 0xff,
    0xf9, 0x7f, 0xff, 0xf9, 0x7f, 0xff, 0xf9, 0x7f,
    0xff, 0xf9, 0x7f, 0xff, 0xf9, 0x7f, 0xff, 0xf9,
    0x7f, 0xff, 0xf9, 0x7f, 0xff, 0xf9, 0x7f, 0xff,
    0xf9, 0x7f, 0xff, 0xf9, 0x7f, 0xff, 0xf9, 0x7f,
    0xff, 0xf9, 0x7f, 0xff, 0xf9, 0x7f, 0xff, 0xf9,
    0x7f, 0xff, 0xf9, 0x7f, 0xff, 0xf9, 0x7f, 0xff,
    0xf9, 0x7f, 0xff, 0xf9, 0x7f, 0xff, 0xf9, 0x7f,
    0xff, 0xf9, 0x7f, 0xff, 0xf9, 0x7f, 0xff, 0xf9,
    0x7f, 0xff, 0xf9, 0x7f, 0xff, 0xf9, 0x7f, 0xff,
    0xf9, 0x7f, 0xff, 0xf9, 0x7f, 0xff, 0xf9,

    /* U+007D "}" */
    0xff, 0xff, 0xfd, 0x50, 0x0, 0x0, 0xf, 0xff,
    0xff, 0xff, 0x60, 0x0, 0x0, 0xff, 0xff, 0xff,
    0xfe, 0x0, 0x0, 0xf, 0xff, 0xff, 0xff, 0xf2,
    0x0, 0x0, 0x44, 0x6f, 0xff, 0xff, 0x30, 0x0,
    0x0, 0x3, 0xff, 0xff, 0xf3, 0x0, 0x0, 0x0,
    0x3f, 0xff, 0xff, 0x30, 0x0, 0x0, 0x3, 0xff,
    0xff, 0xf3, 0x0, 0x0, 0x0, 0x3f, 0xff, 0xff,
    0x30, 0x0, 0x0, 0x3, 0xff, 0xff, 0xf3, 0x0,
    0x0, 0x0, 0x3f, 0xff, 0xff, 0x30, 0x0, 0x0,
    0x3, 0xff, 0xff, 0xf3, 0x0, 0x0, 0x0, 0x3f,
    0xff, 0xff, 0x30, 0x0, 0x0, 0x3, 0xff, 0xff,
    0xf5, 0x0, 0x0, 0x0, 0x1f, 0xff, 0xff, 0xa0,
    0x0, 0x0, 0x0, 0xbf, 0xff, 0xff, 0x80, 0x0,
    0x0, 0x2, 0xff, 0xff, 0xff, 0xeb, 0x10, 0x0,
    0x3, 0xef, 0xff, 0xff, 0xf2, 0x0, 0x0, 0x1,
    0x9f, 0xff, 0xff, 0x20, 0x0, 0x1, 0xbf, 0xff,
    0xff, 0xf2, 0x0, 0x1, 0xdf, 0xff, 0xff, 0xff,
    0x20, 0x0, 0x9f, 0xff, 0xff, 0xc4, 0x10, 0x0,
    0xf, 0xff, 0xff, 0xc0, 0x0, 0x0, 0x3, 0xff,
    0xff, 0xf6, 0x0, 0x0, 0x0, 0x3f, 0xff, 0xff,
    0x30, 0x0, 0x0, 0x3, 0xff, 0xff, 0xf3, 0x0,
    0x0, 0x0, 0x3f, 0xff, 0xff, 0x30, 0x0, 0x0,
    0x3, 0xff, 0xff, 0xf3, 0x0, 0x0, 0x0, 0x3f,
    0xff, 0xff, 0x30, 0x0, 0x0, 0x3, 0xff, 0xff,
    0xf3, 0x0, 0x0, 0x0, 0x3f, 0xff, 0xff, 0x30,
    0x0, 0x0, 0x3, 0xff, 0xff, 0xf3, 0x0, 0x0,
    0x44, 0x7f, 0xff, 0xff, 0x30, 0x0, 0xf, 0xff,
    0xff, 0xff, 0xf2, 0x0, 0x0, 0xff, 0xff, 0xff,
    0xff, 0x0, 0x0, 0xf, 0xff, 0xff, 0xff, 0x70,
    0x0, 0x0, 0xff, 0xff, 0xfd, 0x60, 0x0, 0x0,
    0x0,

    /* U+007E "~" */
    0x0, 0x39, 0xcd, 0xc9, 0x30, 0x0, 0x0, 0x0,
    0x0, 0x0, 0x9, 0xff, 0xff, 0xff, 0xfc, 0x40,
    0x0, 0x0, 0x0, 0x0, 0x9f, 0xff, 0xff, 0xff,
    0xff, 0xfc, 0x40, 0x0, 0x3c, 0x30, 0x7f, 0xff,
    0xff, 0xff, 0xff, 0xff, 0xff, 0xef, 0xff, 0xc0,
    0xd, 0xff, 0xff, 0xff, 0xff, 0xff, 0xff, 0xff,
    0xff, 0xf6, 0x5, 0xd5, 0x10, 0x27, 0xef, 0xff,
    0xff, 0xff, 0xff, 0xfa, 0x0, 0x0, 0x0, 0x0,
    0x6, 0xef, 0xff, 0xff, 0xff, 0xb0, 0x0, 0x0,
    0x0, 0x0, 0x0, 0x5, 0xbe, 0xfe, 0xb5, 0x0,

    /* U+00B0 "°" */
    0x0, 0x0, 0x6b, 0xef, 0xea, 0x50, 0x0, 0x0,
    0x3, 0xef, 0xff, 0xff, 0xff, 0xc1, 0x0, 0x3,
    0xff, 0xff, 0xff, 0xff, 0xff, 0xe1, 0x0, 0xdf,
    0xff, 0xff, 0xef, 0xff, 0xff, 0xb0, 0x6f, 0xff,
    0xf7, 0x0, 0x1a, 0xff, 0xff, 0x3b, 0xff, 0xf9,
    0x0, 0x0, 0xc, 0xff, 0xf8, 0xef, 0xff, 0x30,
    0x0, 0x0, 0x6f, 0xff, 0xbf, 0xff, 0xf1, 0x0,
    0x0, 0x4, 0xff, 0xfc, 0xef, 0xff, 0x30, 0x0,
    0x0, 0x6f, 0xff, 0xbb, 0xff, 0xf9, 0x0, 0x0,
    0xc, 0xff, 0xf8, 0x6f, 0xff, 0xf7, 0x0, 0x1a,
    0xff, 0xff, 0x30, 0xdf, 0xff, 0xff, 0xef, 0xff,
    0xff, 0xb0, 0x3, 0xff, 0xff, 0xff, 0xff, 0xff,
    0xe1, 0x0, 0x3, 0xef, 0xff, 0xff, 0xff, 0xc1,
    0x0, 0x0, 0x0, 0x6b, 0xef, 0xeb, 0x50, 0x0,
    0x0,

    /* U+00B7 "·" */
    0x0, 0x14, 0x52, 0x0, 0x5, 0xff, 0xff, 0xa0,
    0x1f, 0xff, 0xff, 0xf5, 0x4f, 0xff, 0xff, 0xf9,
    0x5f, 0xff, 0xff, 0xfa, 0x3f, 0xff, 0xff, 0xf8,
    0xd, 0xff, 0xff, 0xf3, 0x1, 0xae, 0xfc, 0x40,

    /* U+2014 "—" */
    0x8e, 0xee, 0xee, 0xee, 0xee, 0xee, 0xee, 0xee,
    0xee, 0xee, 0xee, 0xee, 0xee, 0xee, 0xb9, 0xff,
    0xff, 0xff, 0xff, 0xff, 0xff, 0xff, 0xff, 0xff,
    0xff, 0xff, 0xff, 0xff, 0xfc, 0x9f, 0xff, 0xff,
    0xff, 0xff, 0xff, 0xff, 0xff, 0xff, 0xff, 0xff,
    0xff, 0xff, 0xff, 0xc9, 0xff, 0xff, 0xff, 0xff,
    0xff, 0xff, 0xff, 0xff, 0xff, 0xff, 0xff, 0xff,
    0xff, 0xfc, 0x9f, 0xff, 0xff, 0xff, 0xff, 0xff,
    0xff, 0xff, 0xff, 0xff, 0xff, 0xff, 0xff, 0xff,
    0xc0,

    /* U+2026 "…" */
    0x0, 0x14, 0x52, 0x0, 0x0, 0x0, 0x0, 0x24,
    0x41, 0x0, 0x0, 0x0, 0x0, 0x35, 0x40, 0x0,
    0x5, 0xff, 0xff, 0xa0, 0x0, 0x0, 0x9, 0xff,
    0xff, 0x60, 0x0, 0x0, 0xc, 0xff, 0xfe, 0x40,
    0xf, 0xff, 0xff, 0xf6, 0x0, 0x0, 0x4f, 0xff,
    0xff, 0xf2, 0x0, 0x0, 0x8f, 0xff, 0xff, 0xe0,
    0x3f, 0xff, 0xff, 0xfa, 0x0, 0x0, 0x8f, 0xff,
    0xff, 0xf5, 0x0, 0x0, 0xcf, 0xff, 0xff, 0xf2,
    0x4f, 0xff, 0xff, 0xfb, 0x0, 0x0, 0x9f, 0xff,
    0xff, 0xf6, 0x0, 0x0, 0xdf, 0xff, 0xff, 0xf3,
    0x3f, 0xff, 0xff, 0xf9, 0x0, 0x0, 0x7f, 0xff,
    0xff, 0xf4, 0x0, 0x0, 0xbf, 0xff, 0xff, 0xf1,
    0xc, 0xff, 0xff, 0xf3, 0x0, 0x0, 0x2f, 0xff,
    0xff, 0xe0, 0x0, 0x0, 0x5f, 0xff, 0xff, 0xb0,
    0x1, 0xae, 0xfc, 0x40, 0x0, 0x0, 0x3, 0xcf,
    0xeb, 0x20, 0x0, 0x0, 0x6, 0xdf, 0xe9, 0x10,

    /* U+2039 "‹" */
    0x0, 0x0, 0x0, 0x0, 0x0, 0x0, 0x0, 0x0,
    0x1d, 0x40, 0x0, 0x0, 0x2, 0xef, 0xc0, 0x0,
    0x0, 0x4f, 0xff, 0xf3, 0x0, 0x5, 0xff, 0xff,
    0xf8, 0x0, 0x7f, 0xff, 0xff, 0xc0, 0x9, 0xff,
    0xff, 0xfd, 0x10, 0x7f, 0xff, 0xff, 0xe1, 0x0,
    0x7f, 0xff, 0xfe, 0x20, 0x0, 0x7f, 0xff, 0xf3,
    0x0, 0x0, 0x7f, 0xff, 0xf7, 0x0, 0x0, 0x7f,
    0xff, 0xff, 0x50, 0x0, 0x5f, 0xff, 0xff, 0xf4,
    0x0, 0x5, 0xff, 0xff, 0xff, 0x30, 0x0, 0x3e,
    0xff, 0xff, 0xe2, 0x0, 0x2, 0xdf, 0xff, 0xf8,
    0x0, 0x0, 0x1c, 0xff, 0xf1, 0x0, 0x0, 0x0,
    0xbf, 0xa0, 0x0, 0x0, 0x0, 0x9, 0x20
};


/*---------------------
 *  GLYPH DESCRIPTION
 *--------------------*/

static const lv_font_fmt_txt_glyph_dsc_t glyph_dsc[] = {
    {.bitmap_index = 0, .adv_w = 0, .box_w = 0, .box_h = 0, .ofs_x = 0, .ofs_y = 0} /* id = 0 reserved */,
    {.bitmap_index = 0, .adv_w = 151, .box_w = 0, .box_h = 0, .ofs_x = 0, .ofs_y = 0},
    {.bitmap_index = 0, .adv_w = 205, .box_w = 8, .box_h = 29, .ofs_x = 2, .ofs_y = 0},
    {.bitmap_index = 116, .adv_w = 316, .box_w = 15, .box_h = 14, .ofs_x = 2, .ofs_y = 16},
    {.bitmap_index = 221, .adv_w = 404, .box_w = 25, .box_h = 29, .ofs_x = 0, .ofs_y = 0},
    {.bitmap_index = 584, .adv_w = 385, .box_w = 22, .box_h = 36, .ofs_x = 1, .ofs_y = -3},
    {.bitmap_index = 980, .adv_w = 623, .box_w = 35, .box_h = 29, .ofs_x = 2, .ofs_y = 0},
    {.bitmap_index = 1488, .adv_w = 461, .box_w = 27, .box_h = 29, .ofs_x = 2, .ofs_y = 0},
    {.bitmap_index = 1880, .adv_w = 172, .box_w = 6, .box_h = 14, .ofs_x = 2, .ofs_y = 16},
    {.bitmap_index = 1922, .adv_w = 216, .box_w = 14, .box_h = 37, .ofs_x = 1, .ofs_y = -6},
    {.bitmap_index = 2181, .adv_w = 216, .box_w = 14, .box_h = 37, .ofs_x = -1, .ofs_y = -6},
    {.bitmap_index = 2440, .adv_w = 385, .box_w = 22, .box_h = 21, .ofs_x = 1, .ofs_y = 9},
    {.bitmap_index = 2671, .adv_w = 384, .box_w = 20, .box_h = 20, .ofs_x = 2, .ofs_y = 3},
    {.bitmap_index = 2871, .adv_w = 198, .box_w = 9, .box_h = 13, .ofs_x = 1, .ofs_y = -6},
    {.bitmap_index = 2930, .adv_w = 258, .box_w = 12, .box_h = 6, .ofs_x = 2, .ofs_y = 10},
    {.bitmap_index = 2966, .adv_w = 198, .box_w = 8, .box_h = 8, .ofs_x = 2, .ofs_y = 0},
    {.bitmap_index = 2998, .adv_w = 294, .box_w = 17, .box_h = 37, .ofs_x = 0, .ofs_y = -7},
    {.bitmap_index = 3313, .adv_w = 384, .box_w = 22, .box_h = 29, .ofs_x = 1, .ofs_y = 0},
    {.bitmap_index = 3632, .adv_w = 384, .box_w = 23, .box_h = 29, .ofs_x = 1, .ofs_y = 0},
    {.bitmap_index = 3966, .adv_w = 384, .box_w = 22, .box_h = 29, .ofs_x = 1, .ofs_y = 0},
    {.bitmap_index = 4285, .adv_w = 384, .box_w = 22, .box_h = 29, .ofs_x = 0, .ofs_y = 0},
    {.bitmap_index = 4604, .adv_w = 384, .box_w = 22, .box_h = 29, .ofs_x = 1, .ofs_y = 0},
    {.bitmap_index = 4923, .adv_w = 384, .box_w = 22, .box_h = 29, .ofs_x = 1, .ofs_y = 0},
    {.bitmap_index = 5242, .adv_w = 384, .box_w = 22, .box_h = 29, .ofs_x = 1, .ofs_y = 0},
    {.bitmap_index = 5561, .adv_w = 384, .box_w = 20, .box_h = 29, .ofs_x = 2, .ofs_y = 0},
    {.bitmap_index = 5851, .adv_w = 384, .box_w = 22, .box_h = 29, .ofs_x = 1, .ofs_y = 0},
    {.bitmap_index = 6170, .adv_w = 384, .box_w = 22, .box_h = 29, .ofs_x = 1, .ofs_y = 0},
    {.bitmap_index = 6489, .adv_w = 211, .box_w = 8, .box_h = 22, .ofs_x = 3, .ofs_y = 0},
    {.bitmap_index = 6577, .adv_w = 211, .box_w = 10, .box_h = 28, .ofs_x = 1, .ofs_y = -6},
    {.bitmap_index = 6717, .adv_w = 384, .box_w = 16, .box_h = 26, .ofs_x = 4, .ofs_y = -1},
    {.bitmap_index = 6925, .adv_w = 384, .box_w = 20, .box_h = 14, .ofs_x = 2, .ofs_y = 5},
    {.bitmap_index = 7065, .adv_w = 384, .box_w = 16, .box_h = 26, .ofs_x = 4, .ofs_y = -1},
    {.bitmap_index = 7273, .adv_w = 320, .box_w = 19, .box_h = 29, .ofs_x = 0, .ofs_y = 0},
    {.bitmap_index = 7549, .adv_w = 578, .box_w = 32, .box_h = 34, .ofs_x = 2, .ofs_y = -5},
    {.bitmap_index = 8093, .adv_w = 438, .box_w = 27, .box_h = 29, .ofs_x = 0, .ofs_y = 0},
    {.bitmap_index = 8485, .adv_w = 427, .box_w = 23, .box_h = 29, .ofs_x = 3, .ofs_y = 0},
    {.bitmap_index = 8819, .adv_w = 417, .box_w = 23, .box_h = 29, .ofs_x = 2, .ofs_y = 0},
    {.bitmap_index = 9153, .adv_w = 446, .box_w = 23, .box_h = 29, .ofs_x = 3, .ofs_y = 0},
    {.bitmap_index = 9487, .adv_w = 388, .box_w = 20, .box_h = 29, .ofs_x = 3, .ofs_y = 0},
    {.bitmap_index = 9777, .adv_w = 374, .box_w = 19, .box_h = 29, .ofs_x = 3, .ofs_y = 0},
    {.bitmap_index = 10053, .adv_w = 460, .box_w = 24, .box_h = 29, .ofs_x = 2, .ofs_y = 0},
    {.bitmap_index = 10401, .adv_w = 463, .box_w = 23, .box_h = 29, .ofs_x = 3, .ofs_y = 0},
    {.bitmap_index = 10735, .adv_w = 276, .box_w = 14, .box_h = 29, .ofs_x = 2, .ofs_y = 0},
    {.bitmap_index = 10938, .adv_w = 358, .box_w = 19, .box_h = 29, .ofs_x = 1, .ofs_y = 0},
    {.bitmap_index = 11214, .adv_w = 445, .box_w = 25, .box_h = 29, .ofs_x = 3, .ofs_y = 0},
    {.bitmap_index = 11577, .adv_w = 339, .box_w = 17, .box_h = 29, .ofs_x = 3, .ofs_y = 0},
    {.bitmap_index = 11824, .adv_w = 524, .box_w = 27, .box_h = 29, .ofs_x = 3, .ofs_y = 0},
    {.bitmap_index = 12216, .adv_w = 463, .box_w = 23, .box_h = 29, .ofs_x = 3, .ofs_y = 0},
    {.bitmap_index = 12550, .adv_w = 457, .box_w = 25, .box_h = 29, .ofs_x = 2, .ofs_y = 0},
    {.bitmap_index = 12913, .adv_w = 420, .box_w = 22, .box_h = 29, .ofs_x = 3, .ofs_y = 0},
    {.bitmap_index = 13232, .adv_w = 457, .box_w = 25, .box_h = 37, .ofs_x = 2, .ofs_y = -8},
    {.bitmap_index = 13695, .adv_w = 431, .box_w = 23, .box_h = 29, .ofs_x = 3, .ofs_y = 0},
    {.bitmap_index = 14029, .adv_w = 399, .box_w = 22, .box_h = 29, .ofs_x = 1, .ofs_y = 0},
    {.bitmap_index = 14348, .adv_w = 374, .box_w = 22, .box_h = 29, .ofs_x = 1, .ofs_y = 0},
    {.bitmap_index = 14667, .adv_w = 444, .box_w = 23, .box_h = 29, .ofs_x = 2, .ofs_y = 0},
    {.bitmap_index = 15001, .adv_w = 416, .box_w = 26, .box_h = 29, .ofs_x = 0, .ofs_y = 0},
    {.bitmap_index = 15378, .adv_w = 623, .box_w = 37, .box_h = 29, .ofs_x = 1, .ofs_y = 0},
    {.bitmap_index = 15915, .adv_w = 431, .box_w = 27, .box_h = 29, .ofs_x = 0, .ofs_y = 0},
    {.bitmap_index = 16307, .adv_w = 415, .box_w = 26, .box_h = 29, .ofs_x = 0, .ofs_y = 0},
    {.bitmap_index = 16684, .adv_w = 388, .box_w = 22, .box_h = 29, .ofs_x = 1, .ofs_y = 0},
    {.bitmap_index = 17003, .adv_w = 214, .box_w = 9, .box_h = 37, .ofs_x = 3, .ofs_y = -6},
    {.bitmap_index = 17170, .adv_w = 294, .box_w = 18, .box_h = 37, .ofs_x = 1, .ofs_y = -7},
    {.bitmap_index = 17503, .adv_w = 214, .box_w = 9, .box_h = 37, .ofs_x = 2, .ofs_y = -6},
    {.bitmap_index = 17670, .adv_w = 384, .box_w = 22, .box_h = 18, .ofs_x = 1, .ofs_y = 11},
    {.bitmap_index = 17868, .adv_w = 356, .box_w = 21, .box_h = 6, .ofs_x = 1, .ofs_y = -8},
    {.bitmap_index = 17931, .adv_w = 384, .box_w = 9, .box_h = 11, .ofs_x = 6, .ofs_y = 23},
    {.bitmap_index = 17981, .adv_w = 364, .box_w = 21, .box_h = 22, .ofs_x = 1, .ofs_y = 0},
    {.bitmap_index = 18212, .adv_w = 389, .box_w = 21, .box_h = 30, .ofs_x = 2, .ofs_y = 0},
    {.bitmap_index = 18527, .adv_w = 331, .box_w = 19, .box_h = 22, .ofs_x = 1, .ofs_y = 0},
    {.bitmap_index = 18736, .adv_w = 389, .box_w = 21, .box_h = 30, .ofs_x = 1, .ofs_y = 0},
    {.bitmap_index = 19051, .adv_w = 360, .box_w = 21, .box_h = 22, .ofs_x = 1, .ofs_y = 0},
    {.bitmap_index = 19282, .adv_w = 231, .box_w = 14, .box_h = 30, .ofs_x = 0, .ofs_y = 0},
    {.bitmap_index = 19492, .adv_w = 353, .box_w = 23, .box_h = 35, .ofs_x = 0, .ofs_y = -8},
    {.bitmap_index = 19895, .adv_w = 381, .box_w = 20, .box_h = 30, .ofs_x = 2, .ofs_y = 0},
    {.bitmap_index = 20195, .adv_w = 183, .box_w = 8, .box_h = 30, .ofs_x = 2, .ofs_y = 0},
    {.bitmap_index = 20315, .adv_w = 183, .box_w = 11, .box_h = 38, .ofs_x = -1, .ofs_y = -8},
    {.bitmap_index = 20524, .adv_w = 369, .box_w = 22, .box_h = 30, .ofs_x = 2, .ofs_y = 0},
    {.bitmap_index = 20854, .adv_w = 194, .box_w = 10, .box_h = 30, .ofs_x = 2, .ofs_y = 0},
    {.bitmap_index = 21004, .adv_w = 572, .box_w = 32, .box_h = 22, .ofs_x = 2, .ofs_y = 0},
    {.bitmap_index = 21356, .adv_w = 381, .box_w = 20, .box_h = 22, .ofs_x = 2, .ofs_y = 0},
    {.bitmap_index = 21576, .adv_w = 361, .box_w = 21, .box_h = 22, .ofs_x = 1, .ofs_y = 0},
    {.bitmap_index = 21807, .adv_w = 389, .box_w = 21, .box_h = 30, .ofs_x = 2, .ofs_y = -8},
    {.bitmap_index = 22122, .adv_w = 389, .box_w = 21, .box_h = 30, .ofs_x = 1, .ofs_y = -8},
    {.bitmap_index = 22437, .adv_w = 259, .box_w = 14, .box_h = 22, .ofs_x = 2, .ofs_y = 0},
    {.bitmap_index = 22591, .adv_w = 323, .box_w = 18, .box_h = 22, .ofs_x = 1, .ofs_y = 0},
    {.bitmap_index = 22789, .adv_w = 245, .box_w = 14, .box_h = 28, .ofs_x = 0, .ofs_y = 0},
    {.bitmap_index = 22985, .adv_w = 381, .box_w = 20, .box_h = 22, .ofs_x = 2, .ofs_y = 0},
    {.bitmap_index = 23205, .adv_w = 344, .box_w = 22, .box_h = 22, .ofs_x = 0, .ofs_y = 0},
    {.bitmap_index = 23447, .adv_w = 538, .box_w = 33, .box_h = 22, .ofs_x = 0, .ofs_y = 0},
    {.bitmap_index = 23810, .adv_w = 358, .box_w = 22, .box_h = 22, .ofs_x = 0, .ofs_y = 0},
    {.bitmap_index = 24052, .adv_w = 342, .box_w = 22, .box_h = 30, .ofs_x = 0, .ofs_y = -8},
    {.bitmap_index = 24382, .adv_w = 332, .box_w = 19, .box_h = 22, .ofs_x = 1, .ofs_y = 0},
    {.bitmap_index = 24591, .adv_w = 238, .box_w = 13, .box_h = 37, .ofs_x = 0, .ofs_y = -6},
    {.bitmap_index = 24832, .adv_w = 257, .box_w = 6, .box_h = 37, .ofs_x = 5, .ofs_y = -6},
    {.bitmap_index = 24943, .adv_w = 238, .box_w = 13, .box_h = 37, .ofs_x = 2, .ofs_y = -6},
    {.bitmap_index = 25184, .adv_w = 384, .box_w = 20, .box_h = 8, .ofs_x = 2, .ofs_y = 9},
    {.bitmap_index = 25264, .adv_w = 301, .box_w = 15, .box_h = 15, .ofs_x = 2, .ofs_y = 14},
    {.bitmap_index = 25377, .adv_w = 229, .box_w = 8, .box_h = 8, .ofs_x = 3, .ofs_y = 9},
    {.bitmap_index = 25409, .adv_w = 499, .box_w = 29, .box_h = 5, .ofs_x = 1, .ofs_y = 10},
    {.bitmap_index = 25482, .adv_w = 574, .box_w = 32, .box_h = 8, .ofs_x = 2, .ofs_y = 0},
    {.bitmap_index = 25610, .adv_w = 203, .box_w = 10, .box_h = 19, .ofs_x = 1, .ofs_y = 2}
};

/*---------------------
 *  CHARACTER MAPPING
 *--------------------*/

static const uint16_t unicode_list_1[] = {
    0x0, 0x7, 0x1f64, 0x1f76, 0x1f89
};

/*Collect the unicode lists and glyph_id offsets*/
static const lv_font_fmt_txt_cmap_t cmaps[] =
{
    {
        .range_start = 32, .range_length = 95, .glyph_id_start = 1,
        .unicode_list = NULL, .glyph_id_ofs_list = NULL, .list_length = 0, .type = LV_FONT_FMT_TXT_CMAP_FORMAT0_TINY
    },
    {
        .range_start = 176, .range_length = 8074, .glyph_id_start = 96,
        .unicode_list = unicode_list_1, .glyph_id_ofs_list = NULL, .list_length = 5, .type = LV_FONT_FMT_TXT_CMAP_SPARSE_TINY
    }
};

/*-----------------
 *    KERNING
 *----------------*/


/*Map glyph_ids to kern left classes*/
static const uint8_t kern_left_class_mapping[] =
{
    0, 0, 0, 0, 0, 0, 1, 0,
    0, 0, 0, 0, 0, 0, 0, 0,
    0, 0, 0, 0, 0, 0, 0, 0,
    0, 0, 0, 0, 0, 0, 0, 0,
    0, 0, 2, 3, 4, 5, 6, 7,
    8, 0, 9, 10, 11, 12, 0, 0,
    0, 13, 0, 14, 15, 16, 17, 18,
    19, 20, 21, 22, 0, 0, 0, 0,
    0, 0, 23, 24, 25, 0, 26, 27,
    28, 29, 30, 0, 31, 32, 29, 29,
    33, 24, 34, 35, 36, 37, 38, 39,
    40, 41, 42, 43, 0, 0, 0, 0,
    0, 0, 0, 0, 0
};

/*Map glyph_ids to kern right classes*/
static const uint8_t kern_right_class_mapping[] =
{
    0, 0, 1, 2, 0, 0, 0, 3,
    2, 0, 4, 2, 0, 5, 6, 5,
    7, 0, 0, 0, 0, 0, 0, 0,
    0, 0, 0, 8, 8, 0, 0, 0,
    9, 10, 11, 0, 12, 0, 0, 0,
    12, 0, 13, 14, 0, 0, 0, 0,
    12, 0, 12, 0, 15, 16, 17, 18,
    19, 20, 21, 22, 0, 0, 23, 0,
    24, 0, 25, 0, 26, 27, 26, 28,
    29, 0, 30, 31, 0, 32, 33, 33,
    26, 34, 27, 33, 35, 36, 37, 38,
    39, 40, 41, 42, 0, 0, 23, 0,
    0, 0, 6, 5, 43
};

/*Kern values between classes*/
static const int8_t kern_class_values[] =
{
    0, -38, 0, 0, 0, 0, 0, 0,
    0, 0, 0, 0, 0, 0, 0, 0,
    0, 0, 0, 0, 0, 0, 0, 0,
    0, 0, 0, 0, 0, 0, 0, 0,
    0, 0, 0, 0, 0, 0, 0, 0,
    0, 0, 0, 0, -32, -6, 0, 13,
    -10, 0, 0, -32, -13, 6, -19, 0,
    -9, 0, -42, -15, -35, -17, 3, -45,
    0, 0, 10, 2, 0, 0, 0, 0,
    0, 0, 0, 0, 0, 0, -12, 0,
    -19, -13, 0, -10, 6, 0, 0, 0,
    0, 0, -10, 0, -16, 0, 0, 0,
    -10, 0, 0, -6, 0, -17, 0, -18,
    -5, -13, -28, 0, 0, -41, 0, 0,
    0, -1, -2, 0, 0, 0, 0, 0,
    0, -3, 0, -5, -4, -8, -5, 0,
    0, 0, 0, -6, 0, 0, -6, -13,
    0, 0, -6, -5, -8, 0, 0, 0,
    0, 0, 0, 0, -13, -6, 0, 0,
    -28, 0, 0, 0, 0, 0, 0, 0,
    0, 0, 0, 0, 0, 0, 0, 0,
    0, 0, 0, 0, 0, -6, 0, 0,
    -26, 10, -29, 0, 0, 0, -24, 0,
    0, -19, 0, -16, 0, -20, -15, -19,
    -29, -16, 0, 0, 0, 0, 0, 0,
    0, 0, 0, 0, 0, 0, 0, 0,
    0, 0, 0, 0, 0, 0, 13, 0,
    0, -10, 0, 0, 0, 0, 0, 0,
    -6, 0, 0, 0, -13, 0, 0, 0,
    0, 0, 0, 0, 0, 0, 0, 0,
    -6, -6, 0, -3, 0, 0, 0, 0,
    0, 0, 0, 0, 0, 0, 0, 0,
    0, 0, 0, 3, -26, 10, -64, 0,
    -54, 0, 0, -19, -56, -19, 0, -48,
    0, 0, 0, 0, 0, 0, 0, 0,
    0, -90, -26, -20, -22, -4, -28, 0,
    -6, 0, -19, -19, -26, -10, -16, -13,
    -10, -26, -13, -16, 0, 0, -6, 0,
    0, 0, 6, 0, 0, 0, 0, 0,
    0, 0, -8, 0, -24, 0, -19, -8,
    -6, -28, 0, 0, 0, 0, 0, 0,
    0, 0, 0, 0, 0, 0, 0, 0,
    0, 0, 0, 0, 0, 0, 0, 0,
    0, 0, 0, 0, 0, -19, 0, 0,
    0, -13, 0, 0, 0, 0, 0, -3,
    0, 0, 0, 0, 0, 0, 0, 0,
    0, -3, -3, 0, 0, 0, 0, 0,
    0, 0, -3, 0, 0, -3, 0, 0,
    -3, 0, 0, 0, 0, 0, 0, -16,
    0, -22, 0, 0, 0, -13, 0, 0,
    -8, 0, 0, 0, 0, 0, -10, 0,
    0, 0, -54, 0, 0, 0, 0, 0,
    0, 0, 0, 0, 0, 0, 0, 0,
    0, 0, 0, 0, 0, 0, 0, -6,
    -19, 6, 6, -29, 0, 0, 0, -26,
    0, -26, 0, -13, -6, -16, 0, -16,
    -6, 0, -13, 0, 0, 0, -6, -16,
    -16, -13, -6, 0, 0, -6, -6, -6,
    0, -19, -13, -13, -13, -3, -13, 6,
    -19, 0, -58, -3, 0, 13, -22, 6,
    0, -38, -6, 11, -26, 0, 0, 0,
    -47, -21, -46, -26, 0, -57, 0, 0,
    13, 3, -6, -6, 0, 0, 0, 0,
    0, 0, 0, 0, -13, -3, -32, -19,
    6, -22, 7, -10, 0, 3, -19, 0,
    -64, 0, -58, 0, 0, -6, -47, 0,
    0, -45, -6, 0, 0, -3, -6, -22,
    -16, -16, 0, -96, -10, -13, -13, 0,
    -19, 0, 0, 0, -6, -10, -10, 0,
    0, 0, 3, -10, 0, 0, 0, 0,
    0, -16, 0, 0, -10, -13, 0, 0,
    -13, 0, -6, 0, -22, 0, -15, -9,
    -19, -9, 0, -26, 0, 0, 0, -6,
    -10, -10, 0, -16, 0, 0, 0, 0,
    0, 0, 0, 0, 0, 0, 0, -3,
    0, 0, 0, 0, -6, 0, 0, 10,
    -22, 0, 0, -6, 0, 0, 0, 0,
    -9, -15, 0, -12, -12, 0, -26, 0,
    0, -38, 0, 0, 0, 0, 0, 0,
    0, 0, 0, 0, 0, -3, 0, 0,
    0, 0, 0, 0, 13, 0, 0, 0,
    0, 0, 0, 0, -26, 0, 0, 0,
    0, 0, 0, 0, 0, 0, 0, 0,
    0, 0, 0, 0, 0, 0, 0, 0,
    0, 0, 0, 0, 0, 0, 0, 0,
    0, 0, 0, 0, 0, 0, 0, 0,
    0, 0, -6, 0, -22, 0, -26, 0,
    0, 0, -16, 0, 0, -10, 0, 0,
    0, 0, 0, 0, 0, 0, 0, -45,
    0, 0, 0, 0, -6, 0, 0, 0,
    0, 0, 0, 0, 0, 0, 0, 0,
    0, 0, 0, 0, 0, 0, 0, 0,
    0, 0, -19, 0, 0, 0, 0, 0,
    0, 0, 0, 0, 0, 0, 0, 0,
    0, 0, 0, 0, 0, 0, 0, 0,
    0, 0, 0, 0, 0, 0, 0, 0,
    0, 0, 0, 0, 0, 0, 0, 10,
    -22, 6, -26, -6, -32, 0, 0, -13,
    -18, -15, 0, -32, 0, 2, 0, 2,
    1, 0, 0, -3, 0, -32, -19, -16,
    -16, 0, -13, 0, -3, 0, -6, -3,
    -6, 0, -3, 0, -6, -6, 0, -6,
    0, 0, 0, 0, 0, 0, 0, 0,
    -10, 0, 0, 0, 0, 0, 0, 0,
    0, 0, 0, 0, 0, 0, 0, 0,
    0, 0, 0, 0, 0, 0, 0, 0,
    0, 0, 0, 0, 0, 0, 0, 0,
    0, 0, 0, 0, 0, 0, 0, 0,
    0, 0, 0, -32, 0, 0, 0, 0,
    0, 0, 0, 0, 0, 0, 0, 0,
    0, 0, 0, 0, 0, 0, 0, 0,
    0, 0, 0, 0, 0, 0, 0, 0,
    0, 0, 0, 0, 0, 0, 0, 0,
    3, -6, 6, 19, -26, 0, 0, 0,
    -10, 0, -12, 0, -4, 0, 0, 0,
    -5, -3, 0, -6, 0, 0, 10, 0,
    -3, -3, 0, 0, 0, 0, 0, 0,
    0, 0, -6, -3, 0, 0, 0, -3,
    0, -13, 0, -10, 0, 0, 6, -3,
    13, 0, 0, 0, 5, 0, 0, 0,
    0, -45, 0, -19, -6, 0, -29, 4,
    0, 6, 0, 0, 0, 0, 0, 0,
    0, 0, 0, 0, 0, -4, 0, -6,
    -4, 0, -6, 0, 0, 0, -13, 0,
    0, -10, 6, 0, 0, 0, 0, 0,
    0, -3, 0, 0, -42, 0, -22, -16,
    -13, -38, -3, 0, -32, 0, 0, 0,
    -4, 0, 0, 0, 0, 0, 0, 0,
    -4, 0, -5, -6, -10, -6, -5, 10,
    0, 0, 0, 0, 0, 0, -3, 0,
    0, 0, 5, 0, 0, 3, 0, -29,
    0, -17, -6, 0, -33, 4, 0, -26,
    0, -3, -3, 0, 0, 0, 0, 0,
    0, 0, 0, 0, 0, 0, 0, 0,
    0, 0, 3, 0, -13, 0, 0, -10,
    6, 0, 0, 0, 0, 0, 0, -3,
    0, -6, -42, 0, -22, -13, -13, -38,
    -3, 0, -38, 0, 0, 0, 0, 0,
    0, 0, 0, 0, 0, 0, 0, 0,
    -6, -3, -10, -4, -3, 10, 13, 19,
    -10, 16, -19, 0, -13, 0, 19, 0,
    -4, 10, 0, -15, 0, 16, 0, 22,
    16, 9, 19, 1, 10, -40, 0, -3,
    -3, 3, -3, 8, 0, 0, 0, 0,
    0, 0, 0, 6, 0, 0, 6, 0,
    0, 0, 3, -3, 17, 4, 0, 15,
    0, 0, 0, 16, 0, 0, -6, 0,
    -6, 0, -4, 0, 7, -5, 6, 8,
    36, -1, -4, -4, 0, 4, 0, 18,
    0, 0, 0, 0, 0, -3, 0, 0,
    0, 3, 0, 0, 0, -10, 0, 0,
    0, 0, 0, 0, 0, 0, 0, 0,
    0, 0, 0, -35, 0, -22, -16, 0,
    -35, 0, 0, 0, 0, 0, 0, 0,
    0, 0, 0, 0, 0, 0, 0, 0,
    0, -5, -4, 0, -5, 0, 0, 0,
    0, 0, 0, 0, 0, 0, 0, 0,
    0, 0, 0, 0, -6, 0, 0, 0,
    0, 0, 0, -6, 0, 0, 0, 0,
    0, 0, 0, 0, 0, 0, 0, 0,
    0, 0, 0, 0, 0, 0, 0, 0,
    0, 0, 0, 0, -6, 0, 0, -22,
    0, 0, 0, -6, 10, -8, 0, -3,
    -4, -20, 0, -12, -4, 0, -29, 10,
    0, 13, 0, -17, -13, 0, 0, 0,
    0, 0, 0, 0, -6, -6, -6, -8,
    -3, 0, -3, 0, 0, 0, 0, 0,
    0, 6, -6, 0, 0, 0, 0, 15,
    0, 0, 6, 0, -8, 0, -3, 0,
    10, -10, 10, 0, 16, 0, 0, 0,
    0, 0, 0, 0, -5, 0, 0, 0,
    -3, 0, -4, -3, 0, -4, 4, 0,
    0, -13, 0, 0, -10, 6, 0, 0,
    0, 0, 0, 0, -3, 0, 0, -42,
    0, -22, -16, -13, -38, -3, 0, -38,
    0, 0, 0, -4, 0, 0, 0, 0,
    0, 0, 0, -4, 0, -5, -6, -10,
    -6, -5, 10, 0, 0, 0, 0, 0,
    0, 0, 0, 0, 0, 0, 0, 0,
    0, 0, -26, 0, -16, -6, 0, -19,
    0, 0, 0, 0, 0, 0, 0, 0,
    0, 0, 0, 0, 0, 0, 0, 0,
    0, 0, 0, 0, 0, 0, 0, 19,
    -13, 0, -51, 0, -14, 0, 0, 0,
    -26, 6, 0, -15, 4, -6, 0, 0,
    0, -13, -13, -7, 0, -51, -9, -3,
    -3, 6, -9, 0, 0, 0, 0, 0,
    0, 3, 0, 4, 3, 0, 4, 0,
    0, 0, -6, 0, 0, -5, 0, 0,
    0, 0, 0, 1, 0, 0, -1, 0,
    -42, 0, -21, 0, -15, -35, 0, 0,
    -32, 0, 0, 0, -2, 0, 0, 0,
    0, 0, 0, -4, -5, 0, -8, -6,
    -11, -6, -6, 0, 0, 0, -6, 0,
    0, -6, 0, 0, 0, 0, 4, 0,
    0, 0, 0, -15, 0, 0, 0, 0,
    -13, 0, 0, 13, 0, -3, -3, 0,
    0, 0, 0, 0, 0, 0, 0, -3,
    0, 0, 0, 0, 0, 0, -6, 0,
    0, 0, 0, 0, 0, 0, 0, 0,
    0, 0, 0, 0, 0, 0, -29, 0,
    -16, -6, 0, -32, 0, 0, 0, 0,
    0, 0, 0, 0, 0, 0, 0, 0,
    0, 0, 0, 0, 0, 0, 0, 0,
    0, 0, 0, 16, -13, 0, -31, -3,
    -10, 0, 0, 0, -19, 0, -3, -19,
    0, -16, 0, -6, 0, 0, -22, 0,
    0, -45, -6, -5, -5, 4, -8, 0,
    0, 0, 0, 0, -1, 0, 0, 0,
    0, 0, 0, -3, 0, 0, 13, -13,
    0, -26, -3, 0, 0, 0, -6, -13,
    0, 0, -19, 0, -22, 0, -6, -6,
    0, -26, 0, 0, -32, -9, -6, -6,
    0, -11, 0, 0, 0, 0, 0, -3,
    0, 0, 0, 0, 0, 0, 0, 0,
    0, 0, -19, 0, 0, -22, 0, 0,
    0, -13, 0, 0, 0, -10, 0, -22,
    0, -6, -6, 0, -26, 0, 0, 13,
    0, -10, -10, 0, 0, 0, 0, 0,
    0, 0, -3, 0, 0, 0, 0, 0,
    0, 0, -6, 0, 13, -19, 0, -29,
    -3, -3, 0, 0, -6, -10, 0, -3,
    -19, 0, -19, 0, -6, 0, 0, -22,
    0, 0, -51, -9, -5, -5, 4, -13,
    0, 0, 0, 0, 0, -6, 0, 0,
    0, 0, 0, 0, -3, 0, 0, 3,
    -6, 0, 6, -13, 0, 0, 0, -6,
    6, 0, 0, 0, 0, -22, 0, -6,
    -3, 6, -19, 0, 0, 3, 0, -8,
    -6, 0, 0, 0, 0, 0, 0, 0,
    0, 0, 0, 0, 0, 0, 0, 0,
    0
};


/*Collect the kern class' data in one place*/
static const lv_font_fmt_txt_kern_classes_t kern_classes =
{
    .class_pair_values   = kern_class_values,
    .left_class_mapping  = kern_left_class_mapping,
    .right_class_mapping = kern_right_class_mapping,
    .left_class_cnt      = 43,
    .right_class_cnt     = 43,
};

/*--------------------
 *  ALL CUSTOM DATA
 *--------------------*/

#if LVGL_VERSION_MAJOR == 8
/*Store all the custom data of the font*/
static  lv_font_fmt_txt_glyph_cache_t cache;
#endif

#if LVGL_VERSION_MAJOR >= 8
static const lv_font_fmt_txt_dsc_t font_dsc = {
#else
static lv_font_fmt_txt_dsc_t font_dsc = {
#endif
    .glyph_bitmap = glyph_bitmap,
    .glyph_dsc = glyph_dsc,
    .cmaps = cmaps,
    .kern_dsc = &kern_classes,
    .kern_scale = 16,
    .cmap_num = 2,
    .bpp = 4,
    .kern_classes = 1,
    .bitmap_format = 0,
#if LVGL_VERSION_MAJOR == 8
    .cache = &cache
#endif
};



/*-----------------
 *  PUBLIC FONT
 *----------------*/

/*Initialize a public general font descriptor*/
#if LVGL_VERSION_MAJOR >= 8
const lv_font_t gc_plex_40 = {
#else
lv_font_t gc_plex_40 = {
#endif
    .get_glyph_dsc = lv_font_get_glyph_dsc_fmt_txt,    /*Function pointer to get glyph's data*/
    .get_glyph_bitmap = lv_font_get_bitmap_fmt_txt,    /*Function pointer to get glyph's bitmap*/
    .line_height = 42,          /*The maximum line height required by the font*/
    .base_line = 8,             /*Baseline measured from the bottom of the line*/
#if !(LVGL_VERSION_MAJOR == 6 && LVGL_VERSION_MINOR == 0)
    .subpx = LV_FONT_SUBPX_NONE,
#endif
#if LV_VERSION_CHECK(7, 4, 0) || LVGL_VERSION_MAJOR >= 8
    .underline_position = -3,
    .underline_thickness = 4,
#endif
    .dsc = &font_dsc,          /*The custom font data. Will be accessed by `get_glyph_bitmap/dsc` */
#if LV_VERSION_CHECK(8, 2, 0) || LVGL_VERSION_MAJOR >= 9
    .fallback = NULL,
#endif
    .user_data = NULL,
};



#endif /*#if GC_PLEX_40*/

