/*******************************************************************************
 * Size: 30 px
 * Bpp: 4
 * Opts: --format lvgl --bpp 4 --no-compress --lv-include lvgl.h --size 30 -o ../components/ui/fonts/gc_plex_30.c --font .fontcache/ibm-plex-sans/fonts/complete/ttf/IBMPlexSans-Bold.ttf -r 0x20-0x7E,0xB0,0xB7,0x2014,0x2026,0x2039,0x2190,0x2192
 ******************************************************************************/

#ifdef LV_LVGL_H_INCLUDE_SIMPLE
#include "lvgl.h"
#else
#include "lvgl.h"
#endif

#ifndef GC_PLEX_30
#define GC_PLEX_30 1
#endif

#if GC_PLEX_30

/*-----------------
 *    BITMAPS
 *----------------*/

/*Store the image of the glyphs*/
static LV_ATTRIBUTE_LARGE_CONST const uint8_t glyph_bitmap[] = {
    /* U+0020 " " */

    /* U+0021 "!" */
    0x8f, 0xff, 0xf2, 0x8f, 0xff, 0xf2, 0x8f, 0xff,
    0xf2, 0x8f, 0xff, 0xf2, 0x8f, 0xff, 0xf2, 0x8f,
    0xff, 0xf2, 0x6f, 0xff, 0xf0, 0x3f, 0xff, 0xe0,
    0xf, 0xff, 0xb0, 0xe, 0xff, 0x90, 0xb, 0xff,
    0x60, 0x8, 0xff, 0x30, 0x6, 0xff, 0x10, 0x3,
    0xfe, 0x0, 0x0, 0x33, 0x0, 0x0, 0x32, 0x0,
    0x4f, 0xff, 0xc0, 0xcf, 0xff, 0xf5, 0xdf, 0xff,
    0xf7, 0xbf, 0xff, 0xf4, 0x2c, 0xfe, 0x80,

    /* U+0022 "\"" */
    0xff, 0xff, 0x0, 0x3f, 0xff, 0xcf, 0xff, 0xf0,
    0x3, 0xff, 0xfc, 0xff, 0xff, 0x0, 0x3f, 0xff,
    0xcf, 0xff, 0xf0, 0x3, 0xff, 0xfc, 0xff, 0xff,
    0x0, 0x3f, 0xff, 0xcf, 0xff, 0xf0, 0x3, 0xff,
    0xfc, 0xff, 0xff, 0x0, 0x3f, 0xff, 0xcf, 0xff,
    0xf0, 0x3, 0xff, 0xfc, 0xff, 0xff, 0x0, 0x3f,
    0xff, 0xca, 0xbb, 0xb0, 0x2, 0xbb, 0xb8,

    /* U+0023 "#" */
    0x0, 0x0, 0x0, 0xff, 0xc0, 0x0, 0x6, 0xff,
    0x60, 0x0, 0x0, 0x0, 0x2f, 0xf9, 0x0, 0x0,
    0x9f, 0xf3, 0x0, 0x0, 0x0, 0x5, 0xff, 0x60,
    0x0, 0xc, 0xff, 0x0, 0x0, 0x0, 0x0, 0x8f,
    0xf4, 0x0, 0x0, 0xff, 0xd0, 0x0, 0x0, 0x0,
    0xb, 0xff, 0x10, 0x0, 0x2f, 0xfa, 0x0, 0x0,
    0x5f, 0xff, 0xff, 0xff, 0xff, 0xff, 0xff, 0xff,
    0xfa, 0x5, 0xff, 0xff, 0xff, 0xff, 0xff, 0xff,
    0xff, 0xff, 0xa0, 0x3a, 0xac, 0xff, 0xda, 0xaa,
    0xae, 0xff, 0xba, 0xa6, 0x0, 0x0, 0x6f, 0xf6,
    0x0, 0x0, 0xdf, 0xf0, 0x0, 0x0, 0x0, 0x9,
    0xff, 0x30, 0x0, 0xf, 0xfd, 0x0, 0x0, 0x0,
    0x0, 0xcf, 0xf0, 0x0, 0x2, 0xff, 0xa0, 0x0,
    0x0, 0x0, 0xe, 0xfe, 0x0, 0x0, 0x5f, 0xf7,
    0x0, 0x0, 0x0, 0x1, 0xff, 0xb0, 0x0, 0x7,
    0xff, 0x50, 0x0, 0xa, 0xff, 0xff, 0xff, 0xff,
    0xff, 0xff, 0xff, 0xff, 0x40, 0xaf, 0xff, 0xff,
    0xff, 0xff, 0xff, 0xff, 0xff, 0xf4, 0x7, 0xbb,
    0xef, 0xfb, 0xbb, 0xbb, 0xff, 0xeb, 0xbb, 0x30,
    0x0, 0xc, 0xff, 0x0, 0x0, 0x2f, 0xfa, 0x0,
    0x0, 0x0, 0x0, 0xff, 0xe0, 0x0, 0x5, 0xff,
    0x70, 0x0, 0x0, 0x0, 0x1f, 0xfb, 0x0, 0x0,
    0x7f, 0xf4, 0x0, 0x0, 0x0, 0x4, 0xff, 0x80,
    0x0, 0xa, 0xff, 0x10, 0x0, 0x0, 0x0, 0x7f,
    0xf5, 0x0, 0x0, 0xdf, 0xf0, 0x0, 0x0, 0x0,

    /* U+0024 "$" */
    0x0, 0x0, 0x0, 0x5, 0xaa, 0x90, 0x0, 0x0,
    0x0, 0x0, 0x0, 0x0, 0x8f, 0xfe, 0x0, 0x0,
    0x0, 0x0, 0x0, 0x0, 0x8, 0xff, 0xe0, 0x0,
    0x0, 0x0, 0x0, 0x1, 0x6b, 0xef, 0xff, 0xc8,
    0x30, 0x0, 0x0, 0x6, 0xff, 0xff, 0xff, 0xff,
    0xff, 0xb1, 0x0, 0x6, 0xff, 0xff, 0xff, 0xff,
    0xff, 0xff, 0xe2, 0x0, 0xef, 0xff, 0xe9, 0xff,
    0xcc, 0xff, 0xf9, 0x0, 0x4f, 0xff, 0xf1, 0x1f,
    0xf9, 0x4, 0xf8, 0x0, 0x6, 0xff, 0xfb, 0x1,
    0xff, 0x90, 0x1, 0x0, 0x0, 0x5f, 0xff, 0xe0,
    0x1f, 0xf9, 0x0, 0x0, 0x0, 0x2, 0xff, 0xff,
    0xc6, 0xff, 0x90, 0x0, 0x0, 0x0, 0xa, 0xff,
    0xff, 0xff, 0xfc, 0x50, 0x0, 0x0, 0x0, 0xc,
    0xff, 0xff, 0xff, 0xff, 0xf9, 0x10, 0x0, 0x0,
    0x6, 0xdf, 0xff, 0xff, 0xff, 0xff, 0x40, 0x0,
    0x0, 0x0, 0x38, 0xff, 0xff, 0xff, 0xff, 0x10,
    0x0, 0x0, 0x0, 0x1f, 0xfa, 0x9f, 0xff, 0xf8,
    0x0, 0x0, 0x0, 0x1, 0xff, 0x90, 0x9f, 0xff,
    0xb0, 0x0, 0x10, 0x0, 0x1f, 0xf9, 0x6, 0xff,
    0xfb, 0x0, 0x4f, 0x90, 0x1, 0xff, 0x90, 0xaf,
    0xff, 0x90, 0x5f, 0xff, 0xd7, 0x4f, 0xfa, 0x9f,
    0xff, 0xf3, 0xa, 0xff, 0xff, 0xff, 0xff, 0xff,
    0xff, 0xfa, 0x0, 0x7, 0xff, 0xff, 0xff, 0xff,
    0xff, 0xfb, 0x0, 0x0, 0x2, 0x8e, 0xff, 0xff,
    0xff, 0xb5, 0x0, 0x0, 0x0, 0x0, 0x1, 0x9f,
    0xfe, 0x0, 0x0, 0x0, 0x0, 0x0, 0x0, 0x8,
    0xff, 0xe0, 0x0, 0x0, 0x0, 0x0, 0x0, 0x0,
    0x8f, 0xfe, 0x0, 0x0, 0x0,

    /* U+0025 "%" */
    0x0, 0x19, 0xdf, 0xfd, 0x70, 0x0, 0x0, 0x0,
    0x0, 0x7f, 0xff, 0x70, 0x0, 0x0, 0x2e, 0xff,
    0xff, 0xff, 0xd1, 0x0, 0x0, 0x0, 0x2f, 0xff,
    0xc0, 0x0, 0x0, 0xc, 0xff, 0xfa, 0xbf, 0xff,
    0x90, 0x0, 0x0, 0xd, 0xff, 0xf2, 0x0, 0x0,
    0x3, 0xff, 0xf9, 0x0, 0xcf, 0xff, 0x0, 0x0,
    0x8, 0xff, 0xf6, 0x0, 0x0, 0x0, 0x6f, 0xff,
    0x60, 0x9, 0xff, 0xf3, 0x0, 0x3, 0xff, 0xfb,
    0x0, 0x0, 0x0, 0x7, 0xff, 0xf5, 0x0, 0x8f,
    0xff, 0x40, 0x0, 0xdf, 0xfe, 0x10, 0x0, 0x0,
    0x0, 0x7f, 0xff, 0x50, 0x8, 0xff, 0xf4, 0x0,
    0x9f, 0xff, 0x50, 0x0, 0x0, 0x0, 0x5, 0xff,
    0xf7, 0x0, 0xaf, 0xff, 0x20, 0x4f, 0xff, 0xa0,
    0x0, 0x0, 0x0, 0x0, 0x1f, 0xff, 0xd1, 0x2f,
    0xff, 0xd0, 0x1e, 0xff, 0xe1, 0x0, 0x0, 0x0,
    0x0, 0x0, 0x9f, 0xff, 0xff, 0xff, 0xf5, 0xa,
    0xff, 0xf4, 0x5, 0xce, 0xfe, 0xa2, 0x0, 0x0,
    0x9f, 0xff, 0xff, 0xf7, 0x5, 0xff, 0xf9, 0xa,
    0xff, 0xff, 0xff, 0xf4, 0x0, 0x0, 0x26, 0x88,
    0x61, 0x1, 0xff, 0xfd, 0x5, 0xff, 0xfd, 0xaf,
    0xff, 0xe0, 0x0, 0x0, 0x0, 0x0, 0x0, 0xbf,
    0xff, 0x30, 0xbf, 0xff, 0x10, 0x6f, 0xff, 0x60,
    0x0, 0x0, 0x0, 0x0, 0x7f, 0xff, 0x80, 0xf,
    0xff, 0xd0, 0x2, 0xff, 0xf9, 0x0, 0x0, 0x0,
    0x0, 0x2f, 0xff, 0xc0, 0x0, 0xff, 0xfc, 0x0,
    0x2f, 0xff, 0xa0, 0x0, 0x0, 0x0, 0xc, 0xff,
    0xf2, 0x0, 0xf, 0xff, 0xc0, 0x2, 0xff, 0xfa,
    0x0, 0x0, 0x0, 0x8, 0xff, 0xf6, 0x0, 0x0,
    0xff, 0xfd, 0x0, 0x2f, 0xff, 0x90, 0x0, 0x0,
    0x3, 0xff, 0xfb, 0x0, 0x0, 0xb, 0xff, 0xf1,
    0x6, 0xff, 0xf5, 0x0, 0x0, 0x0, 0xdf, 0xff,
    0x10, 0x0, 0x0, 0x5f, 0xff, 0xda, 0xff, 0xfe,
    0x0, 0x0, 0x0, 0x9f, 0xff, 0x50, 0x0, 0x0,
    0x0, 0xaf, 0xff, 0xff, 0xff, 0x40, 0x0, 0x0,
    0x4f, 0xff, 0xa0, 0x0, 0x0, 0x0, 0x0, 0x5c,
    0xff, 0xea, 0x20, 0x0,

    /* U+0026 "&" */
    0x0, 0x0, 0x6, 0xbe, 0xff, 0xc8, 0x10, 0x0,
    0x0, 0x0, 0x0, 0x0, 0x2d, 0xff, 0xff, 0xff,
    0xff, 0x50, 0x0, 0x0, 0x0, 0x0, 0x1e, 0xff,
    0xff, 0xff, 0xff, 0xff, 0x20, 0x0, 0x0, 0x0,
    0x7, 0xff, 0xff, 0x96, 0x9f, 0xff, 0xf8, 0x0,
    0x0, 0x0, 0x0, 0x9f, 0xff, 0xb0, 0x0, 0xaf,
    0xff, 0xa0, 0x0, 0x0, 0x0, 0x8, 0xff, 0xfb,
    0x0, 0xa, 0xff, 0xf8, 0x0, 0x0, 0x0, 0x0,
    0x3f, 0xff, 0xf6, 0x5, 0xff, 0xff, 0x20, 0x0,
    0x0, 0x0, 0x0, 0xaf, 0xff, 0xfb, 0xff, 0xff,
    0x50, 0x0, 0x0, 0x0, 0x0, 0x1, 0xdf, 0xff,
    0xff, 0xfe, 0x40, 0x0, 0x0, 0x0, 0x0, 0x0,
    0x1b, 0xff, 0xff, 0xfc, 0x10, 0x7, 0xff, 0xff,
    0x90, 0x0, 0x3e, 0xff, 0xff, 0xff, 0xf4, 0x0,
    0x9f, 0xff, 0xf9, 0x0, 0x3f, 0xff, 0xfd, 0xff,
    0xff, 0xf3, 0xc, 0xff, 0xff, 0x90, 0xc, 0xff,
    0xfb, 0x4, 0xff, 0xff, 0xf4, 0xff, 0xfe, 0xa6,
    0x4, 0xff, 0xff, 0x30, 0x6, 0xff, 0xff, 0xff,
    0xff, 0x70, 0x0, 0x7f, 0xff, 0xf0, 0x0, 0x7,
    0xff, 0xff, 0xff, 0xf1, 0x0, 0x7, 0xff, 0xff,
    0x30, 0x0, 0x9, 0xff, 0xff, 0xfa, 0x0, 0x0,
    0x5f, 0xff, 0xfc, 0x10, 0x0, 0x2e, 0xff, 0xff,
    0xb0, 0x0, 0x0, 0xef, 0xff, 0xff, 0xcb, 0xdf,
    0xff, 0xff, 0xff, 0x90, 0x0, 0x6, 0xff, 0xff,
    0xff, 0xff, 0xff, 0xff, 0xff, 0xff, 0x60, 0x0,
    0x6, 0xff, 0xff, 0xff, 0xff, 0xfe, 0x8f, 0xff,
    0xff, 0x40, 0x0, 0x1, 0x8c, 0xef, 0xfe, 0xb6,
    0x10, 0x4f, 0xff, 0xff, 0x20,

    /* U+0027 "'" */
    0xff, 0xff, 0xff, 0xff, 0xff, 0xff, 0xff, 0xff,
    0xff, 0xff, 0xff, 0xff, 0xff, 0xff, 0xff, 0xff,
    0xff, 0xff, 0xab, 0xbb,

    /* U+0028 "(" */
    0x0, 0x0, 0x1a, 0xcc, 0xb2, 0x0, 0x0, 0xcf,
    0xff, 0x50, 0x0, 0xa, 0xff, 0xf8, 0x0, 0x0,
    0x4f, 0xff, 0xd0, 0x0, 0x0, 0xcf, 0xff, 0x40,
    0x0, 0x4, 0xff, 0xfc, 0x0, 0x0, 0xa, 0xff,
    0xf5, 0x0, 0x0, 0xf, 0xff, 0xf0, 0x0, 0x0,
    0x4f, 0xff, 0xc0, 0x0, 0x0, 0x7f, 0xff, 0x90,
    0x0, 0x0, 0xaf, 0xff, 0x60, 0x0, 0x0, 0xcf,
    0xff, 0x50, 0x0, 0x0, 0xdf, 0xff, 0x50, 0x0,
    0x0, 0xef, 0xff, 0x50, 0x0, 0x0, 0xdf, 0xff,
    0x50, 0x0, 0x0, 0xcf, 0xff, 0x50, 0x0, 0x0,
    0xaf, 0xff, 0x60, 0x0, 0x0, 0x8f, 0xff, 0x80,
    0x0, 0x0, 0x4f, 0xff, 0xb0, 0x0, 0x0, 0x1f,
    0xff, 0xe0, 0x0, 0x0, 0xb, 0xff, 0xf3, 0x0,
    0x0, 0x6, 0xff, 0xfa, 0x0, 0x0, 0x0, 0xef,
    0xff, 0x20, 0x0, 0x0, 0x6f, 0xff, 0xb0, 0x0,
    0x0, 0xc, 0xff, 0xf5, 0x0, 0x0, 0x2, 0xff,
    0xff, 0x30, 0x0, 0x0, 0x3f, 0xff, 0xe2,

    /* U+0029 ")" */
    0x1b, 0xcc, 0xb2, 0x0, 0x0, 0x0, 0x3f, 0xff,
    0xe1, 0x0, 0x0, 0x0, 0x6f, 0xff, 0xb0, 0x0,
    0x0, 0x0, 0xbf, 0xff, 0x60, 0x0, 0x0, 0x2,
    0xff, 0xfe, 0x0, 0x0, 0x0, 0xa, 0xff, 0xf6,
    0x0, 0x0, 0x0, 0x3f, 0xff, 0xc0, 0x0, 0x0,
    0x0, 0xef, 0xff, 0x20, 0x0, 0x0, 0xa, 0xff,
    0xf6, 0x0, 0x0, 0x0, 0x7f, 0xff, 0x90, 0x0,
    0x0, 0x4, 0xff, 0xfc, 0x0, 0x0, 0x0, 0x3f,
    0xff, 0xe0, 0x0, 0x0, 0x2, 0xff, 0xff, 0x0,
    0x0, 0x0, 0x2f, 0xff, 0xf0, 0x0, 0x0, 0x2,
    0xff, 0xff, 0x0, 0x0, 0x0, 0x3f, 0xff, 0xe0,
    0x0, 0x0, 0x4, 0xff, 0xfd, 0x0, 0x0, 0x0,
    0x6f, 0xff, 0xa0, 0x0, 0x0, 0x8, 0xff, 0xf7,
    0x0, 0x0, 0x0, 0xcf, 0xff, 0x30, 0x0, 0x0,
    0x1f, 0xff, 0xd0, 0x0, 0x0, 0x7, 0xff, 0xf8,
    0x0, 0x0, 0x1, 0xff, 0xff, 0x10, 0x0, 0x0,
    0x9f, 0xff, 0x80, 0x0, 0x0, 0x3f, 0xff, 0xe0,
    0x0, 0x0, 0x2e, 0xff, 0xf3, 0x0, 0x0, 0x1d,
    0xff, 0xf5, 0x0, 0x0, 0x0,

    /* U+002A "*" */
    0x0, 0x0, 0x0, 0xe, 0xff, 0xe0, 0x0, 0x0,
    0x0, 0x0, 0x0, 0x0, 0xd, 0xff, 0xe0, 0x0,
    0x0, 0x0, 0x0, 0x0, 0x0, 0xc, 0xff, 0xd0,
    0x0, 0x0, 0x0, 0x0, 0x50, 0x0, 0xc, 0xff,
    0xc0, 0x0, 0x5, 0x0, 0x3, 0xfe, 0x81, 0xb,
    0xff, 0xb0, 0x17, 0xef, 0x30, 0x9, 0xff, 0xff,
    0xac, 0xff, 0xda, 0xff, 0xff, 0x90, 0xe, 0xff,
    0xff, 0xff, 0xff, 0xff, 0xff, 0xff, 0xe0, 0x1,
    0x5a, 0xef, 0xff, 0xff, 0xff, 0xff, 0xa5, 0x10,
    0x0, 0x0, 0x4, 0xdf, 0xff, 0xfd, 0x40, 0x0,
    0x0, 0x0, 0x0, 0x5, 0xff, 0xff, 0xff, 0x60,
    0x0, 0x0, 0x0, 0x0, 0x3f, 0xff, 0xdd, 0xff,
    0xf3, 0x0, 0x0, 0x0, 0x1, 0xef, 0xff, 0x33,
    0xff, 0xfe, 0x10, 0x0, 0x0, 0xd, 0xff, 0xf8,
    0x0, 0x8f, 0xff, 0xd0, 0x0, 0x0, 0x1a, 0xff,
    0xd0, 0x0, 0xd, 0xff, 0xa1, 0x0, 0x0, 0x0,
    0x5e, 0x30, 0x0, 0x3, 0xe4, 0x0, 0x0, 0x0,
    0x0, 0x0, 0x0, 0x0, 0x0, 0x0, 0x0, 0x0,

    /* U+002B "+" */
    0x0, 0x0, 0x7, 0x77, 0x70, 0x0, 0x0, 0x0,
    0x0, 0xe, 0xff, 0xe0, 0x0, 0x0, 0x0, 0x0,
    0xe, 0xff, 0xe0, 0x0, 0x0, 0x0, 0x0, 0xe,
    0xff, 0xe0, 0x0, 0x0, 0x0, 0x0, 0xe, 0xff,
    0xe0, 0x0, 0x0, 0x0, 0x0, 0xe, 0xff, 0xe0,
    0x0, 0x0, 0xff, 0xff, 0xff, 0xff, 0xff, 0xff,
    0xff, 0xff, 0xff, 0xff, 0xff, 0xff, 0xff, 0xff,
    0xff, 0xff, 0xff, 0xff, 0xff, 0xff, 0xff, 0x88,
    0x88, 0x8f, 0xff, 0xf8, 0x88, 0x88, 0x0, 0x0,
    0xe, 0xff, 0xe0, 0x0, 0x0, 0x0, 0x0, 0xe,
    0xff, 0xe0, 0x0, 0x0, 0x0, 0x0, 0xe, 0xff,
    0xe0, 0x0, 0x0, 0x0, 0x0, 0xe, 0xff, 0xe0,
    0x0, 0x0, 0x0, 0x0, 0xe, 0xff, 0xe0, 0x0,
    0x0,

    /* U+002C "," */
    0x0, 0x35, 0x40, 0x0, 0x7f, 0xff, 0xb0, 0xe,
    0xff, 0xff, 0x30, 0xff, 0xff, 0xf4, 0xc, 0xff,
    0xff, 0x20, 0x2b, 0xff, 0xf0, 0x0, 0x3f, 0xfa,
    0x0, 0xc, 0xff, 0x30, 0x8, 0xff, 0x80, 0x6,
    0xff, 0x90, 0x0,

    /* U+002D "-" */
    0x14, 0x44, 0x44, 0x44, 0x42, 0x6f, 0xff, 0xff,
    0xff, 0xf8, 0x6f, 0xff, 0xff, 0xff, 0xf8, 0x6f,
    0xff, 0xff, 0xff, 0xf8, 0x6f, 0xff, 0xff, 0xff,
    0xf8,

    /* U+002E "." */
    0x2, 0x53, 0x0, 0x6f, 0xff, 0xb0, 0xef, 0xff,
    0xf3, 0xff, 0xff, 0xf4, 0xcf, 0xff, 0xf1, 0x2c,
    0xfd, 0x50,

    /* U+002F "/" */
    0x0, 0x0, 0x0, 0x0, 0x2f, 0xff, 0x80, 0x0,
    0x0, 0x0, 0x7, 0xff, 0xf2, 0x0, 0x0, 0x0,
    0x0, 0xdf, 0xfd, 0x0, 0x0, 0x0, 0x0, 0x2f,
    0xff, 0x80, 0x0, 0x0, 0x0, 0x7, 0xff, 0xf2,
    0x0, 0x0, 0x0, 0x0, 0xdf, 0xfd, 0x0, 0x0,
    0x0, 0x0, 0x2f, 0xff, 0x70, 0x0, 0x0, 0x0,
    0x8, 0xff, 0xf2, 0x0, 0x0, 0x0, 0x0, 0xdf,
    0xfd, 0x0, 0x0, 0x0, 0x0, 0x2f, 0xff, 0x70,
    0x0, 0x0, 0x0, 0x8, 0xff, 0xf2, 0x0, 0x0,
    0x0, 0x0, 0xdf, 0xfc, 0x0, 0x0, 0x0, 0x0,
    0x3f, 0xff, 0x70, 0x0, 0x0, 0x0, 0x8, 0xff,
    0xf2, 0x0, 0x0, 0x0, 0x0, 0xdf, 0xfc, 0x0,
    0x0, 0x0, 0x0, 0x3f, 0xff, 0x70, 0x0, 0x0,
    0x0, 0x8, 0xff, 0xf2, 0x0, 0x0, 0x0, 0x0,
    0xdf, 0xfc, 0x0, 0x0, 0x0, 0x0, 0x3f, 0xff,
    0x70, 0x0, 0x0, 0x0, 0x8, 0xff, 0xf1, 0x0,
    0x0, 0x0, 0x0, 0xef, 0xfc, 0x0, 0x0, 0x0,
    0x0, 0x3f, 0xff, 0x60, 0x0, 0x0, 0x0, 0x8,
    0xff, 0xf1, 0x0, 0x0, 0x0, 0x0, 0xef, 0xfc,
    0x0, 0x0, 0x0, 0x0, 0x3f, 0xff, 0x60, 0x0,
    0x0, 0x0, 0x9, 0xff, 0xf1, 0x0, 0x0, 0x0,
    0x0, 0x68, 0x86, 0x0, 0x0, 0x0, 0x0, 0x0,

    /* U+0030 "0" */
    0x0, 0x0, 0x4, 0xad, 0xff, 0xda, 0x40, 0x0,
    0x0, 0x0, 0x1, 0xbf, 0xff, 0xff, 0xff, 0xfb,
    0x10, 0x0, 0x0, 0xc, 0xff, 0xff, 0xff, 0xff,
    0xff, 0xc0, 0x0, 0x0, 0x8f, 0xff, 0xff, 0xdd,
    0xff, 0xff, 0xf7, 0x0, 0x0, 0xff, 0xff, 0xd2,
    0x0, 0x2d, 0xff, 0xff, 0x0, 0x6, 0xff, 0xff,
    0x40, 0x0, 0x5, 0xff, 0xff, 0x50, 0xa, 0xff,
    0xff, 0x0, 0x0, 0x0, 0xff, 0xff, 0xa0, 0xd,
    0xff, 0xfd, 0x0, 0x0, 0x0, 0xdf, 0xff, 0xd0,
    0xf, 0xff, 0xfd, 0x0, 0x0, 0x0, 0xdf, 0xff,
    0xf0, 0xf, 0xff, 0xfd, 0x0, 0x0, 0x0, 0xdf,
    0xff, 0xf0, 0xf, 0xff, 0xfd, 0x0, 0x0, 0x0,
    0xdf, 0xff, 0xf0, 0xf, 0xff, 0xfd, 0x0, 0x0,
    0x0, 0xdf, 0xff, 0xf0, 0xf, 0xff, 0xfd, 0x0,
    0x0, 0x0, 0xdf, 0xff, 0xf0, 0xd, 0xff, 0xfd,
    0x0, 0x0, 0x0, 0xdf, 0xff, 0xd0, 0xa, 0xff,
    0xff, 0x0, 0x0, 0x0, 0xff, 0xff, 0xa0, 0x6,
    0xff, 0xff, 0x40, 0x0, 0x5, 0xff, 0xff, 0x50,
    0x1, 0xff, 0xff, 0xd2, 0x0, 0x2d, 0xff, 0xff,
    0x0, 0x0, 0x8f, 0xff, 0xff, 0xdd, 0xff, 0xff,
    0xf8, 0x0, 0x0, 0xc, 0xff, 0xff, 0xff, 0xff,
    0xff, 0xc0, 0x0, 0x0, 0x1, 0xbf, 0xff, 0xff,
    0xff, 0xfb, 0x10, 0x0, 0x0, 0x0, 0x4, 0xad,
    0xff, 0xda, 0x40, 0x0, 0x0,

    /* U+0031 "1" */
    0x0, 0x0, 0x5f, 0xff, 0xff, 0xff, 0x0, 0x0,
    0x0, 0x0, 0x2f, 0xff, 0xff, 0xff, 0xf0, 0x0,
    0x0, 0x0, 0xc, 0xff, 0xff, 0xff, 0xff, 0x0,
    0x0, 0x0, 0x9, 0xff, 0xfe, 0xaf, 0xff, 0xf0,
    0x0, 0x0, 0x5, 0xff, 0xff, 0x48, 0xff, 0xff,
    0x0, 0x0, 0x2, 0xff, 0xff, 0x70, 0x8f, 0xff,
    0xf0, 0x0, 0x0, 0xbf, 0xff, 0xb0, 0x8, 0xff,
    0xff, 0x0, 0x0, 0x1, 0xbf, 0xe1, 0x0, 0x8f,
    0xff, 0xf0, 0x0, 0x0, 0x0, 0x83, 0x0, 0x8,
    0xff, 0xff, 0x0, 0x0, 0x0, 0x0, 0x0, 0x0,
    0x8f, 0xff, 0xf0, 0x0, 0x0, 0x0, 0x0, 0x0,
    0x8, 0xff, 0xff, 0x0, 0x0, 0x0, 0x0, 0x0,
    0x0, 0x8f, 0xff, 0xf0, 0x0, 0x0, 0x0, 0x0,
    0x0, 0x8, 0xff, 0xff, 0x0, 0x0, 0x0, 0x0,
    0x0, 0x0, 0x8f, 0xff, 0xf0, 0x0, 0x0, 0x0,
    0x0, 0x0, 0x8, 0xff, 0xff, 0x0, 0x0, 0x0,
    0x0, 0x0, 0x0, 0x8f, 0xff, 0xf0, 0x0, 0x0,
    0x0, 0x0, 0x0, 0x8, 0xff, 0xff, 0x0, 0x0,
    0x0, 0x19, 0x99, 0x99, 0xdf, 0xff, 0xf9, 0x99,
    0x93, 0x3, 0xff, 0xff, 0xff, 0xff, 0xff, 0xff,
    0xff, 0x60, 0x3f, 0xff, 0xff, 0xff, 0xff, 0xff,
    0xff, 0xf6, 0x3, 0xff, 0xff, 0xff, 0xff, 0xff,
    0xff, 0xff, 0x60,

    /* U+0032 "2" */
    0x0, 0x0, 0x5a, 0xef, 0xfd, 0xa4, 0x0, 0x0,
    0x0, 0x3d, 0xff, 0xff, 0xff, 0xff, 0xc1, 0x0,
    0x3, 0xff, 0xff, 0xff, 0xff, 0xff, 0xfd, 0x0,
    0xd, 0xff, 0xff, 0xfe, 0xff, 0xff, 0xff, 0x70,
    0x6f, 0xff, 0xf9, 0x10, 0x19, 0xff, 0xff, 0xd0,
    0x4c, 0xff, 0xb0, 0x0, 0x0, 0xdf, 0xff, 0xf0,
    0x0, 0x28, 0x30, 0x0, 0x0, 0xbf, 0xff, 0xf1,
    0x0, 0x0, 0x0, 0x0, 0x0, 0xcf, 0xff, 0xf0,
    0x0, 0x0, 0x0, 0x0, 0x2, 0xff, 0xff, 0xa0,
    0x0, 0x0, 0x0, 0x0, 0xc, 0xff, 0xff, 0x30,
    0x0, 0x0, 0x0, 0x0, 0xbf, 0xff, 0xf8, 0x0,
    0x0, 0x0, 0x0, 0x1c, 0xff, 0xff, 0xa0, 0x0,
    0x0, 0x0, 0x2, 0xdf, 0xff, 0xf9, 0x0, 0x0,
    0x0, 0x0, 0x4f, 0xff, 0xff, 0x70, 0x0, 0x0,
    0x0, 0x6, 0xff, 0xff, 0xe4, 0x0, 0x0, 0x0,
    0x0, 0x9f, 0xff, 0xfc, 0x10, 0x0, 0x0, 0x0,
    0xb, 0xff, 0xff, 0x90, 0x0, 0x0, 0x0, 0x0,
    0x4f, 0xff, 0xff, 0xcc, 0xcc, 0xcc, 0xcc, 0xc6,
    0x4f, 0xff, 0xff, 0xff, 0xff, 0xff, 0xff, 0xf8,
    0x4f, 0xff, 0xff, 0xff, 0xff, 0xff, 0xff, 0xf8,
    0x4f, 0xff, 0xff, 0xff, 0xff, 0xff, 0xff, 0xf8,

    /* U+0033 "3" */
    0x0, 0x0, 0x39, 0xdf, 0xfe, 0xc9, 0x30, 0x0,
    0x0, 0x1, 0xaf, 0xff, 0xff, 0xff, 0xff, 0xb1,
    0x0, 0x1, 0xdf, 0xff, 0xff, 0xff, 0xff, 0xff,
    0xd0, 0x0, 0x8f, 0xff, 0xff, 0xba, 0xdf, 0xff,
    0xff, 0x70, 0x0, 0x9f, 0xf7, 0x0, 0x0, 0x8f,
    0xff, 0xfb, 0x0, 0x0, 0x64, 0x0, 0x0, 0x0,
    0xff, 0xff, 0xc0, 0x0, 0x0, 0x0, 0x0, 0x0,
    0x1f, 0xff, 0xf9, 0x0, 0x0, 0x0, 0x0, 0x0,
    0x3c, 0xff, 0xff, 0x20, 0x0, 0x0, 0x1, 0xff,
    0xff, 0xff, 0xfe, 0x40, 0x0, 0x0, 0x0, 0x1f,
    0xff, 0xff, 0xf6, 0x10, 0x0, 0x0, 0x0, 0x1,
    0xff, 0xff, 0xff, 0xf9, 0x0, 0x0, 0x0, 0x0,
    0x1b, 0xbd, 0xff, 0xff, 0xfd, 0x10, 0x0, 0x0,
    0x0, 0x0, 0x0, 0x7f, 0xff, 0xfa, 0x0, 0x0,
    0x0, 0x0, 0x0, 0x0, 0xbf, 0xff, 0xf0, 0x0,
    0x4, 0x0, 0x0, 0x0, 0x9, 0xff, 0xff, 0x20,
    0x9, 0xf8, 0x0, 0x0, 0x0, 0xcf, 0xff, 0xf1,
    0x1c, 0xff, 0xf8, 0x0, 0x0, 0x6f, 0xff, 0xfe,
    0x2, 0xff, 0xff, 0xfe, 0xba, 0xdf, 0xff, 0xff,
    0x70, 0x5, 0xff, 0xff, 0xff, 0xff, 0xff, 0xff,
    0xc0, 0x0, 0x3, 0xef, 0xff, 0xff, 0xff, 0xff,
    0xa0, 0x0, 0x0, 0x0, 0x5a, 0xdf, 0xfe, 0xc8,
    0x20, 0x0, 0x0,

    /* U+0034 "4" */
    0x0, 0x0, 0x0, 0x0, 0x4f, 0xff, 0xff, 0x60,
    0x0, 0x0, 0x0, 0x0, 0x0, 0xdf, 0xff, 0xff,
    0x60, 0x0, 0x0, 0x0, 0x0, 0x7, 0xff, 0xff,
    0xff, 0x60, 0x0, 0x0, 0x0, 0x0, 0x2f, 0xff,
    0xff, 0xff, 0x60, 0x0, 0x0, 0x0, 0x0, 0xbf,
    0xfe, 0xff, 0xff, 0x60, 0x0, 0x0, 0x0, 0x5,
    0xff, 0xf4, 0xef, 0xff, 0x60, 0x0, 0x0, 0x0,
    0xe, 0xff, 0xb0, 0xef, 0xff, 0x60, 0x0, 0x0,
    0x0, 0x9f, 0xff, 0x20, 0xef, 0xff, 0x60, 0x0,
    0x0, 0x3, 0xff, 0xf8, 0x0, 0xef, 0xff, 0x60,
    0x0, 0x0, 0xc, 0xff, 0xd0, 0x0, 0xef, 0xff,
    0x60, 0x0, 0x0, 0x6f, 0xff, 0x50, 0x0, 0xef,
    0xff, 0x60, 0x0, 0x1, 0xff, 0xfb, 0x0, 0x0,
    0xef, 0xff, 0x60, 0x0, 0xa, 0xff, 0xf2, 0x0,
    0x0, 0xef, 0xff, 0x60, 0x0, 0x1f, 0xff, 0xd7,
    0x77, 0x77, 0xff, 0xff, 0xa7, 0x70, 0x1f, 0xff,
    0xff, 0xff, 0xff, 0xff, 0xff, 0xff, 0xf0, 0x1f,
    0xff, 0xff, 0xff, 0xff, 0xff, 0xff, 0xff, 0xf0,
    0x1f, 0xff, 0xff, 0xff, 0xff, 0xff, 0xff, 0xff,
    0xf0, 0x0, 0x0, 0x0, 0x0, 0x0, 0xef, 0xff,
    0x60, 0x0, 0x0, 0x0, 0x0, 0x0, 0x0, 0xef,
    0xff, 0x60, 0x0, 0x0, 0x0, 0x0, 0x0, 0x0,
    0xef, 0xff, 0x60, 0x0, 0x0, 0x0, 0x0, 0x0,
    0x0, 0xef, 0xff, 0x60, 0x0,

    /* U+0035 "5" */
    0x3, 0xff, 0xff, 0xff, 0xff, 0xff, 0xff, 0xa0,
    0x4, 0xff, 0xff, 0xff, 0xff, 0xff, 0xff, 0xa0,
    0x5, 0xff, 0xff, 0xff, 0xff, 0xff, 0xff, 0xa0,
    0x6, 0xff, 0xfe, 0xee, 0xee, 0xee, 0xee, 0x90,
    0x7, 0xff, 0xf1, 0x0, 0x0, 0x0, 0x0, 0x0,
    0x8, 0xff, 0xf0, 0x0, 0x0, 0x0, 0x0, 0x0,
    0x9, 0xff, 0xf0, 0x0, 0x0, 0x0, 0x0, 0x0,
    0xa, 0xff, 0xe0, 0x1a, 0xef, 0xea, 0x40, 0x0,
    0xb, 0xff, 0xd1, 0xef, 0xff, 0xff, 0xfa, 0x0,
    0xc, 0xff, 0xca, 0xff, 0xff, 0xff, 0xff, 0x90,
    0xd, 0xff, 0xef, 0xea, 0xbe, 0xff, 0xff, 0xf3,
    0x9, 0xce, 0xf7, 0x0, 0x0, 0xbf, 0xff, 0xf9,
    0x0, 0x0, 0x0, 0x0, 0x0, 0x1f, 0xff, 0xfc,
    0x0, 0x0, 0x0, 0x0, 0x0, 0xe, 0xff, 0xfd,
    0x0, 0x5, 0x0, 0x0, 0x0, 0xe, 0xff, 0xfd,
    0x0, 0xaf, 0x60, 0x0, 0x0, 0x2f, 0xff, 0xfa,
    0x2d, 0xff, 0xf6, 0x0, 0x1, 0xcf, 0xff, 0xf5,
    0x4f, 0xff, 0xff, 0xdb, 0xbf, 0xff, 0xff, 0xd0,
    0x7, 0xff, 0xff, 0xff, 0xff, 0xff, 0xff, 0x30,
    0x0, 0x5e, 0xff, 0xff, 0xff, 0xff, 0xd2, 0x0,
    0x0, 0x0, 0x6b, 0xef, 0xfd, 0xa5, 0x0, 0x0,

    /* U+0036 "6" */
    0x0, 0x0, 0x0, 0x2c, 0xff, 0xff, 0xe5, 0x0,
    0x0, 0x0, 0x3, 0xef, 0xff, 0xfc, 0x10, 0x0,
    0x0, 0x0, 0x4f, 0xff, 0xff, 0x80, 0x0, 0x0,
    0x0, 0x2, 0xff, 0xff, 0xf5, 0x0, 0x0, 0x0,
    0x0, 0xd, 0xff, 0xff, 0x40, 0x0, 0x0, 0x0,
    0x0, 0x8f, 0xff, 0xf5, 0x0, 0x0, 0x0, 0x0,
    0x1, 0xff, 0xff, 0x90, 0x0, 0x0, 0x0, 0x0,
    0x9, 0xff, 0xfe, 0x6, 0xdf, 0xfc, 0x60, 0x0,
    0xe, 0xff, 0xf7, 0xaf, 0xff, 0xff, 0xfc, 0x10,
    0x4f, 0xff, 0xf8, 0xff, 0xff, 0xff, 0xff, 0xc0,
    0x8f, 0xff, 0xff, 0xd8, 0x7b, 0xff, 0xff, 0xf5,
    0xaf, 0xff, 0xfa, 0x0, 0x0, 0x7f, 0xff, 0xfb,
    0xbf, 0xff, 0xf2, 0x0, 0x0, 0xe, 0xff, 0xfe,
    0xaf, 0xff, 0xf0, 0x0, 0x0, 0xb, 0xff, 0xff,
    0x9f, 0xff, 0xf0, 0x0, 0x0, 0xb, 0xff, 0xfe,
    0x6f, 0xff, 0xf2, 0x0, 0x0, 0xe, 0xff, 0xfb,
    0x1f, 0xff, 0xfb, 0x0, 0x0, 0x7f, 0xff, 0xf6,
    0x9, 0xff, 0xff, 0xd9, 0x8c, 0xff, 0xff, 0xe0,
    0x0, 0xdf, 0xff, 0xff, 0xff, 0xff, 0xff, 0x30,
    0x0, 0x1b, 0xff, 0xff, 0xff, 0xff, 0xd3, 0x0,
    0x0, 0x0, 0x4a, 0xdf, 0xfe, 0xa5, 0x0, 0x0,

    /* U+0037 "7" */
    0x5f, 0xff, 0xff, 0xff, 0xff, 0xff, 0xff, 0xf7,
    0x5f, 0xff, 0xff, 0xff, 0xff, 0xff, 0xff, 0xf7,
    0x5f, 0xff, 0xff, 0xff, 0xff, 0xff, 0xff, 0xf7,
    0x5f, 0xff, 0xca, 0xaa, 0xaa, 0xaf, 0xff, 0xf7,
    0x5f, 0xff, 0x70, 0x0, 0x0, 0x5f, 0xff, 0xf3,
    0x5f, 0xff, 0x70, 0x0, 0x0, 0xcf, 0xff, 0xd0,
    0x5f, 0xff, 0x70, 0x0, 0x2, 0xff, 0xff, 0x60,
    0x27, 0x77, 0x30, 0x0, 0x9, 0xff, 0xff, 0x10,
    0x0, 0x0, 0x0, 0x0, 0xe, 0xff, 0xfa, 0x0,
    0x0, 0x0, 0x0, 0x0, 0x5f, 0xff, 0xf3, 0x0,
    0x0, 0x0, 0x0, 0x0, 0xcf, 0xff, 0xd0, 0x0,
    0x0, 0x0, 0x0, 0x2, 0xff, 0xff, 0x70, 0x0,
    0x0, 0x0, 0x0, 0x9, 0xff, 0xff, 0x10, 0x0,
    0x0, 0x0, 0x0, 0xf, 0xff, 0xfa, 0x0, 0x0,
    0x0, 0x0, 0x0, 0x6f, 0xff, 0xf4, 0x0, 0x0,
    0x0, 0x0, 0x0, 0xcf, 0xff, 0xe0, 0x0, 0x0,
    0x0, 0x0, 0x3, 0xff, 0xff, 0x70, 0x0, 0x0,
    0x0, 0x0, 0x9, 0xff, 0xff, 0x10, 0x0, 0x0,
    0x0, 0x0, 0xf, 0xff, 0xfb, 0x0, 0x0, 0x0,
    0x0, 0x0, 0x6f, 0xff, 0xf4, 0x0, 0x0, 0x0,
    0x0, 0x0, 0xdf, 0xff, 0xe0, 0x0, 0x0, 0x0,

    /* U+0038 "8" */
    0x0, 0x1, 0x6b, 0xef, 0xfe, 0xb6, 0x10, 0x0,
    0x0, 0x5e, 0xff, 0xff, 0xff, 0xff, 0xe4, 0x0,
    0x4, 0xff, 0xff, 0xff, 0xff, 0xff, 0xff, 0x30,
    0xc, 0xff, 0xff, 0xb7, 0x7b, 0xff, 0xff, 0xc0,
    0x1f, 0xff, 0xf8, 0x0, 0x0, 0x8f, 0xff, 0xf1,
    0x2f, 0xff, 0xf2, 0x0, 0x0, 0x2f, 0xff, 0xf2,
    0xf, 0xff, 0xf1, 0x0, 0x0, 0x1f, 0xff, 0xf0,
    0xa, 0xff, 0xf6, 0x0, 0x0, 0x6f, 0xff, 0xa0,
    0x1, 0xdf, 0xff, 0x95, 0x59, 0xff, 0xfd, 0x10,
    0x0, 0x19, 0xff, 0xff, 0xff, 0xff, 0x91, 0x0,
    0x0, 0x16, 0xef, 0xff, 0xff, 0xfe, 0x61, 0x0,
    0x3, 0xef, 0xff, 0xff, 0xff, 0xff, 0xfe, 0x30,
    0x1f, 0xff, 0xfd, 0x41, 0x14, 0xdf, 0xff, 0xf1,
    0x8f, 0xff, 0xf2, 0x0, 0x0, 0x2f, 0xff, 0xf8,
    0xbf, 0xff, 0xe0, 0x0, 0x0, 0xe, 0xff, 0xfb,
    0xcf, 0xff, 0xf0, 0x0, 0x0, 0xf, 0xff, 0xfc,
    0x9f, 0xff, 0xf6, 0x0, 0x0, 0x6f, 0xff, 0xf9,
    0x3f, 0xff, 0xff, 0xb7, 0x7b, 0xff, 0xff, 0xf3,
    0x9, 0xff, 0xff, 0xff, 0xff, 0xff, 0xff, 0x80,
    0x0, 0x7f, 0xff, 0xff, 0xff, 0xff, 0xf7, 0x0,
    0x0, 0x1, 0x7b, 0xef, 0xfe, 0xb7, 0x10, 0x0,

    /* U+0039 "9" */
    0x0, 0x0, 0x6b, 0xef, 0xfd, 0x94, 0x0, 0x0,
    0x0, 0x4e, 0xff, 0xff, 0xff, 0xff, 0xb1, 0x0,
    0x4, 0xff, 0xff, 0xff, 0xff, 0xff, 0xfd, 0x0,
    0x1f, 0xff, 0xff, 0xb8, 0x9d, 0xff, 0xff, 0x90,
    0x8f, 0xff, 0xf6, 0x0, 0x0, 0xaf, 0xff, 0xf1,
    0xcf, 0xff, 0xd0, 0x0, 0x0, 0x1f, 0xff, 0xf5,
    0xef, 0xff, 0xb0, 0x0, 0x0, 0xf, 0xff, 0xf9,
    0xff, 0xff, 0xc0, 0x0, 0x0, 0xf, 0xff, 0xfa,
    0xdf, 0xff, 0xf1, 0x0, 0x0, 0x5f, 0xff, 0xfb,
    0x9f, 0xff, 0xfd, 0x40, 0x15, 0xef, 0xff, 0xfa,
    0x2f, 0xff, 0xff, 0xff, 0xff, 0xbf, 0xff, 0xf8,
    0x6, 0xff, 0xff, 0xff, 0xfe, 0x6f, 0xff, 0xf4,
    0x0, 0x4d, 0xff, 0xff, 0xc2, 0xaf, 0xff, 0xe0,
    0x0, 0x0, 0x35, 0x63, 0x3, 0xff, 0xff, 0x90,
    0x0, 0x0, 0x0, 0x0, 0xc, 0xff, 0xff, 0x20,
    0x0, 0x0, 0x0, 0x0, 0x9f, 0xff, 0xf8, 0x0,
    0x0, 0x0, 0x0, 0x8, 0xff, 0xff, 0xd0, 0x0,
    0x0, 0x0, 0x0, 0x8f, 0xff, 0xff, 0x20, 0x0,
    0x0, 0x0, 0xa, 0xff, 0xff, 0xf3, 0x0, 0x0,
    0x0, 0x2, 0xdf, 0xff, 0xfe, 0x30, 0x0, 0x0,
    0x0, 0x5f, 0xff, 0xff, 0xc2, 0x0, 0x0, 0x0,

    /* U+003A ":" */
    0xa, 0xee, 0x90, 0x7f, 0xff, 0xf6, 0xaf, 0xff,
    0xf9, 0x9f, 0xff, 0xf8, 0x2e, 0xff, 0xe1, 0x1,
    0x44, 0x0, 0x0, 0x0, 0x0, 0x0, 0x0, 0x0,
    0x0, 0x0, 0x0, 0x0, 0x0, 0x0, 0x1, 0x44,
    0x0, 0x2e, 0xff, 0xe1, 0x9f, 0xff, 0xf8, 0xaf,
    0xff, 0xf9, 0x7f, 0xff, 0xf6, 0xa, 0xee, 0x90,

    /* U+003B ";" */
    0x0, 0xae, 0xe9, 0x0, 0x7f, 0xff, 0xf6, 0xa,
    0xff, 0xff, 0x90, 0x9f, 0xff, 0xf8, 0x2, 0xef,
    0xfe, 0x10, 0x1, 0x44, 0x0, 0x0, 0x0, 0x0,
    0x0, 0x0, 0x0, 0x0, 0x0, 0x0, 0x0, 0x0,
    0x0, 0x0, 0x0, 0x0, 0x0, 0x0, 0x0, 0xa,
    0xee, 0x90, 0x7, 0xff, 0xff, 0x60, 0xaf, 0xff,
    0xf9, 0x9, 0xff, 0xff, 0x80, 0x2e, 0xff, 0xf6,
    0x0, 0xd, 0xff, 0x10, 0x3, 0xff, 0xb0, 0x0,
    0xdf, 0xf2, 0x0, 0xbf, 0xf5, 0x0, 0x26, 0x63,
    0x0, 0x0,

    /* U+003C "<" */
    0x0, 0x0, 0x0, 0x0, 0x0, 0x2a, 0x0, 0x0,
    0x0, 0x0, 0x6, 0xfe, 0x0, 0x0, 0x0, 0x2,
    0xcf, 0xfe, 0x0, 0x0, 0x0, 0x7f, 0xff, 0xfe,
    0x0, 0x0, 0x2c, 0xff, 0xff, 0xfa, 0x0, 0x8,
    0xff, 0xff, 0xfe, 0x50, 0x3, 0xdf, 0xff, 0xff,
    0x90, 0x0, 0x8f, 0xff, 0xff, 0xc3, 0x0, 0x0,
    0xef, 0xff, 0xf7, 0x0, 0x0, 0x0, 0xef, 0xff,
    0xf6, 0x0, 0x0, 0x0, 0x8f, 0xff, 0xff, 0xc2,
    0x0, 0x0, 0x3, 0xdf, 0xff, 0xff, 0x80, 0x0,
    0x0, 0x8, 0xff, 0xff, 0xfd, 0x40, 0x0, 0x0,
    0x3d, 0xff, 0xff, 0xf9, 0x0, 0x0, 0x0, 0x8f,
    0xff, 0xfe, 0x0, 0x0, 0x0, 0x3, 0xcf, 0xfe,
    0x0, 0x0, 0x0, 0x0, 0x7, 0xfe, 0x0, 0x0,
    0x0, 0x0, 0x0, 0x2b, 0x0, 0x0, 0x0, 0x0,
    0x0, 0x0,

    /* U+003D "=" */
    0x88, 0x88, 0x88, 0x88, 0x88, 0x88, 0x88, 0xff,
    0xff, 0xff, 0xff, 0xff, 0xff, 0xff, 0xff, 0xff,
    0xff, 0xff, 0xff, 0xff, 0xff, 0xff, 0xff, 0xff,
    0xff, 0xff, 0xff, 0xff, 0x0, 0x0, 0x0, 0x0,
    0x0, 0x0, 0x0, 0x0, 0x0, 0x0, 0x0, 0x0,
    0x0, 0x0, 0x0, 0x0, 0x0, 0x0, 0x0, 0x0,
    0x0, 0x88, 0x88, 0x88, 0x88, 0x88, 0x88, 0x88,
    0xff, 0xff, 0xff, 0xff, 0xff, 0xff, 0xff, 0xff,
    0xff, 0xff, 0xff, 0xff, 0xff, 0xff, 0xff, 0xff,
    0xff, 0xff, 0xff, 0xff, 0xff,

    /* U+003E ">" */
    0xa2, 0x0, 0x0, 0x0, 0x0, 0x0, 0xef, 0x60,
    0x0, 0x0, 0x0, 0x0, 0xef, 0xfc, 0x20, 0x0,
    0x0, 0x0, 0xef, 0xff, 0xf7, 0x0, 0x0, 0x0,
    0xaf, 0xff, 0xff, 0xc3, 0x0, 0x0, 0x5, 0xef,
    0xff, 0xff, 0x80, 0x0, 0x0, 0x9, 0xff, 0xff,
    0xfd, 0x30, 0x0, 0x0, 0x3c, 0xff, 0xff, 0xf8,
    0x0, 0x0, 0x0, 0x7f, 0xff, 0xfe, 0x0, 0x0,
    0x0, 0x6f, 0xff, 0xfe, 0x0, 0x0, 0x2c, 0xff,
    0xff, 0xf8, 0x0, 0x8, 0xff, 0xff, 0xfd, 0x30,
    0x4, 0xdf, 0xff, 0xff, 0x80, 0x0, 0x9f, 0xff,
    0xff, 0xd3, 0x0, 0x0, 0xef, 0xff, 0xf8, 0x0,
    0x0, 0x0, 0xef, 0xfc, 0x20, 0x0, 0x0, 0x0,
    0xef, 0x70, 0x0, 0x0, 0x0, 0x0, 0xb2, 0x0,
    0x0, 0x0, 0x0, 0x0, 0x0, 0x0, 0x0, 0x0,
    0x0, 0x0,

    /* U+003F "?" */
    0x0, 0x2, 0x9d, 0xff, 0xeb, 0x60, 0x0, 0x0,
    0x7, 0xff, 0xff, 0xff, 0xff, 0xd3, 0x0, 0x7,
    0xff, 0xff, 0xff, 0xff, 0xff, 0xe2, 0x1, 0xff,
    0xff, 0xfd, 0xdf, 0xff, 0xff, 0xa0, 0x5f, 0xff,
    0xe2, 0x0, 0x2e, 0xff, 0xff, 0x0, 0x16, 0xc4,
    0x0, 0x0, 0x9f, 0xff, 0xf2, 0x0, 0x0, 0x0,
    0x0, 0x8, 0xff, 0xff, 0x10, 0x0, 0x0, 0x0,
    0x0, 0xdf, 0xff, 0xe0, 0x0, 0x0, 0x0, 0x15,
    0xcf, 0xff, 0xf7, 0x0, 0x0, 0x4, 0xff, 0xff,
    0xff, 0xfb, 0x0, 0x0, 0x0, 0x4f, 0xff, 0xff,
    0xf8, 0x0, 0x0, 0x0, 0x4, 0xff, 0xff, 0x50,
    0x0, 0x0, 0x0, 0x0, 0x4f, 0xff, 0xf0, 0x0,
    0x0, 0x0, 0x0, 0x2, 0x99, 0x98, 0x0, 0x0,
    0x0, 0x0, 0x0, 0x0, 0x0, 0x0, 0x0, 0x0,
    0x0, 0x0, 0x0, 0x3, 0x20, 0x0, 0x0, 0x0,
    0x0, 0x0, 0x3e, 0xff, 0xd1, 0x0, 0x0, 0x0,
    0x0, 0xa, 0xff, 0xff, 0x70, 0x0, 0x0, 0x0,
    0x0, 0xcf, 0xff, 0xf8, 0x0, 0x0, 0x0, 0x0,
    0x9, 0xff, 0xff, 0x60, 0x0, 0x0, 0x0, 0x0,
    0x1b, 0xfe, 0x90, 0x0, 0x0, 0x0,

    /* U+0040 "@" */
    0x0, 0x0, 0x0, 0x0, 0x48, 0xce, 0xff, 0xdb,
    0x73, 0x0, 0x0, 0x0, 0x0, 0x0, 0x0, 0x5,
    0xdf, 0xff, 0xff, 0xff, 0xff, 0xfc, 0x40, 0x0,
    0x0, 0x0, 0x0, 0xb, 0xff, 0xff, 0xdb, 0xaa,
    0xbe, 0xff, 0xff, 0x80, 0x0, 0x0, 0x0, 0x1d,
    0xff, 0xf9, 0x20, 0x0, 0x0, 0x3, 0xaf, 0xff,
    0x90, 0x0, 0x0, 0xb, 0xff, 0xd2, 0x0, 0x0,
    0x0, 0x0, 0x0, 0x4e, 0xff, 0x70, 0x0, 0x6,
    0xff, 0xd0, 0x0, 0x0, 0x0, 0x0, 0x0, 0x0,
    0x3f, 0xff, 0x10, 0x0, 0xdf, 0xf2, 0x0, 0x3,
    0x9a, 0x81, 0x27, 0x77, 0x0, 0x8f, 0xf8, 0x0,
    0x5f, 0xf9, 0x0, 0x8, 0xff, 0xff, 0xd6, 0xff,
    0xf0, 0x0, 0xff, 0xd0, 0x9, 0xff, 0x20, 0x4,
    0xff, 0xff, 0xff, 0xdf, 0xff, 0x0, 0xb, 0xff,
    0x10, 0xef, 0xe0, 0x0, 0xcf, 0xff, 0x50, 0x3d,
    0xff, 0xf0, 0x0, 0x8f, 0xf3, 0xf, 0xfb, 0x0,
    0xf, 0xff, 0x70, 0x0, 0x6f, 0xff, 0x0, 0x6,
    0xff, 0x51, 0xff, 0xa0, 0x2, 0xff, 0xf4, 0x0,
    0x5, 0xff, 0xf0, 0x0, 0x6f, 0xf5, 0x2f, 0xfa,
    0x0, 0x3f, 0xff, 0x40, 0x0, 0x5f, 0xff, 0x0,
    0x7, 0xff, 0x41, 0xff, 0xa0, 0x2, 0xff, 0xf4,
    0x0, 0x5, 0xff, 0xf0, 0x0, 0x9f, 0xf2, 0xf,
    0xfc, 0x0, 0xf, 0xff, 0x70, 0x0, 0x7f, 0xff,
    0x0, 0xd, 0xfe, 0x0, 0xdf, 0xe0, 0x0, 0xbf,
    0xff, 0x50, 0x4e, 0xff, 0xf5, 0x8, 0xff, 0x80,
    0x9, 0xff, 0x30, 0x4, 0xff, 0xff, 0xff, 0x9c,
    0xff, 0xff, 0xff, 0xe0, 0x0, 0x4f, 0xfb, 0x0,
    0x6, 0xff, 0xff, 0xe1, 0x3f, 0xff, 0xff, 0xd2,
    0x0, 0x0, 0xdf, 0xf4, 0x0, 0x2, 0x89, 0x71,
    0x0, 0x17, 0x98, 0x50, 0x0, 0x0, 0x4, 0xff,
    0xf3, 0x0, 0x0, 0x0, 0x0, 0x0, 0x0, 0x0,
    0x0, 0x0, 0x0, 0x8, 0xff, 0xf7, 0x0, 0x0,
    0x0, 0x0, 0x0, 0x0, 0x0, 0x0, 0x0, 0x0,
    0xa, 0xff, 0xfe, 0x84, 0x10, 0x0, 0x0, 0x0,
    0x0, 0x0, 0x0, 0x0, 0x0, 0x7, 0xff, 0xff,
    0xff, 0xff, 0xff, 0xff, 0xf2, 0x0, 0x0, 0x0,
    0x0, 0x0, 0x1, 0x9e, 0xff, 0xff, 0xff, 0xff,
    0xff, 0x20, 0x0, 0x0, 0x0, 0x0, 0x0, 0x0,
    0x3, 0x68, 0x9a, 0xaa, 0xaa, 0xa1, 0x0, 0x0,
    0x0,

    /* U+0041 "A" */
    0x0, 0x0, 0x0, 0xa, 0xff, 0xff, 0xf4, 0x0,
    0x0, 0x0, 0x0, 0x0, 0x0, 0xf, 0xff, 0xff,
    0xfa, 0x0, 0x0, 0x0, 0x0, 0x0, 0x0, 0x5f,
    0xff, 0xff, 0xfe, 0x0, 0x0, 0x0, 0x0, 0x0,
    0x0, 0xaf, 0xff, 0xff, 0xff, 0x40, 0x0, 0x0,
    0x0, 0x0, 0x0, 0xff, 0xff, 0xbf, 0xff, 0x90,
    0x0, 0x0, 0x0, 0x0, 0x4, 0xff, 0xfb, 0x5f,
    0xff, 0xe0, 0x0, 0x0, 0x0, 0x0, 0xa, 0xff,
    0xf7, 0x1f, 0xff, 0xf3, 0x0, 0x0, 0x0, 0x0,
    0xf, 0xff, 0xf2, 0xc, 0xff, 0xf9, 0x0, 0x0,
    0x0, 0x0, 0x4f, 0xff, 0xd0, 0x7, 0xff, 0xfe,
    0x0, 0x0, 0x0, 0x0, 0xaf, 0xff, 0x90, 0x3,
    0xff, 0xff, 0x30, 0x0, 0x0, 0x0, 0xef, 0xff,
    0x40, 0x0, 0xef, 0xff, 0x80, 0x0, 0x0, 0x4,
    0xff, 0xff, 0x0, 0x0, 0x9f, 0xff, 0xd0, 0x0,
    0x0, 0x9, 0xff, 0xff, 0xdd, 0xdd, 0xef, 0xff,
    0xf3, 0x0, 0x0, 0xe, 0xff, 0xff, 0xff, 0xff,
    0xff, 0xff, 0xf8, 0x0, 0x0, 0x4f, 0xff, 0xff,
    0xff, 0xff, 0xff, 0xff, 0xfd, 0x0, 0x0, 0x9f,
    0xff, 0xff, 0xff, 0xff, 0xff, 0xff, 0xff, 0x20,
    0x0, 0xef, 0xff, 0x90, 0x0, 0x0, 0x2, 0xff,
    0xff, 0x70, 0x4, 0xff, 0xff, 0x40, 0x0, 0x0,
    0x0, 0xdf, 0xff, 0xd0, 0x9, 0xff, 0xff, 0x0,
    0x0, 0x0, 0x0, 0x8f, 0xff, 0xf2, 0xe, 0xff,
    0xfa, 0x0, 0x0, 0x0, 0x0, 0x3f, 0xff, 0xf7,
    0x3f, 0xff, 0xf5, 0x0, 0x0, 0x0, 0x0, 0xe,
    0xff, 0xfc,

    /* U+0042 "B" */
    0xbf, 0xff, 0xff, 0xff, 0xff, 0xfe, 0xb3, 0x0,
    0xb, 0xff, 0xff, 0xff, 0xff, 0xff, 0xff, 0xf7,
    0x0, 0xbf, 0xff, 0xff, 0xff, 0xff, 0xff, 0xff,
    0xf3, 0xb, 0xff, 0xff, 0xdd, 0xdd, 0xdf, 0xff,
    0xff, 0xa0, 0xbf, 0xff, 0xe0, 0x0, 0x0, 0x3f,
    0xff, 0xfe, 0xb, 0xff, 0xfe, 0x0, 0x0, 0x0,
    0xcf, 0xff, 0xf0, 0xbf, 0xff, 0xe0, 0x0, 0x0,
    0xb, 0xff, 0xfe, 0xb, 0xff, 0xfe, 0x0, 0x0,
    0x0, 0xcf, 0xff, 0xb0, 0xbf, 0xff, 0xe0, 0x0,
    0x0, 0x6f, 0xff, 0xf5, 0xb, 0xff, 0xff, 0xff,
    0xff, 0xff, 0xff, 0xf7, 0x0, 0xbf, 0xff, 0xff,
    0xff, 0xff, 0xff, 0xc5, 0x0, 0xb, 0xff, 0xff,
    0xff, 0xff, 0xff, 0xff, 0xfd, 0x30, 0xbf, 0xff,
    0xfb, 0xbb, 0xbb, 0xcf, 0xff, 0xfe, 0x1b, 0xff,
    0xfe, 0x0, 0x0, 0x0, 0x4f, 0xff, 0xf8, 0xbf,
    0xff, 0xe0, 0x0, 0x0, 0x0, 0xff, 0xff, 0xbb,
    0xff, 0xfe, 0x0, 0x0, 0x0, 0xf, 0xff, 0xfc,
    0xbf, 0xff, 0xe0, 0x0, 0x0, 0x5, 0xff, 0xff,
    0xab, 0xff, 0xff, 0xdd, 0xdd, 0xdd, 0xff, 0xff,
    0xf5, 0xbf, 0xff, 0xff, 0xff, 0xff, 0xff, 0xff,
    0xfd, 0xb, 0xff, 0xff, 0xff, 0xff, 0xff, 0xff,
    0xfe, 0x20, 0xbf, 0xff, 0xff, 0xff, 0xff, 0xff,
    0xd8, 0x10, 0x0,

    /* U+0043 "C" */
    0x0, 0x0, 0x1, 0x7b, 0xef, 0xfd, 0xa5, 0x0,
    0x0, 0x0, 0x0, 0x7f, 0xff, 0xff, 0xff, 0xff,
    0xd2, 0x0, 0x0, 0xa, 0xff, 0xff, 0xff, 0xff,
    0xff, 0xfe, 0x20, 0x0, 0x8f, 0xff, 0xff, 0xff,
    0xff, 0xff, 0xff, 0xd0, 0x2, 0xff, 0xff, 0xf9,
    0x20, 0x15, 0xdf, 0xff, 0xf6, 0x9, 0xff, 0xff,
    0x60, 0x0, 0x0, 0x1e, 0xfd, 0x60, 0xe, 0xff,
    0xfc, 0x0, 0x0, 0x0, 0x6, 0x60, 0x0, 0x2f,
    0xff, 0xf7, 0x0, 0x0, 0x0, 0x0, 0x0, 0x0,
    0x5f, 0xff, 0xf5, 0x0, 0x0, 0x0, 0x0, 0x0,
    0x0, 0x6f, 0xff, 0xf5, 0x0, 0x0, 0x0, 0x0,
    0x0, 0x0, 0x7f, 0xff, 0xf5, 0x0, 0x0, 0x0,
    0x0, 0x0, 0x0, 0x7f, 0xff, 0xf5, 0x0, 0x0,
    0x0, 0x0, 0x0, 0x0, 0x6f, 0xff, 0xf5, 0x0,
    0x0, 0x0, 0x0, 0x0, 0x0, 0x3f, 0xff, 0xf7,
    0x0, 0x0, 0x0, 0x0, 0x0, 0x0, 0xf, 0xff,
    0xfc, 0x0, 0x0, 0x0, 0x5, 0xb2, 0x0, 0xb,
    0xff, 0xff, 0x60, 0x0, 0x0, 0x1e, 0xff, 0x91,
    0x3, 0xff, 0xff, 0xf9, 0x30, 0x26, 0xef, 0xff,
    0xf6, 0x0, 0xaf, 0xff, 0xff, 0xff, 0xff, 0xff,
    0xff, 0xc0, 0x0, 0xc, 0xff, 0xff, 0xff, 0xff,
    0xff, 0xfd, 0x10, 0x0, 0x0, 0x9f, 0xff, 0xff,
    0xff, 0xff, 0xb1, 0x0, 0x0, 0x0, 0x2, 0x8c,
    0xef, 0xfd, 0xa4, 0x0, 0x0,

    /* U+0044 "D" */
    0xbf, 0xff, 0xff, 0xff, 0xfe, 0xb7, 0x10, 0x0,
    0x0, 0xbf, 0xff, 0xff, 0xff, 0xff, 0xff, 0xf8,
    0x0, 0x0, 0xbf, 0xff, 0xff, 0xff, 0xff, 0xff,
    0xff, 0xa0, 0x0, 0xbf, 0xff, 0xff, 0xff, 0xff,
    0xff, 0xff, 0xf8, 0x0, 0xbf, 0xff, 0xe0, 0x0,
    0x2, 0x8f, 0xff, 0xff, 0x20, 0xbf, 0xff, 0xe0,
    0x0, 0x0, 0x5, 0xff, 0xff, 0x90, 0xbf, 0xff,
    0xe0, 0x0, 0x0, 0x0, 0xcf, 0xff, 0xe0, 0xbf,
    0xff, 0xe0, 0x0, 0x0, 0x0, 0x8f, 0xff, 0xf1,
    0xbf, 0xff, 0xe0, 0x0, 0x0, 0x0, 0x7f, 0xff,
    0xf4, 0xbf, 0xff, 0xe0, 0x0, 0x0, 0x0, 0x6f,
    0xff, 0xf5, 0xbf, 0xff, 0xe0, 0x0, 0x0, 0x0,
    0x6f, 0xff, 0xf6, 0xbf, 0xff, 0xe0, 0x0, 0x0,
    0x0, 0x6f, 0xff, 0xf5, 0xbf, 0xff, 0xe0, 0x0,
    0x0, 0x0, 0x7f, 0xff, 0xf4, 0xbf, 0xff, 0xe0,
    0x0, 0x0, 0x0, 0x8f, 0xff, 0xf1, 0xbf, 0xff,
    0xe0, 0x0, 0x0, 0x0, 0xcf, 0xff, 0xe0, 0xbf,
    0xff, 0xe0, 0x0, 0x0, 0x5, 0xff, 0xff, 0x90,
    0xbf, 0xff, 0xe0, 0x0, 0x2, 0x8f, 0xff, 0xff,
    0x20, 0xbf, 0xff, 0xff, 0xff, 0xff, 0xff, 0xff,
    0xf8, 0x0, 0xbf, 0xff, 0xff, 0xff, 0xff, 0xff,
    0xff, 0xb0, 0x0, 0xbf, 0xff, 0xff, 0xff, 0xff,
    0xff, 0xf8, 0x0, 0x0, 0xbf, 0xff, 0xff, 0xff,
    0xfe, 0xb7, 0x10, 0x0, 0x0,

    /* U+0045 "E" */
    0xbf, 0xff, 0xff, 0xff, 0xff, 0xff, 0xff, 0x9b,
    0xff, 0xff, 0xff, 0xff, 0xff, 0xff, 0xf9, 0xbf,
    0xff, 0xff, 0xff, 0xff, 0xff, 0xff, 0x9b, 0xff,
    0xff, 0xff, 0xff, 0xff, 0xff, 0xf9, 0xbf, 0xff,
    0xe0, 0x0, 0x0, 0x0, 0x0, 0xb, 0xff, 0xfe,
    0x0, 0x0, 0x0, 0x0, 0x0, 0xbf, 0xff, 0xe0,
    0x0, 0x0, 0x0, 0x0, 0xb, 0xff, 0xfe, 0x0,
    0x0, 0x0, 0x0, 0x0, 0xbf, 0xff, 0xff, 0xff,
    0xff, 0xff, 0xf3, 0xb, 0xff, 0xff, 0xff, 0xff,
    0xff, 0xff, 0x30, 0xbf, 0xff, 0xff, 0xff, 0xff,
    0xff, 0xf3, 0xb, 0xff, 0xff, 0xff, 0xff, 0xff,
    0xff, 0x30, 0xbf, 0xff, 0xe0, 0x0, 0x0, 0x0,
    0x0, 0xb, 0xff, 0xfe, 0x0, 0x0, 0x0, 0x0,
    0x0, 0xbf, 0xff, 0xe0, 0x0, 0x0, 0x0, 0x0,
    0xb, 0xff, 0xfe, 0x0, 0x0, 0x0, 0x0, 0x0,
    0xbf, 0xff, 0xe0, 0x0, 0x0, 0x0, 0x0, 0xb,
    0xff, 0xff, 0xff, 0xff, 0xff, 0xff, 0xf9, 0xbf,
    0xff, 0xff, 0xff, 0xff, 0xff, 0xff, 0x9b, 0xff,
    0xff, 0xff, 0xff, 0xff, 0xff, 0xf9, 0xbf, 0xff,
    0xff, 0xff, 0xff, 0xff, 0xff, 0x90,

    /* U+0046 "F" */
    0xbf, 0xff, 0xff, 0xff, 0xff, 0xff, 0xff, 0x3b,
    0xff, 0xff, 0xff, 0xff, 0xff, 0xff, 0xf3, 0xbf,
    0xff, 0xff, 0xff, 0xff, 0xff, 0xff, 0x3b, 0xff,
    0xff, 0xff, 0xff, 0xff, 0xff, 0xf3, 0xbf, 0xff,
    0xe0, 0x0, 0x0, 0x0, 0x0, 0xb, 0xff, 0xfe,
    0x0, 0x0, 0x0, 0x0, 0x0, 0xbf, 0xff, 0xe0,
    0x0, 0x0, 0x0, 0x0, 0xb, 0xff, 0xfe, 0x0,
    0x0, 0x0, 0x0, 0x0, 0xbf, 0xff, 0xff, 0xff,
    0xff, 0xff, 0xd0, 0xb, 0xff, 0xff, 0xff, 0xff,
    0xff, 0xfd, 0x0, 0xbf, 0xff, 0xff, 0xff, 0xff,
    0xff, 0xd0, 0xb, 0xff, 0xff, 0xff, 0xff, 0xff,
    0xfd, 0x0, 0xbf, 0xff, 0xe0, 0x0, 0x0, 0x0,
    0x0, 0xb, 0xff, 0xfe, 0x0, 0x0, 0x0, 0x0,
    0x0, 0xbf, 0xff, 0xe0, 0x0, 0x0, 0x0, 0x0,
    0xb, 0xff, 0xfe, 0x0, 0x0, 0x0, 0x0, 0x0,
    0xbf, 0xff, 0xe0, 0x0, 0x0, 0x0, 0x0, 0xb,
    0xff, 0xfe, 0x0, 0x0, 0x0, 0x0, 0x0, 0xbf,
    0xff, 0xe0, 0x0, 0x0, 0x0, 0x0, 0xb, 0xff,
    0xfe, 0x0, 0x0, 0x0, 0x0, 0x0, 0xbf, 0xff,
    0xe0, 0x0, 0x0, 0x0, 0x0, 0x0,

    /* U+0047 "G" */
    0x0, 0x0, 0x0, 0x6b, 0xdf, 0xfe, 0xb6, 0x0,
    0x0, 0x0, 0x0, 0x6, 0xef, 0xff, 0xff, 0xff,
    0xfe, 0x50, 0x0, 0x0, 0x9, 0xff, 0xff, 0xff,
    0xff, 0xff, 0xff, 0x70, 0x0, 0x6, 0xff, 0xff,
    0xff, 0xff, 0xff, 0xff, 0xff, 0x40, 0x1, 0xff,
    0xff, 0xf9, 0x30, 0x13, 0xaf, 0xff, 0xfd, 0x0,
    0x9f, 0xff, 0xf5, 0x0, 0x0, 0x0, 0x7f, 0xf8,
    0x10, 0xe, 0xff, 0xfb, 0x0, 0x0, 0x0, 0x0,
    0x61, 0x0, 0x2, 0xff, 0xff, 0x70, 0x0, 0x0,
    0x0, 0x0, 0x0, 0x0, 0x5f, 0xff, 0xf5, 0x0,
    0x0, 0x0, 0x0, 0x0, 0x0, 0x6, 0xff, 0xff,
    0x50, 0x0, 0xd, 0xff, 0xff, 0xff, 0xf7, 0x7f,
    0xff, 0xf5, 0x0, 0x0, 0xdf, 0xff, 0xff, 0xff,
    0x77, 0xff, 0xff, 0x50, 0x0, 0xd, 0xff, 0xff,
    0xff, 0xf7, 0x5f, 0xff, 0xf5, 0x0, 0x0, 0xac,
    0xcc, 0xff, 0xff, 0x73, 0xff, 0xff, 0x70, 0x0,
    0x0, 0x0, 0xe, 0xff, 0xf7, 0xf, 0xff, 0xfc,
    0x0, 0x0, 0x0, 0x0, 0xff, 0xff, 0x70, 0xaf,
    0xff, 0xf5, 0x0, 0x0, 0x0, 0x7f, 0xff, 0xf7,
    0x3, 0xff, 0xff, 0xf9, 0x31, 0x13, 0xaf, 0xff,
    0xff, 0x70, 0xa, 0xff, 0xff, 0xff, 0xff, 0xff,
    0xfd, 0xff, 0xf7, 0x0, 0xc, 0xff, 0xff, 0xff,
    0xff, 0xff, 0x8f, 0xff, 0x70, 0x0, 0xa, 0xff,
    0xff, 0xff, 0xff, 0x56, 0xff, 0xf7, 0x0, 0x0,
    0x3, 0x9d, 0xff, 0xea, 0x20, 0x6f, 0xff, 0x70,

    /* U+0048 "H" */
    0xbf, 0xff, 0xe0, 0x0, 0x0, 0x0, 0x2f, 0xff,
    0xf6, 0xbf, 0xff, 0xe0, 0x0, 0x0, 0x0, 0x2f,
    0xff, 0xf6, 0xbf, 0xff, 0xe0, 0x0, 0x0, 0x0,
    0x2f, 0xff, 0xf6, 0xbf, 0xff, 0xe0, 0x0, 0x0,
    0x0, 0x2f, 0xff, 0xf6, 0xbf, 0xff, 0xe0, 0x0,
    0x0, 0x0, 0x2f, 0xff, 0xf6, 0xbf, 0xff, 0xe0,
    0x0, 0x0, 0x0, 0x2f, 0xff, 0xf6, 0xbf, 0xff,
    0xe0, 0x0, 0x0, 0x0, 0x2f, 0xff, 0xf6, 0xbf,
    0xff, 0xe0, 0x0, 0x0, 0x0, 0x2f, 0xff, 0xf6,
    0xbf, 0xff, 0xff, 0xff, 0xff, 0xff, 0xff, 0xff,
    0xf6, 0xbf, 0xff, 0xff, 0xff, 0xff, 0xff, 0xff,
    0xff, 0xf6, 0xbf, 0xff, 0xff, 0xff, 0xff, 0xff,
    0xff, 0xff, 0xf6, 0xbf, 0xff, 0xff, 0xff, 0xff,
    0xff, 0xff, 0xff, 0xf6, 0xbf, 0xff, 0xe0, 0x0,
    0x0, 0x0, 0x2f, 0xff, 0xf6, 0xbf, 0xff, 0xe0,
    0x0, 0x0, 0x0, 0x2f, 0xff, 0xf6, 0xbf, 0xff,
    0xe0, 0x0, 0x0, 0x0, 0x2f, 0xff, 0xf6, 0xbf,
    0xff, 0xe0, 0x0, 0x0, 0x0, 0x2f, 0xff, 0xf6,
    0xbf, 0xff, 0xe0, 0x0, 0x0, 0x0, 0x2f, 0xff,
    0xf6, 0xbf, 0xff, 0xe0, 0x0, 0x0, 0x0, 0x2f,
    0xff, 0xf6, 0xbf, 0xff, 0xe0, 0x0, 0x0, 0x0,
    0x2f, 0xff, 0xf6, 0xbf, 0xff, 0xe0, 0x0, 0x0,
    0x0, 0x2f, 0xff, 0xf6, 0xbf, 0xff, 0xe0, 0x0,
    0x0, 0x0, 0x2f, 0xff, 0xf6,

    /* U+0049 "I" */
    0x8f, 0xff, 0xff, 0xff, 0xff, 0x78, 0xff, 0xff,
    0xff, 0xff, 0xf7, 0x8f, 0xff, 0xff, 0xff, 0xff,
    0x74, 0x99, 0xef, 0xff, 0xe9, 0x94, 0x0, 0xc,
    0xff, 0xfc, 0x0, 0x0, 0x0, 0xcf, 0xff, 0xc0,
    0x0, 0x0, 0xc, 0xff, 0xfc, 0x0, 0x0, 0x0,
    0xcf, 0xff, 0xc0, 0x0, 0x0, 0xc, 0xff, 0xfc,
    0x0, 0x0, 0x0, 0xcf, 0xff, 0xc0, 0x0, 0x0,
    0xc, 0xff, 0xfc, 0x0, 0x0, 0x0, 0xcf, 0xff,
    0xc0, 0x0, 0x0, 0xc, 0xff, 0xfc, 0x0, 0x0,
    0x0, 0xcf, 0xff, 0xc0, 0x0, 0x0, 0xc, 0xff,
    0xfc, 0x0, 0x0, 0x0, 0xcf, 0xff, 0xc0, 0x0,
    0x0, 0xc, 0xff, 0xfc, 0x0, 0x4, 0x99, 0xef,
    0xff, 0xe9, 0x94, 0x8f, 0xff, 0xff, 0xff, 0xff,
    0x78, 0xff, 0xff, 0xff, 0xff, 0xf7, 0x8f, 0xff,
    0xff, 0xff, 0xff, 0x70,

    /* U+004A "J" */
    0x0, 0x5, 0xff, 0xff, 0xff, 0xff, 0xff, 0x90,
    0x0, 0x5f, 0xff, 0xff, 0xff, 0xff, 0xf9, 0x0,
    0x5, 0xff, 0xff, 0xff, 0xff, 0xff, 0x90, 0x0,
    0x3a, 0xaa, 0xaa, 0xaf, 0xff, 0xf9, 0x0, 0x0,
    0x0, 0x0, 0x0, 0xff, 0xff, 0x90, 0x0, 0x0,
    0x0, 0x0, 0xf, 0xff, 0xf9, 0x0, 0x0, 0x0,
    0x0, 0x0, 0xff, 0xff, 0x90, 0x0, 0x0, 0x0,
    0x0, 0xf, 0xff, 0xf9, 0x0, 0x0, 0x0, 0x0,
    0x0, 0xff, 0xff, 0x90, 0x0, 0x0, 0x0, 0x0,
    0xf, 0xff, 0xf9, 0x0, 0x0, 0x0, 0x0, 0x0,
    0xff, 0xff, 0x90, 0x0, 0x0, 0x0, 0x0, 0xf,
    0xff, 0xf9, 0x0, 0x0, 0x0, 0x0, 0x0, 0xff,
    0xff, 0x90, 0x0, 0x0, 0x0, 0x0, 0xf, 0xff,
    0xf9, 0x0, 0x25, 0x81, 0x0, 0x0, 0xff, 0xff,
    0x92, 0xff, 0xff, 0x60, 0x0, 0x2f, 0xff, 0xf8,
    0xe, 0xff, 0xfe, 0x40, 0x2c, 0xff, 0xff, 0x50,
    0x7f, 0xff, 0xff, 0xff, 0xff, 0xff, 0xe0, 0x0,
    0xdf, 0xff, 0xff, 0xff, 0xff, 0xf6, 0x0, 0x1,
    0xcf, 0xff, 0xff, 0xff, 0xf6, 0x0, 0x0, 0x0,
    0x6b, 0xef, 0xfc, 0x82, 0x0, 0x0,

    /* U+004B "K" */
    0xbf, 0xff, 0xe0, 0x0, 0x0, 0x0, 0xaf, 0xff,
    0xf7, 0xb, 0xff, 0xfe, 0x0, 0x0, 0x0, 0x7f,
    0xff, 0xfa, 0x0, 0xbf, 0xff, 0xe0, 0x0, 0x0,
    0x4f, 0xff, 0xfc, 0x0, 0xb, 0xff, 0xfe, 0x0,
    0x0, 0x1e, 0xff, 0xfe, 0x10, 0x0, 0xbf, 0xff,
    0xe0, 0x0, 0xc, 0xff, 0xff, 0x30, 0x0, 0xb,
    0xff, 0xfe, 0x0, 0xa, 0xff, 0xff, 0x60, 0x0,
    0x0, 0xbf, 0xff, 0xe0, 0x6, 0xff, 0xff, 0x90,
    0x0, 0x0, 0xb, 0xff, 0xfe, 0x2, 0xff, 0xff,
    0xc0, 0x0, 0x0, 0x0, 0xbf, 0xff, 0xe0, 0xdf,
    0xff, 0xf1, 0x0, 0x0, 0x0, 0xb, 0xff, 0xfe,
    0x9f, 0xff, 0xff, 0x60, 0x0, 0x0, 0x0, 0xbf,
    0xff, 0xff, 0xff, 0xff, 0xfe, 0x10, 0x0, 0x0,
    0xb, 0xff, 0xff, 0xff, 0xff, 0xff, 0xf9, 0x0,
    0x0, 0x0, 0xbf, 0xff, 0xff, 0xe3, 0xef, 0xff,
    0xf3, 0x0, 0x0, 0xb, 0xff, 0xff, 0xf4, 0x6,
    0xff, 0xff, 0xd0, 0x0, 0x0, 0xbf, 0xff, 0xf6,
    0x0, 0xc, 0xff, 0xff, 0x70, 0x0, 0xb, 0xff,
    0xfe, 0x0, 0x0, 0x3f, 0xff, 0xff, 0x20, 0x0,
    0xbf, 0xff, 0xe0, 0x0, 0x0, 0x9f, 0xff, 0xfb,
    0x0, 0xb, 0xff, 0xfe, 0x0, 0x0, 0x1, 0xef,
    0xff, 0xf5, 0x0, 0xbf, 0xff, 0xe0, 0x0, 0x0,
    0x5, 0xff, 0xff, 0xe0, 0xb, 0xff, 0xfe, 0x0,
    0x0, 0x0, 0xc, 0xff, 0xff, 0x90, 0xbf, 0xff,
    0xe0, 0x0, 0x0, 0x0, 0x2f, 0xff, 0xff, 0x30,

    /* U+004C "L" */
    0xbf, 0xff, 0xe0, 0x0, 0x0, 0x0, 0xb, 0xff,
    0xfe, 0x0, 0x0, 0x0, 0x0, 0xbf, 0xff, 0xe0,
    0x0, 0x0, 0x0, 0xb, 0xff, 0xfe, 0x0, 0x0,
    0x0, 0x0, 0xbf, 0xff, 0xe0, 0x0, 0x0, 0x0,
    0xb, 0xff, 0xfe, 0x0, 0x0, 0x0, 0x0, 0xbf,
    0xff, 0xe0, 0x0, 0x0, 0x0, 0xb, 0xff, 0xfe,
    0x0, 0x0, 0x0, 0x0, 0xbf, 0xff, 0xe0, 0x0,
    0x0, 0x0, 0xb, 0xff, 0xfe, 0x0, 0x0, 0x0,
    0x0, 0xbf, 0xff, 0xe0, 0x0, 0x0, 0x0, 0xb,
    0xff, 0xfe, 0x0, 0x0, 0x0, 0x0, 0xbf, 0xff,
    0xe0, 0x0, 0x0, 0x0, 0xb, 0xff, 0xfe, 0x0,
    0x0, 0x0, 0x0, 0xbf, 0xff, 0xe0, 0x0, 0x0,
    0x0, 0xb, 0xff, 0xfe, 0x0, 0x0, 0x0, 0x0,
    0xbf, 0xff, 0xe0, 0x0, 0x0, 0x0, 0xb, 0xff,
    0xff, 0xff, 0xff, 0xff, 0xfd, 0xbf, 0xff, 0xff,
    0xff, 0xff, 0xff, 0xdb, 0xff, 0xff, 0xff, 0xff,
    0xff, 0xfd, 0xbf, 0xff, 0xff, 0xff, 0xff, 0xff,
    0xd0,

    /* U+004D "M" */
    0xbf, 0xff, 0xf6, 0x0, 0x0, 0x0, 0x0, 0xd,
    0xff, 0xff, 0x4b, 0xff, 0xff, 0xe0, 0x0, 0x0,
    0x0, 0x5, 0xff, 0xff, 0xf4, 0xbf, 0xff, 0xff,
    0x70, 0x0, 0x0, 0x0, 0xdf, 0xff, 0xff, 0x4b,
    0xff, 0xff, 0xfe, 0x0, 0x0, 0x0, 0x6f, 0xff,
    0xff, 0xf4, 0xbf, 0xff, 0xff, 0xf7, 0x0, 0x0,
    0xe, 0xff, 0xff, 0xff, 0x4b, 0xff, 0xff, 0xff,
    0xe1, 0x0, 0x6, 0xff, 0xff, 0xff, 0xf4, 0xbf,
    0xff, 0xff, 0xff, 0x80, 0x0, 0xef, 0xff, 0xff,
    0xff, 0x4b, 0xff, 0xfb, 0xff, 0xff, 0x10, 0x7f,
    0xff, 0xcf, 0xff, 0xf4, 0xbf, 0xff, 0x99, 0xff,
    0xf9, 0xe, 0xff, 0xf4, 0xff, 0xff, 0x4b, 0xff,
    0xf9, 0x2f, 0xff, 0xf9, 0xff, 0xfb, 0xf, 0xff,
    0xf4, 0xbf, 0xff, 0x90, 0x9f, 0xff, 0xff, 0xff,
    0x30, 0xff, 0xff, 0x4b, 0xff, 0xf9, 0x1, 0xff,
    0xff, 0xff, 0xa0, 0xf, 0xff, 0xf4, 0xbf, 0xff,
    0x90, 0x8, 0xff, 0xff, 0xf2, 0x0, 0xff, 0xff,
    0x4b, 0xff, 0xf9, 0x0, 0x1f, 0xff, 0xf9, 0x0,
    0xf, 0xff, 0xf4, 0xbf, 0xff, 0x90, 0x0, 0x7f,
    0xff, 0x10, 0x0, 0xff, 0xff, 0x4b, 0xff, 0xf9,
    0x0, 0x0, 0xef, 0x70, 0x0, 0xf, 0xff, 0xf4,
    0xbf, 0xff, 0x90, 0x0, 0x6, 0xe0, 0x0, 0x0,
    0xff, 0xff, 0x4b, 0xff, 0xf9, 0x0, 0x0, 0x4,
    0x0, 0x0, 0xf, 0xff, 0xf4, 0xbf, 0xff, 0x90,
    0x0, 0x0, 0x0, 0x0, 0x0, 0xff, 0xff, 0x4b,
    0xff, 0xf9, 0x0, 0x0, 0x0, 0x0, 0x0, 0xf,
    0xff, 0xf4, 0xbf, 0xff, 0x90, 0x0, 0x0, 0x0,
    0x0, 0x0, 0xff, 0xff, 0x40,

    /* U+004E "N" */
    0xbf, 0xff, 0xf9, 0x0, 0x0, 0x0, 0xe, 0xff,
    0xf6, 0xbf, 0xff, 0xff, 0x20, 0x0, 0x0, 0xe,
    0xff, 0xf6, 0xbf, 0xff, 0xff, 0xb0, 0x0, 0x0,
    0xe, 0xff, 0xf6, 0xbf, 0xff, 0xff, 0xf5, 0x0,
    0x0, 0xe, 0xff, 0xf6, 0xbf, 0xff, 0xff, 0xfd,
    0x0, 0x0, 0xe, 0xff, 0xf6, 0xbf, 0xff, 0xff,
    0xff, 0x70, 0x0, 0xe, 0xff, 0xf6, 0xbf, 0xff,
    0xff, 0xff, 0xf1, 0x0, 0xe, 0xff, 0xf6, 0xbf,
    0xff, 0xaf, 0xff, 0xf9, 0x0, 0xe, 0xff, 0xf6,
    0xbf, 0xff, 0x98, 0xff, 0xff, 0x30, 0xe, 0xff,
    0xf6, 0xbf, 0xff, 0x91, 0xff, 0xff, 0xc0, 0xe,
    0xff, 0xf6, 0xbf, 0xff, 0x90, 0x9f, 0xff, 0xf4,
    0xe, 0xff, 0xf6, 0xbf, 0xff, 0x90, 0x1f, 0xff,
    0xfc, 0xe, 0xff, 0xf6, 0xbf, 0xff, 0x90, 0x7,
    0xff, 0xff, 0x3e, 0xff, 0xf6, 0xbf, 0xff, 0x90,
    0x0, 0xdf, 0xff, 0xbe, 0xff, 0xf6, 0xbf, 0xff,
    0x90, 0x0, 0x5f, 0xff, 0xff, 0xff, 0xf6, 0xbf,
    0xff, 0x90, 0x0, 0xb, 0xff, 0xff, 0xff, 0xf6,
    0xbf, 0xff, 0x90, 0x0, 0x2, 0xff, 0xff, 0xff,
    0xf6, 0xbf, 0xff, 0x90, 0x0, 0x0, 0x9f, 0xff,
    0xff, 0xf6, 0xbf, 0xff, 0x90, 0x0, 0x0, 0x1e,
    0xff, 0xff, 0xf6, 0xbf, 0xff, 0x90, 0x0, 0x0,
    0x6, 0xff, 0xff, 0xf6, 0xbf, 0xff, 0x90, 0x0,
    0x0, 0x0, 0xdf, 0xff, 0xf6,

    /* U+004F "O" */
    0x0, 0x0, 0x2, 0x7c, 0xef, 0xed, 0x94, 0x0,
    0x0, 0x0, 0x0, 0x8, 0xff, 0xff, 0xff, 0xff,
    0xfc, 0x20, 0x0, 0x0, 0xb, 0xff, 0xff, 0xff,
    0xff, 0xff, 0xff, 0x30, 0x0, 0x9, 0xff, 0xff,
    0xff, 0xff, 0xff, 0xff, 0xfe, 0x10, 0x3, 0xff,
    0xff, 0xf8, 0x20, 0x15, 0xdf, 0xff, 0xf9, 0x0,
    0xaf, 0xff, 0xf5, 0x0, 0x0, 0x1, 0xdf, 0xff,
    0xf1, 0xf, 0xff, 0xfc, 0x0, 0x0, 0x0, 0x5,
    0xff, 0xff, 0x63, 0xff, 0xff, 0x70, 0x0, 0x0,
    0x0, 0x1f, 0xff, 0xf9, 0x5f, 0xff, 0xf5, 0x0,
    0x0, 0x0, 0x0, 0xff, 0xff, 0xc6, 0xff, 0xff,
    0x50, 0x0, 0x0, 0x0, 0xe, 0xff, 0xfd, 0x7f,
    0xff, 0xf5, 0x0, 0x0, 0x0, 0x0, 0xef, 0xff,
    0xe6, 0xff, 0xff, 0x50, 0x0, 0x0, 0x0, 0xe,
    0xff, 0xfd, 0x5f, 0xff, 0xf5, 0x0, 0x0, 0x0,
    0x0, 0xff, 0xff, 0xc3, 0xff, 0xff, 0x70, 0x0,
    0x0, 0x0, 0x1f, 0xff, 0xf9, 0xf, 0xff, 0xfc,
    0x0, 0x0, 0x0, 0x5, 0xff, 0xff, 0x60, 0xaf,
    0xff, 0xf5, 0x0, 0x0, 0x1, 0xdf, 0xff, 0xf1,
    0x3, 0xff, 0xff, 0xf8, 0x20, 0x15, 0xdf, 0xff,
    0xf9, 0x0, 0x9, 0xff, 0xff, 0xff, 0xff, 0xff,
    0xff, 0xfe, 0x10, 0x0, 0xb, 0xff, 0xff, 0xff,
    0xff, 0xff, 0xff, 0x30, 0x0, 0x0, 0x8, 0xff,
    0xff, 0xff, 0xff, 0xfc, 0x20, 0x0, 0x0, 0x0,
    0x2, 0x7c, 0xef, 0xed, 0x94, 0x0, 0x0, 0x0,

    /* U+0050 "P" */
    0xbf, 0xff, 0xff, 0xff, 0xff, 0xfd, 0x92, 0x0,
    0xb, 0xff, 0xff, 0xff, 0xff, 0xff, 0xff, 0xf5,
    0x0, 0xbf, 0xff, 0xff, 0xff, 0xff, 0xff, 0xff,
    0xf4, 0xb, 0xff, 0xff, 0xff, 0xff, 0xff, 0xff,
    0xff, 0xd0, 0xbf, 0xff, 0xe0, 0x0, 0x0, 0x1c,
    0xff, 0xff, 0x3b, 0xff, 0xfe, 0x0, 0x0, 0x0,
    0x4f, 0xff, 0xf6, 0xbf, 0xff, 0xe0, 0x0, 0x0,
    0x2, 0xff, 0xff, 0x8b, 0xff, 0xfe, 0x0, 0x0,
    0x0, 0x2f, 0xff, 0xf8, 0xbf, 0xff, 0xe0, 0x0,
    0x0, 0x4, 0xff, 0xff, 0x6b, 0xff, 0xfe, 0x0,
    0x0, 0x2, 0xcf, 0xff, 0xf2, 0xbf, 0xff, 0xff,
    0xff, 0xff, 0xff, 0xff, 0xfc, 0xb, 0xff, 0xff,
    0xff, 0xff, 0xff, 0xff, 0xff, 0x30, 0xbf, 0xff,
    0xff, 0xff, 0xff, 0xff, 0xff, 0x50, 0xb, 0xff,
    0xff, 0xee, 0xee, 0xee, 0xc8, 0x10, 0x0, 0xbf,
    0xff, 0xe0, 0x0, 0x0, 0x0, 0x0, 0x0, 0xb,
    0xff, 0xfe, 0x0, 0x0, 0x0, 0x0, 0x0, 0x0,
    0xbf, 0xff, 0xe0, 0x0, 0x0, 0x0, 0x0, 0x0,
    0xb, 0xff, 0xfe, 0x0, 0x0, 0x0, 0x0, 0x0,
    0x0, 0xbf, 0xff, 0xe0, 0x0, 0x0, 0x0, 0x0,
    0x0, 0xb, 0xff, 0xfe, 0x0, 0x0, 0x0, 0x0,
    0x0, 0x0, 0xbf, 0xff, 0xe0, 0x0, 0x0, 0x0,
    0x0, 0x0, 0x0,

    /* U+0051 "Q" */
    0x0, 0x0, 0x1, 0x7b, 0xef, 0xed, 0x94, 0x0,
    0x0, 0x0, 0x0, 0x8, 0xff, 0xff, 0xff, 0xff,
    0xfb, 0x20, 0x0, 0x0, 0xa, 0xff, 0xff, 0xff,
    0xff, 0xff, 0xfe, 0x20, 0x0, 0x7, 0xff, 0xff,
    0xff, 0xff, 0xff, 0xff, 0xfd, 0x0, 0x2, 0xff,
    0xff, 0xf9, 0x20, 0x15, 0xef, 0xff, 0xf8, 0x0,
    0x8f, 0xff, 0xf7, 0x0, 0x0, 0x1, 0xef, 0xff,
    0xe0, 0xe, 0xff, 0xfd, 0x0, 0x0, 0x0, 0x6,
    0xff, 0xff, 0x52, 0xff, 0xff, 0x80, 0x0, 0x0,
    0x0, 0x1f, 0xff, 0xf8, 0x5f, 0xff, 0xf5, 0x0,
    0x0, 0x0, 0x0, 0xff, 0xff, 0xb6, 0xff, 0xff,
    0x50, 0x0, 0x0, 0x0, 0xe, 0xff, 0xfd, 0x7f,
    0xff, 0xf5, 0x0, 0x0, 0x0, 0x0, 0xef, 0xff,
    0xe7, 0xff, 0xff, 0x50, 0x0, 0x0, 0x0, 0xe,
    0xff, 0xfe, 0x6f, 0xff, 0xf5, 0x0, 0x0, 0x0,
    0x0, 0xef, 0xff, 0xd5, 0xff, 0xff, 0x60, 0x0,
    0x0, 0x0, 0xf, 0xff, 0xfb, 0x2f, 0xff, 0xf9,
    0x0, 0x0, 0x0, 0x2, 0xff, 0xff, 0x80, 0xef,
    0xff, 0xe0, 0x0, 0x0, 0x0, 0x8f, 0xff, 0xf4,
    0x8, 0xff, 0xff, 0xa0, 0x0, 0x0, 0x4f, 0xff,
    0xfe, 0x0, 0x1f, 0xff, 0xff, 0xc6, 0x45, 0x9f,
    0xff, 0xff, 0x70, 0x0, 0x6f, 0xff, 0xff, 0xff,
    0xff, 0xff, 0xff, 0xc0, 0x0, 0x0, 0x8f, 0xff,
    0xff, 0xff, 0xff, 0xff, 0xd1, 0x0, 0x0, 0x0,
    0x5e, 0xff, 0xff, 0xff, 0xff, 0x90, 0x0, 0x0,
    0x0, 0x0, 0x5, 0xaf, 0xff, 0xf7, 0x20, 0x0,
    0x0, 0x0, 0x0, 0x0, 0x3, 0xff, 0xff, 0x0,
    0x0, 0x0, 0x0, 0x0, 0x0, 0x0, 0x2f, 0xff,
    0xfb, 0xbb, 0x20, 0x0, 0x0, 0x0, 0x0, 0x0,
    0xef, 0xff, 0xff, 0xf4, 0x0, 0x0, 0x0, 0x0,
    0x0, 0x5, 0xff, 0xff, 0xff, 0x40, 0x0, 0x0,
    0x0, 0x0, 0x0, 0x4, 0xbe, 0xff, 0xf4, 0x0,
    0x0,

    /* U+0052 "R" */
    0xbf, 0xff, 0xff, 0xff, 0xff, 0xfe, 0xa3, 0x0,
    0xb, 0xff, 0xff, 0xff, 0xff, 0xff, 0xff, 0xf7,
    0x0, 0xbf, 0xff, 0xff, 0xff, 0xff, 0xff, 0xff,
    0xf5, 0xb, 0xff, 0xff, 0xff, 0xff, 0xff, 0xff,
    0xff, 0xe0, 0xbf, 0xff, 0xe0, 0x0, 0x0, 0x1b,
    0xff, 0xff, 0x4b, 0xff, 0xfe, 0x0, 0x0, 0x0,
    0x3f, 0xff, 0xf7, 0xbf, 0xff, 0xe0, 0x0, 0x0,
    0x2, 0xff, 0xff, 0x8b, 0xff, 0xfe, 0x0, 0x0,
    0x0, 0x3f, 0xff, 0xf7, 0xbf, 0xff, 0xe0, 0x0,
    0x0, 0xa, 0xff, 0xff, 0x4b, 0xff, 0xff, 0xdd,
    0xdd, 0xde, 0xff, 0xff, 0xe0, 0xbf, 0xff, 0xff,
    0xff, 0xff, 0xff, 0xff, 0xf5, 0xb, 0xff, 0xff,
    0xff, 0xff, 0xff, 0xff, 0xf7, 0x0, 0xbf, 0xff,
    0xff, 0xff, 0xff, 0xff, 0xe1, 0x0, 0xb, 0xff,
    0xfe, 0x0, 0xa, 0xff, 0xff, 0x40, 0x0, 0xbf,
    0xff, 0xe0, 0x0, 0x2f, 0xff, 0xfb, 0x0, 0xb,
    0xff, 0xfe, 0x0, 0x0, 0xbf, 0xff, 0xf3, 0x0,
    0xbf, 0xff, 0xe0, 0x0, 0x4, 0xff, 0xff, 0xb0,
    0xb, 0xff, 0xfe, 0x0, 0x0, 0xc, 0xff, 0xff,
    0x30, 0xbf, 0xff, 0xe0, 0x0, 0x0, 0x5f, 0xff,
    0xfa, 0xb, 0xff, 0xfe, 0x0, 0x0, 0x0, 0xef,
    0xff, 0xf2, 0xbf, 0xff, 0xe0, 0x0, 0x0, 0x6,
    0xff, 0xff, 0xa0,

    /* U+0053 "S" */
    0x0, 0x0, 0x39, 0xce, 0xfe, 0xda, 0x50, 0x0,
    0x0, 0x1, 0xbf, 0xff, 0xff, 0xff, 0xff, 0xd4,
    0x0, 0x1, 0xdf, 0xff, 0xff, 0xff, 0xff, 0xff,
    0xf6, 0x0, 0x9f, 0xff, 0xff, 0xff, 0xff, 0xff,
    0xff, 0x50, 0xf, 0xff, 0xfe, 0x51, 0x1, 0x5c,
    0xff, 0x40, 0x2, 0xff, 0xff, 0x70, 0x0, 0x0,
    0x8, 0x40, 0x0, 0x3f, 0xff, 0xf6, 0x0, 0x0,
    0x0, 0x0, 0x0, 0x1, 0xff, 0xff, 0xe3, 0x0,
    0x0, 0x0, 0x0, 0x0, 0xc, 0xff, 0xff, 0xff,
    0xc9, 0x73, 0x0, 0x0, 0x0, 0x4f, 0xff, 0xff,
    0xff, 0xff, 0xfe, 0x60, 0x0, 0x0, 0x5f, 0xff,
    0xff, 0xff, 0xff, 0xff, 0xb0, 0x0, 0x0, 0x18,
    0xdf, 0xff, 0xff, 0xff, 0xff, 0x80, 0x0, 0x0,
    0x0, 0x2, 0x47, 0xcf, 0xff, 0xff, 0x0, 0x0,
    0x0, 0x0, 0x0, 0x0, 0xaf, 0xff, 0xf2, 0x0,
    0x1, 0x0, 0x0, 0x0, 0x5, 0xff, 0xff, 0x30,
    0xa, 0xd2, 0x0, 0x0, 0x0, 0x8f, 0xff, 0xf2,
    0xa, 0xff, 0xf9, 0x41, 0x2, 0x7f, 0xff, 0xfe,
    0x9, 0xff, 0xff, 0xff, 0xff, 0xff, 0xff, 0xff,
    0x70, 0x1c, 0xff, 0xff, 0xff, 0xff, 0xff, 0xff,
    0xb0, 0x0, 0x8, 0xff, 0xff, 0xff, 0xff, 0xff,
    0x90, 0x0, 0x0, 0x1, 0x6b, 0xdf, 0xfe, 0xc8,
    0x20, 0x0, 0x0,

    /* U+0054 "T" */
    0x3f, 0xff, 0xff, 0xff, 0xff, 0xff, 0xff, 0xff,
    0xb3, 0xff, 0xff, 0xff, 0xff, 0xff, 0xff, 0xff,
    0xfb, 0x3f, 0xff, 0xff, 0xff, 0xff, 0xff, 0xff,
    0xff, 0xb3, 0xff, 0xff, 0xff, 0xff, 0xff, 0xff,
    0xff, 0xfb, 0x0, 0x0, 0x0, 0x8f, 0xff, 0xf0,
    0x0, 0x0, 0x0, 0x0, 0x0, 0x8, 0xff, 0xff,
    0x0, 0x0, 0x0, 0x0, 0x0, 0x0, 0x8f, 0xff,
    0xf0, 0x0, 0x0, 0x0, 0x0, 0x0, 0x8, 0xff,
    0xff, 0x0, 0x0, 0x0, 0x0, 0x0, 0x0, 0x8f,
    0xff, 0xf0, 0x0, 0x0, 0x0, 0x0, 0x0, 0x8,
    0xff, 0xff, 0x0, 0x0, 0x0, 0x0, 0x0, 0x0,
    0x8f, 0xff, 0xf0, 0x0, 0x0, 0x0, 0x0, 0x0,
    0x8, 0xff, 0xff, 0x0, 0x0, 0x0, 0x0, 0x0,
    0x0, 0x8f, 0xff, 0xf0, 0x0, 0x0, 0x0, 0x0,
    0x0, 0x8, 0xff, 0xff, 0x0, 0x0, 0x0, 0x0,
    0x0, 0x0, 0x8f, 0xff, 0xf0, 0x0, 0x0, 0x0,
    0x0, 0x0, 0x8, 0xff, 0xff, 0x0, 0x0, 0x0,
    0x0, 0x0, 0x0, 0x8f, 0xff, 0xf0, 0x0, 0x0,
    0x0, 0x0, 0x0, 0x8, 0xff, 0xff, 0x0, 0x0,
    0x0, 0x0, 0x0, 0x0, 0x8f, 0xff, 0xf0, 0x0,
    0x0, 0x0, 0x0, 0x0, 0x8, 0xff, 0xff, 0x0,
    0x0, 0x0, 0x0, 0x0, 0x0, 0x8f, 0xff, 0xf0,
    0x0, 0x0, 0x0,

    /* U+0055 "U" */
    0xdf, 0xff, 0xa0, 0x0, 0x0, 0x0, 0xdf, 0xff,
    0xad, 0xff, 0xfa, 0x0, 0x0, 0x0, 0xd, 0xff,
    0xfa, 0xdf, 0xff, 0xa0, 0x0, 0x0, 0x0, 0xdf,
    0xff, 0xad, 0xff, 0xfa, 0x0, 0x0, 0x0, 0xd,
    0xff, 0xfa, 0xdf, 0xff, 0xa0, 0x0, 0x0, 0x0,
    0xdf, 0xff, 0xad, 0xff, 0xfa, 0x0, 0x0, 0x0,
    0xd, 0xff, 0xfa, 0xdf, 0xff, 0xa0, 0x0, 0x0,
    0x0, 0xdf, 0xff, 0xad, 0xff, 0xfa, 0x0, 0x0,
    0x0, 0xd, 0xff, 0xfa, 0xdf, 0xff, 0xa0, 0x0,
    0x0, 0x0, 0xdf, 0xff, 0xad, 0xff, 0xfa, 0x0,
    0x0, 0x0, 0xd, 0xff, 0xfa, 0xdf, 0xff, 0xa0,
    0x0, 0x0, 0x0, 0xdf, 0xff, 0xad, 0xff, 0xfa,
    0x0, 0x0, 0x0, 0xd, 0xff, 0xfa, 0xcf, 0xff,
    0xa0, 0x0, 0x0, 0x0, 0xdf, 0xff, 0x9b, 0xff,
    0xfa, 0x0, 0x0, 0x0, 0xd, 0xff, 0xf8, 0xaf,
    0xff, 0xd0, 0x0, 0x0, 0x0, 0xff, 0xff, 0x77,
    0xff, 0xff, 0x40, 0x0, 0x0, 0x7f, 0xff, 0xf4,
    0x3f, 0xff, 0xfe, 0x61, 0x2, 0x7f, 0xff, 0xff,
    0x10, 0xdf, 0xff, 0xff, 0xff, 0xff, 0xff, 0xff,
    0xa0, 0x3, 0xff, 0xff, 0xff, 0xff, 0xff, 0xff,
    0xe1, 0x0, 0x4, 0xef, 0xff, 0xff, 0xff, 0xff,
    0xd2, 0x0, 0x0, 0x0, 0x6b, 0xdf, 0xfe, 0xda,
    0x50, 0x0, 0x0,

    /* U+0056 "V" */
    0x6f, 0xff, 0xf3, 0x0, 0x0, 0x0, 0x0, 0x8f,
    0xff, 0xe0, 0x1f, 0xff, 0xf8, 0x0, 0x0, 0x0,
    0x0, 0xdf, 0xff, 0x90, 0xc, 0xff, 0xfd, 0x0,
    0x0, 0x0, 0x2, 0xff, 0xff, 0x40, 0x7, 0xff,
    0xff, 0x20, 0x0, 0x0, 0x7, 0xff, 0xfe, 0x0,
    0x2, 0xff, 0xff, 0x60, 0x0, 0x0, 0xc, 0xff,
    0xf9, 0x0, 0x0, 0xdf, 0xff, 0xb0, 0x0, 0x0,
    0x1f, 0xff, 0xf4, 0x0, 0x0, 0x7f, 0xff, 0xf1,
    0x0, 0x0, 0x6f, 0xff, 0xf0, 0x0, 0x0, 0x2f,
    0xff, 0xf5, 0x0, 0x0, 0xbf, 0xff, 0xa0, 0x0,
    0x0, 0xd, 0xff, 0xfa, 0x0, 0x0, 0xff, 0xff,
    0x50, 0x0, 0x0, 0x8, 0xff, 0xff, 0x0, 0x5,
    0xff, 0xff, 0x0, 0x0, 0x0, 0x3, 0xff, 0xff,
    0x40, 0x9, 0xff, 0xfa, 0x0, 0x0, 0x0, 0x0,
    0xef, 0xff, 0x80, 0xd, 0xff, 0xf5, 0x0, 0x0,
    0x0, 0x0, 0x9f, 0xff, 0xc0, 0x1f, 0xff, 0xf0,
    0x0, 0x0, 0x0, 0x0, 0x3f, 0xff, 0xf0, 0x5f,
    0xff, 0xb0, 0x0, 0x0, 0x0, 0x0, 0xe, 0xff,
    0xf4, 0x9f, 0xff, 0x50, 0x0, 0x0, 0x0, 0x0,
    0x9, 0xff, 0xf8, 0xdf, 0xff, 0x10, 0x0, 0x0,
    0x0, 0x0, 0x4, 0xff, 0xfd, 0xff, 0xfb, 0x0,
    0x0, 0x0, 0x0, 0x0, 0x0, 0xef, 0xff, 0xff,
    0xf6, 0x0, 0x0, 0x0, 0x0, 0x0, 0x0, 0xaf,
    0xff, 0xff, 0xf1, 0x0, 0x0, 0x0, 0x0, 0x0,
    0x0, 0x5f, 0xff, 0xff, 0xc0, 0x0, 0x0, 0x0,
    0x0, 0x0, 0x0, 0xf, 0xff, 0xff, 0x60, 0x0,
    0x0, 0x0,

    /* U+0057 "W" */
    0xf, 0xff, 0xf7, 0x0, 0x0, 0x0, 0xef, 0xff,
    0xf4, 0x0, 0x0, 0x1, 0xff, 0xff, 0x30, 0xcf,
    0xff, 0xa0, 0x0, 0x0, 0x2f, 0xff, 0xff, 0x80,
    0x0, 0x0, 0x4f, 0xff, 0xf0, 0x9, 0xff, 0xfd,
    0x0, 0x0, 0x6, 0xff, 0xff, 0xfb, 0x0, 0x0,
    0x8, 0xff, 0xfb, 0x0, 0x5f, 0xff, 0xf0, 0x0,
    0x0, 0x9f, 0xff, 0xff, 0xf0, 0x0, 0x0, 0xbf,
    0xff, 0x80, 0x1, 0xff, 0xff, 0x40, 0x0, 0xd,
    0xff, 0xff, 0xff, 0x30, 0x0, 0xe, 0xff, 0xf4,
    0x0, 0xe, 0xff, 0xf7, 0x0, 0x1, 0xff, 0xfb,
    0xff, 0xf6, 0x0, 0x1, 0xff, 0xff, 0x0, 0x0,
    0xaf, 0xff, 0xa0, 0x0, 0x4f, 0xff, 0x4f, 0xff,
    0xa0, 0x0, 0x4f, 0xff, 0xc0, 0x0, 0x7, 0xff,
    0xfd, 0x0, 0x8, 0xff, 0xf0, 0xdf, 0xfe, 0x0,
    0x8, 0xff, 0xf9, 0x0, 0x0, 0x3f, 0xff, 0xf0,
    0x0, 0xcf, 0xfb, 0xa, 0xff, 0xf2, 0x0, 0xbf,
    0xff, 0x50, 0x0, 0x0, 0xff, 0xff, 0x30, 0xf,
    0xff, 0x70, 0x6f, 0xff, 0x50, 0xe, 0xff, 0xf1,
    0x0, 0x0, 0xc, 0xff, 0xf6, 0x3, 0xff, 0xf4,
    0x2, 0xff, 0xf9, 0x1, 0xff, 0xfe, 0x0, 0x0,
    0x0, 0x8f, 0xff, 0x90, 0x7f, 0xff, 0x0, 0xe,
    0xff, 0xd0, 0x4f, 0xff, 0xa0, 0x0, 0x0, 0x4,
    0xff, 0xfc, 0xa, 0xff, 0xc0, 0x0, 0xbf, 0xff,
    0x7, 0xff, 0xf6, 0x0, 0x0, 0x0, 0x1f, 0xff,
    0xf0, 0xef, 0xf9, 0x0, 0x7, 0xff, 0xf4, 0xaf,
    0xff, 0x20, 0x0, 0x0, 0x0, 0xdf, 0xff, 0x5f,
    0xff, 0x50, 0x0, 0x3f, 0xff, 0x7d, 0xff, 0xf0,
    0x0, 0x0, 0x0, 0xa, 0xff, 0xfb, 0xff, 0xf1,
    0x0, 0x0, 0xff, 0xfc, 0xff, 0xfb, 0x0, 0x0,
    0x0, 0x0, 0x6f, 0xff, 0xff, 0xfd, 0x0, 0x0,
    0xc, 0xff, 0xff, 0xff, 0x70, 0x0, 0x0, 0x0,
    0x2, 0xff, 0xff, 0xff, 0xa0, 0x0, 0x0, 0x8f,
    0xff, 0xff, 0xf4, 0x0, 0x0, 0x0, 0x0, 0xf,
    0xff, 0xff, 0xf6, 0x0, 0x0, 0x5, 0xff, 0xff,
    0xff, 0x0, 0x0, 0x0, 0x0, 0x0, 0xbf, 0xff,
    0xff, 0x20, 0x0, 0x0, 0x1f, 0xff, 0xff, 0xc0,
    0x0, 0x0, 0x0, 0x0, 0x8, 0xff, 0xff, 0xe0,
    0x0, 0x0, 0x0, 0xdf, 0xff, 0xf9, 0x0, 0x0,
    0x0,

    /* U+0058 "X" */
    0xd, 0xff, 0xff, 0x60, 0x0, 0x0, 0x0, 0xdf,
    0xff, 0xe1, 0x3, 0xff, 0xff, 0xe1, 0x0, 0x0,
    0x7, 0xff, 0xff, 0x60, 0x0, 0x9f, 0xff, 0xf8,
    0x0, 0x0, 0x1e, 0xff, 0xfc, 0x0, 0x0, 0x1e,
    0xff, 0xff, 0x20, 0x0, 0x9f, 0xff, 0xf2, 0x0,
    0x0, 0x5, 0xff, 0xff, 0xb0, 0x3, 0xff, 0xff,
    0x80, 0x0, 0x0, 0x0, 0xbf, 0xff, 0xf4, 0xc,
    0xff, 0xfd, 0x0, 0x0, 0x0, 0x0, 0x2f, 0xff,
    0xfd, 0x6f, 0xff, 0xf4, 0x0, 0x0, 0x0, 0x0,
    0x7, 0xff, 0xff, 0xff, 0xff, 0x90, 0x0, 0x0,
    0x0, 0x0, 0x0, 0xdf, 0xff, 0xff, 0xfe, 0x10,
    0x0, 0x0, 0x0, 0x0, 0x0, 0x3f, 0xff, 0xff,
    0xf5, 0x0, 0x0, 0x0, 0x0, 0x0, 0x0, 0x1f,
    0xff, 0xff, 0xf1, 0x0, 0x0, 0x0, 0x0, 0x0,
    0x0, 0xaf, 0xff, 0xff, 0xfb, 0x0, 0x0, 0x0,
    0x0, 0x0, 0x4, 0xff, 0xff, 0xff, 0xff, 0x50,
    0x0, 0x0, 0x0, 0x0, 0xd, 0xff, 0xfb, 0xef,
    0xff, 0xe1, 0x0, 0x0, 0x0, 0x0, 0x7f, 0xff,
    0xf2, 0x5f, 0xff, 0xf9, 0x0, 0x0, 0x0, 0x2,
    0xff, 0xff, 0x80, 0xc, 0xff, 0xff, 0x30, 0x0,
    0x0, 0xb, 0xff, 0xfe, 0x0, 0x3, 0xff, 0xff,
    0xd0, 0x0, 0x0, 0x5f, 0xff, 0xf6, 0x0, 0x0,
    0x9f, 0xff, 0xf7, 0x0, 0x1, 0xef, 0xff, 0xd0,
    0x0, 0x0, 0x1f, 0xff, 0xff, 0x20, 0x9, 0xff,
    0xff, 0x40, 0x0, 0x0, 0x7, 0xff, 0xff, 0xc0,
    0x3f, 0xff, 0xfb, 0x0, 0x0, 0x0, 0x0, 0xdf,
    0xff, 0xf6,

    /* U+0059 "Y" */
    0x7f, 0xff, 0xfa, 0x0, 0x0, 0x0, 0x1, 0xff,
    0xff, 0xe0, 0xd, 0xff, 0xff, 0x30, 0x0, 0x0,
    0x8, 0xff, 0xff, 0x50, 0x5, 0xff, 0xff, 0xb0,
    0x0, 0x0, 0x1f, 0xff, 0xfc, 0x0, 0x0, 0xcf,
    0xff, 0xf4, 0x0, 0x0, 0x8f, 0xff, 0xf3, 0x0,
    0x0, 0x3f, 0xff, 0xfc, 0x0, 0x1, 0xff, 0xff,
    0xa0, 0x0, 0x0, 0xa, 0xff, 0xff, 0x50, 0x9,
    0xff, 0xff, 0x20, 0x0, 0x0, 0x1, 0xff, 0xff,
    0xd0, 0x2f, 0xff, 0xf8, 0x0, 0x0, 0x0, 0x0,
    0x8f, 0xff, 0xf6, 0x9f, 0xff, 0xe0, 0x0, 0x0,
    0x0, 0x0, 0xe, 0xff, 0xfe, 0xff, 0xff, 0x60,
    0x0, 0x0, 0x0, 0x0, 0x6, 0xff, 0xff, 0xff,
    0xfd, 0x0, 0x0, 0x0, 0x0, 0x0, 0x0, 0xdf,
    0xff, 0xff, 0xf4, 0x0, 0x0, 0x0, 0x0, 0x0,
    0x0, 0x4f, 0xff, 0xff, 0xb0, 0x0, 0x0, 0x0,
    0x0, 0x0, 0x0, 0xb, 0xff, 0xff, 0x30, 0x0,
    0x0, 0x0, 0x0, 0x0, 0x0, 0x9, 0xff, 0xff,
    0x0, 0x0, 0x0, 0x0, 0x0, 0x0, 0x0, 0x9,
    0xff, 0xff, 0x0, 0x0, 0x0, 0x0, 0x0, 0x0,
    0x0, 0x9, 0xff, 0xff, 0x0, 0x0, 0x0, 0x0,
    0x0, 0x0, 0x0, 0x9, 0xff, 0xff, 0x0, 0x0,
    0x0, 0x0, 0x0, 0x0, 0x0, 0x9, 0xff, 0xff,
    0x0, 0x0, 0x0, 0x0, 0x0, 0x0, 0x0, 0x9,
    0xff, 0xff, 0x0, 0x0, 0x0, 0x0, 0x0, 0x0,
    0x0, 0x9, 0xff, 0xff, 0x0, 0x0, 0x0, 0x0,
    0x0, 0x0, 0x0, 0x9, 0xff, 0xff, 0x0, 0x0,
    0x0, 0x0,

    /* U+005A "Z" */
    0x5f, 0xff, 0xff, 0xff, 0xff, 0xff, 0xff, 0xfc,
    0x5, 0xff, 0xff, 0xff, 0xff, 0xff, 0xff, 0xff,
    0xc0, 0x5f, 0xff, 0xff, 0xff, 0xff, 0xff, 0xff,
    0xfc, 0x5, 0xff, 0xff, 0xff, 0xff, 0xff, 0xff,
    0xff, 0xc0, 0x0, 0x0, 0x0, 0x0, 0x1, 0xdf,
    0xff, 0xf6, 0x0, 0x0, 0x0, 0x0, 0x0, 0xbf,
    0xff, 0xf9, 0x0, 0x0, 0x0, 0x0, 0x0, 0x7f,
    0xff, 0xfc, 0x0, 0x0, 0x0, 0x0, 0x0, 0x4f,
    0xff, 0xfe, 0x10, 0x0, 0x0, 0x0, 0x0, 0x2f,
    0xff, 0xff, 0x30, 0x0, 0x0, 0x0, 0x0, 0xd,
    0xff, 0xff, 0x60, 0x0, 0x0, 0x0, 0x0, 0xa,
    0xff, 0xff, 0x90, 0x0, 0x0, 0x0, 0x0, 0x7,
    0xff, 0xff, 0xc0, 0x0, 0x0, 0x0, 0x0, 0x4,
    0xff, 0xff, 0xe1, 0x0, 0x0, 0x0, 0x0, 0x2,
    0xef, 0xff, 0xf3, 0x0, 0x0, 0x0, 0x0, 0x0,
    0xdf, 0xff, 0xf6, 0x0, 0x0, 0x0, 0x0, 0x0,
    0xaf, 0xff, 0xfa, 0x0, 0x0, 0x0, 0x0, 0x0,
    0x7f, 0xff, 0xfd, 0x0, 0x0, 0x0, 0x0, 0x0,
    0xd, 0xff, 0xff, 0xff, 0xff, 0xff, 0xff, 0xff,
    0xf0, 0xdf, 0xff, 0xff, 0xff, 0xff, 0xff, 0xff,
    0xff, 0xd, 0xff, 0xff, 0xff, 0xff, 0xff, 0xff,
    0xff, 0xf0, 0xdf, 0xff, 0xff, 0xff, 0xff, 0xff,
    0xff, 0xff, 0x0,

    /* U+005B "[" */
    0xbf, 0xff, 0xff, 0x8b, 0xff, 0xff, 0xf8, 0xbf,
    0xff, 0xff, 0x8b, 0xff, 0xf7, 0x10, 0xbf, 0xff,
    0x60, 0xb, 0xff, 0xf6, 0x0, 0xbf, 0xff, 0x60,
    0xb, 0xff, 0xf6, 0x0, 0xbf, 0xff, 0x60, 0xb,
    0xff, 0xf6, 0x0, 0xbf, 0xff, 0x60, 0xb, 0xff,
    0xf6, 0x0, 0xbf, 0xff, 0x60, 0xb, 0xff, 0xf6,
    0x0, 0xbf, 0xff, 0x60, 0xb, 0xff, 0xf6, 0x0,
    0xbf, 0xff, 0x60, 0xb, 0xff, 0xf6, 0x0, 0xbf,
    0xff, 0x60, 0xb, 0xff, 0xf6, 0x0, 0xbf, 0xff,
    0x60, 0xb, 0xff, 0xf6, 0x0, 0xbf, 0xff, 0x60,
    0xb, 0xff, 0xf7, 0x10, 0xbf, 0xff, 0xff, 0x8b,
    0xff, 0xff, 0xf8, 0xbf, 0xff, 0xff, 0x80,

    /* U+005C "\\" */
    0xcf, 0xfe, 0x0, 0x0, 0x0, 0x0, 0x6, 0xff,
    0xf3, 0x0, 0x0, 0x0, 0x0, 0x1f, 0xff, 0x90,
    0x0, 0x0, 0x0, 0x0, 0xbf, 0xfe, 0x0, 0x0,
    0x0, 0x0, 0x6, 0xff, 0xf4, 0x0, 0x0, 0x0,
    0x0, 0x1f, 0xff, 0x90, 0x0, 0x0, 0x0, 0x0,
    0xbf, 0xfe, 0x0, 0x0, 0x0, 0x0, 0x6, 0xff,
    0xf4, 0x0, 0x0, 0x0, 0x0, 0x1f, 0xff, 0x90,
    0x0, 0x0, 0x0, 0x0, 0xbf, 0xfe, 0x0, 0x0,
    0x0, 0x0, 0x6, 0xff, 0xf4, 0x0, 0x0, 0x0,
    0x0, 0x1f, 0xff, 0x90, 0x0, 0x0, 0x0, 0x0,
    0xbf, 0xfe, 0x0, 0x0, 0x0, 0x0, 0x5, 0xff,
    0xf4, 0x0, 0x0, 0x0, 0x0, 0xf, 0xff, 0xa0,
    0x0, 0x0, 0x0, 0x0, 0xbf, 0xff, 0x0, 0x0,
    0x0, 0x0, 0x5, 0xff, 0xf4, 0x0, 0x0, 0x0,
    0x0, 0xf, 0xff, 0xa0, 0x0, 0x0, 0x0, 0x0,
    0xaf, 0xff, 0x0, 0x0, 0x0, 0x0, 0x5, 0xff,
    0xf5, 0x0, 0x0, 0x0, 0x0, 0xf, 0xff, 0xa0,
    0x0, 0x0, 0x0, 0x0, 0xaf, 0xff, 0x0, 0x0,
    0x0, 0x0, 0x5, 0xff, 0xf5, 0x0, 0x0, 0x0,
    0x0, 0xf, 0xff, 0xa0, 0x0, 0x0, 0x0, 0x0,
    0xaf, 0xff, 0x0, 0x0, 0x0, 0x0, 0x5, 0xff,
    0xf5, 0x0, 0x0, 0x0, 0x0, 0x7, 0x88, 0x40,

    /* U+005D "]" */
    0x8f, 0xff, 0xff, 0xb8, 0xff, 0xff, 0xfb, 0x8f,
    0xff, 0xff, 0xb0, 0x17, 0xff, 0xfb, 0x0, 0x6f,
    0xff, 0xb0, 0x6, 0xff, 0xfb, 0x0, 0x6f, 0xff,
    0xb0, 0x6, 0xff, 0xfb, 0x0, 0x6f, 0xff, 0xb0,
    0x6, 0xff, 0xfb, 0x0, 0x6f, 0xff, 0xb0, 0x6,
    0xff, 0xfb, 0x0, 0x6f, 0xff, 0xb0, 0x6, 0xff,
    0xfb, 0x0, 0x6f, 0xff, 0xb0, 0x6, 0xff, 0xfb,
    0x0, 0x6f, 0xff, 0xb0, 0x6, 0xff, 0xfb, 0x0,
    0x6f, 0xff, 0xb0, 0x6, 0xff, 0xfb, 0x0, 0x6f,
    0xff, 0xb0, 0x6, 0xff, 0xfb, 0x0, 0x6f, 0xff,
    0xb0, 0x17, 0xff, 0xfb, 0x8f, 0xff, 0xff, 0xb8,
    0xff, 0xff, 0xfb, 0x8f, 0xff, 0xff, 0xb0,

    /* U+005E "^" */
    0x0, 0x0, 0x1, 0xef, 0xff, 0x20, 0x0, 0x0,
    0x0, 0x0, 0x9, 0xff, 0xff, 0xa0, 0x0, 0x0,
    0x0, 0x0, 0x2f, 0xff, 0xff, 0xf3, 0x0, 0x0,
    0x0, 0x0, 0xaf, 0xff, 0xff, 0xfc, 0x0, 0x0,
    0x0, 0x3, 0xff, 0xff, 0xff, 0xff, 0x40, 0x0,
    0x0, 0xc, 0xff, 0xf6, 0x9f, 0xff, 0xd0, 0x0,
    0x0, 0x5f, 0xff, 0xd0, 0x1f, 0xff, 0xf6, 0x0,
    0x0, 0xdf, 0xff, 0x50, 0x8, 0xff, 0xfe, 0x0,
    0x7, 0xff, 0xfc, 0x0, 0x1, 0xef, 0xff, 0x70,
    0x1e, 0xff, 0xf4, 0x0, 0x0, 0x7f, 0xff, 0xf1,
    0x8f, 0xff, 0xb0, 0x0, 0x0, 0xe, 0xff, 0xf8,
    0x7, 0xef, 0x30, 0x0, 0x0, 0x5, 0xfe, 0x70,
    0x0, 0x5, 0x0, 0x0, 0x0, 0x0, 0x50, 0x0,

    /* U+005F "_" */
    0xa, 0xaa, 0xaa, 0xaa, 0xaa, 0xaa, 0xaa, 0xa8,
    0x1f, 0xff, 0xff, 0xff, 0xff, 0xff, 0xff, 0xfc,
    0x1f, 0xff, 0xff, 0xff, 0xff, 0xff, 0xff, 0xfc,
    0x1f, 0xff, 0xff, 0xff, 0xff, 0xff, 0xff, 0xfc,

    /* U+0060 "`" */
    0x0, 0x0, 0x10, 0x0, 0x0, 0x7e, 0x90, 0x0,
    0x3e, 0xff, 0xf2, 0x0, 0xb, 0xff, 0xfa, 0x0,
    0x1, 0xef, 0xff, 0x20, 0x0, 0x3f, 0xff, 0xa0,
    0x0, 0x7, 0xff, 0xc0, 0x0, 0x0, 0x84, 0x0,

    /* U+0061 "a" */
    0x0, 0x6, 0xbe, 0xff, 0xeb, 0x60, 0x0, 0x0,
    0x2, 0xcf, 0xff, 0xff, 0xff, 0xfd, 0x20, 0x0,
    0x1d, 0xff, 0xff, 0xff, 0xff, 0xff, 0xd0, 0x0,
    0xa, 0xff, 0xe9, 0x78, 0xef, 0xff, 0xf5, 0x0,
    0x0, 0x7c, 0x10, 0x0, 0x1f, 0xff, 0xf9, 0x0,
    0x0, 0x0, 0x0, 0x0, 0xc, 0xff, 0xfa, 0x0,
    0x0, 0x1, 0x47, 0x78, 0x8d, 0xff, 0xfb, 0x0,
    0x1, 0xaf, 0xff, 0xff, 0xff, 0xff, 0xfb, 0x0,
    0x1e, 0xff, 0xff, 0xff, 0xff, 0xff, 0xfb, 0x0,
    0x9f, 0xff, 0xe4, 0x0, 0xb, 0xff, 0xfb, 0x0,
    0xef, 0xff, 0x80, 0x0, 0xb, 0xff, 0xfb, 0x0,
    0xff, 0xff, 0x80, 0x0, 0xd, 0xff, 0xfb, 0x0,
    0xdf, 0xff, 0xe4, 0x13, 0xaf, 0xff, 0xfd, 0x61,
    0x8f, 0xff, 0xff, 0xff, 0xf6, 0xff, 0xff, 0xf2,
    0x1d, 0xff, 0xff, 0xff, 0xa0, 0xbf, 0xff, 0xf2,
    0x1, 0x8d, 0xfe, 0xc6, 0x0, 0x1a, 0xff, 0xf2,

    /* U+0062 "b" */
    0xff, 0xff, 0x80, 0x0, 0x0, 0x0, 0x0, 0xf,
    0xff, 0xf8, 0x0, 0x0, 0x0, 0x0, 0x0, 0xff,
    0xff, 0x80, 0x0, 0x0, 0x0, 0x0, 0xf, 0xff,
    0xf8, 0x0, 0x0, 0x0, 0x0, 0x0, 0xff, 0xff,
    0x80, 0x0, 0x0, 0x0, 0x0, 0xf, 0xff, 0xf8,
    0x0, 0x0, 0x0, 0x0, 0x0, 0xff, 0xff, 0x80,
    0x4c, 0xff, 0xc7, 0x0, 0xf, 0xff, 0xf8, 0x7f,
    0xff, 0xff, 0xfd, 0x10, 0xff, 0xff, 0xaf, 0xff,
    0xff, 0xff, 0xfa, 0xf, 0xff, 0xff, 0xfb, 0x9d,
    0xff, 0xff, 0xf3, 0xff, 0xff, 0xe2, 0x0, 0x8,
    0xff, 0xff, 0x8f, 0xff, 0xf9, 0x0, 0x0, 0xe,
    0xff, 0xfb, 0xff, 0xff, 0x80, 0x0, 0x0, 0xbf,
    0xff, 0xdf, 0xff, 0xf8, 0x0, 0x0, 0xa, 0xff,
    0xfe, 0xff, 0xff, 0x80, 0x0, 0x0, 0xaf, 0xff,
    0xef, 0xff, 0xf8, 0x0, 0x0, 0xb, 0xff, 0xfd,
    0xff, 0xff, 0x90, 0x0, 0x0, 0xef, 0xff, 0xbf,
    0xff, 0xfe, 0x20, 0x0, 0x8f, 0xff, 0xf8, 0xff,
    0xff, 0xff, 0xb9, 0xdf, 0xff, 0xff, 0x3f, 0xff,
    0xfa, 0xff, 0xff, 0xff, 0xff, 0xa0, 0xff, 0xff,
    0x87, 0xff, 0xff, 0xff, 0xd1, 0xf, 0xff, 0xf8,
    0x5, 0xcf, 0xfc, 0x70, 0x0,

    /* U+0063 "c" */
    0x0, 0x1, 0x8c, 0xef, 0xeb, 0x60, 0x0, 0x0,
    0x5f, 0xff, 0xff, 0xff, 0xfd, 0x10, 0x4, 0xff,
    0xff, 0xff, 0xff, 0xff, 0xd0, 0xe, 0xff, 0xff,
    0xa8, 0xbf, 0xff, 0xf6, 0x5f, 0xff, 0xf5, 0x0,
    0x6, 0xff, 0x92, 0xaf, 0xff, 0xd0, 0x0, 0x0,
    0x50, 0x0, 0xdf, 0xff, 0xb0, 0x0, 0x0, 0x0,
    0x0, 0xef, 0xff, 0xb0, 0x0, 0x0, 0x0, 0x0,
    0xef, 0xff, 0xb0, 0x0, 0x0, 0x0, 0x0, 0xdf,
    0xff, 0xb0, 0x0, 0x0, 0x0, 0x0, 0xaf, 0xff,
    0xd0, 0x0, 0x0, 0x73, 0x0, 0x5f, 0xff, 0xf5,
    0x0, 0x5, 0xff, 0xd5, 0xe, 0xff, 0xff, 0xa8,
    0xaf, 0xff, 0xf7, 0x4, 0xff, 0xff, 0xff, 0xff,
    0xff, 0xd0, 0x0, 0x5f, 0xff, 0xff, 0xff, 0xfd,
    0x20, 0x0, 0x1, 0x7c, 0xef, 0xeb, 0x60, 0x0,

    /* U+0064 "d" */
    0x0, 0x0, 0x0, 0x0, 0x0, 0x4f, 0xff, 0xf2,
    0x0, 0x0, 0x0, 0x0, 0x0, 0x4f, 0xff, 0xf2,
    0x0, 0x0, 0x0, 0x0, 0x0, 0x4f, 0xff, 0xf2,
    0x0, 0x0, 0x0, 0x0, 0x0, 0x4f, 0xff, 0xf2,
    0x0, 0x0, 0x0, 0x0, 0x0, 0x4f, 0xff, 0xf2,
    0x0, 0x0, 0x0, 0x0, 0x0, 0x4f, 0xff, 0xf2,
    0x0, 0x5, 0xbe, 0xfd, 0x60, 0x4f, 0xff, 0xf2,
    0x0, 0xaf, 0xff, 0xff, 0xfb, 0x4f, 0xff, 0xf2,
    0x7, 0xff, 0xff, 0xff, 0xff, 0xaf, 0xff, 0xf2,
    0xe, 0xff, 0xff, 0xea, 0xae, 0xff, 0xff, 0xf2,
    0x4f, 0xff, 0xfb, 0x0, 0x0, 0xcf, 0xff, 0xf2,
    0x7f, 0xff, 0xf2, 0x0, 0x0, 0x5f, 0xff, 0xf2,
    0xaf, 0xff, 0xf0, 0x0, 0x0, 0x4f, 0xff, 0xf2,
    0xaf, 0xff, 0xe0, 0x0, 0x0, 0x4f, 0xff, 0xf2,
    0xaf, 0xff, 0xe0, 0x0, 0x0, 0x4f, 0xff, 0xf2,
    0x9f, 0xff, 0xf0, 0x0, 0x0, 0x4f, 0xff, 0xf2,
    0x7f, 0xff, 0xf2, 0x0, 0x0, 0x5f, 0xff, 0xf2,
    0x4f, 0xff, 0xfb, 0x0, 0x0, 0xcf, 0xff, 0xf2,
    0xe, 0xff, 0xff, 0xea, 0xae, 0xff, 0xff, 0xf2,
    0x7, 0xff, 0xff, 0xff, 0xff, 0xaf, 0xff, 0xf2,
    0x0, 0xaf, 0xff, 0xff, 0xfb, 0x4f, 0xff, 0xf2,
    0x0, 0x5, 0xbe, 0xfd, 0x70, 0x4f, 0xff, 0xf2,

    /* U+0065 "e" */
    0x0, 0x1, 0x7c, 0xef, 0xec, 0x70, 0x0, 0x0,
    0x4, 0xef, 0xff, 0xff, 0xff, 0xe3, 0x0, 0x3,
    0xff, 0xff, 0xff, 0xff, 0xff, 0xf3, 0x0, 0xef,
    0xff, 0xe7, 0x46, 0xef, 0xff, 0xd0, 0x5f, 0xff,
    0xf3, 0x0, 0x3, 0xff, 0xff, 0x3a, 0xff, 0xfc,
    0x0, 0x0, 0xe, 0xff, 0xf8, 0xdf, 0xff, 0xeb,
    0xbb, 0xbb, 0xff, 0xff, 0xbe, 0xff, 0xff, 0xff,
    0xff, 0xff, 0xff, 0xfc, 0xef, 0xff, 0xff, 0xff,
    0xff, 0xff, 0xff, 0xcd, 0xff, 0xfb, 0x0, 0x0,
    0x0, 0x0, 0x0, 0xaf, 0xff, 0xe0, 0x0, 0x0,
    0x0, 0x0, 0x5, 0xff, 0xff, 0x70, 0x0, 0x2,
    0xda, 0x0, 0xd, 0xff, 0xff, 0xc8, 0x7a, 0xff,
    0xf7, 0x0, 0x3f, 0xff, 0xff, 0xff, 0xff, 0xff,
    0xe0, 0x0, 0x4e, 0xff, 0xff, 0xff, 0xff, 0xc2,
    0x0, 0x0, 0x7, 0xbe, 0xfe, 0xd9, 0x40, 0x0,

    /* U+0066 "f" */
    0x0, 0x0, 0x3b, 0xef, 0xff, 0x70, 0x0, 0x4f,
    0xff, 0xff, 0xf7, 0x0, 0xd, 0xff, 0xff, 0xff,
    0x70, 0x1, 0xff, 0xff, 0x96, 0x62, 0x0, 0x2f,
    0xff, 0xf4, 0x0, 0x0, 0x2, 0xff, 0xff, 0x40,
    0x0, 0x6f, 0xff, 0xff, 0xff, 0xff, 0x76, 0xff,
    0xff, 0xff, 0xff, 0xf7, 0x6f, 0xff, 0xff, 0xff,
    0xff, 0x72, 0x68, 0xff, 0xff, 0x96, 0x62, 0x0,
    0x2f, 0xff, 0xf4, 0x0, 0x0, 0x2, 0xff, 0xff,
    0x40, 0x0, 0x0, 0x2f, 0xff, 0xf4, 0x0, 0x0,
    0x2, 0xff, 0xff, 0x40, 0x0, 0x0, 0x2f, 0xff,
    0xf4, 0x0, 0x0, 0x2, 0xff, 0xff, 0x40, 0x0,
    0x0, 0x2f, 0xff, 0xf4, 0x0, 0x0, 0x2, 0xff,
    0xff, 0x40, 0x0, 0x0, 0x2f, 0xff, 0xf4, 0x0,
    0x0, 0x2, 0xff, 0xff, 0x40, 0x0, 0x0, 0x2f,
    0xff, 0xf4, 0x0, 0x0, 0x2, 0xff, 0xff, 0x40,
    0x0,

    /* U+0067 "g" */
    0x0, 0x0, 0x0, 0x0, 0x0, 0x5, 0xef, 0xfb,
    0x0, 0x0, 0x0, 0x0, 0x0, 0x0, 0xff, 0xff,
    0xb0, 0x0, 0x0, 0x0, 0x0, 0x0, 0x1f, 0xff,
    0xfb, 0x0, 0x0, 0x6, 0xbe, 0xff, 0xfe, 0xfa,
    0x44, 0x30, 0x0, 0x2d, 0xff, 0xff, 0xff, 0xff,
    0xfa, 0x0, 0x0, 0xd, 0xff, 0xff, 0xff, 0xff,
    0xff, 0xf6, 0x0, 0x5, 0xff, 0xff, 0x50, 0x2,
    0xcf, 0xff, 0xb0, 0x0, 0x8f, 0xff, 0xa0, 0x0,
    0x4, 0xff, 0xfe, 0x0, 0x8, 0xff, 0xfa, 0x0,
    0x0, 0x4f, 0xff, 0xe0, 0x0, 0x5f, 0xff, 0xf4,
    0x0, 0x1b, 0xff, 0xfa, 0x0, 0x0, 0xdf, 0xff,
    0xff, 0xef, 0xff, 0xff, 0x30, 0x0, 0x2, 0xdf,
    0xff, 0xff, 0xff, 0xff, 0x50, 0x0, 0x0, 0x5,
    0xfc, 0xdf, 0xfe, 0xc8, 0x20, 0x0, 0x0, 0x1c,
    0xfd, 0x0, 0x0, 0x0, 0x0, 0x0, 0x0, 0x8,
    0xff, 0xd0, 0x0, 0x0, 0x0, 0x0, 0x0, 0x0,
    0xaf, 0xff, 0xec, 0xcc, 0xcc, 0xba, 0x71, 0x0,
    0x6, 0xff, 0xff, 0xff, 0xff, 0xff, 0xff, 0xf5,
    0x0, 0x9, 0xff, 0xff, 0xff, 0xff, 0xff, 0xff,
    0xf2, 0x0, 0x5b, 0xff, 0xff, 0xff, 0xff, 0xff,
    0xff, 0x70, 0xaf, 0xf5, 0x0, 0x0, 0x0, 0x3d,
    0xff, 0xfa, 0x3f, 0xff, 0x20, 0x0, 0x0, 0x0,
    0x9f, 0xff, 0x94, 0xff, 0xfa, 0x10, 0x0, 0x0,
    0x3e, 0xff, 0xf6, 0x1f, 0xff, 0xff, 0xfe, 0xee,
    0xff, 0xff, 0xfd, 0x0, 0x6f, 0xff, 0xff, 0xff,
    0xff, 0xff, 0xfc, 0x20, 0x0, 0x17, 0xbd, 0xff,
    0xff, 0xec, 0x84, 0x0, 0x0,

    /* U+0068 "h" */
    0xff, 0xff, 0x80, 0x0, 0x0, 0x0, 0x0, 0xff,
    0xff, 0x80, 0x0, 0x0, 0x0, 0x0, 0xff, 0xff,
    0x80, 0x0, 0x0, 0x0, 0x0, 0xff, 0xff, 0x80,
    0x0, 0x0, 0x0, 0x0, 0xff, 0xff, 0x80, 0x0,
    0x0, 0x0, 0x0, 0xff, 0xff, 0x80, 0x0, 0x0,
    0x0, 0x0, 0xff, 0xff, 0x80, 0x4c, 0xef, 0xc6,
    0x0, 0xff, 0xff, 0x86, 0xff, 0xff, 0xff, 0x90,
    0xff, 0xff, 0x9f, 0xff, 0xff, 0xff, 0xf4, 0xff,
    0xff, 0xff, 0xb9, 0xdf, 0xff, 0xfa, 0xff, 0xff,
    0xe2, 0x0, 0xd, 0xff, 0xfd, 0xff, 0xff, 0x90,
    0x0, 0x8, 0xff, 0xff, 0xff, 0xff, 0x80, 0x0,
    0x7, 0xff, 0xff, 0xff, 0xff, 0x80, 0x0, 0x7,
    0xff, 0xff, 0xff, 0xff, 0x80, 0x0, 0x7, 0xff,
    0xff, 0xff, 0xff, 0x80, 0x0, 0x7, 0xff, 0xff,
    0xff, 0xff, 0x80, 0x0, 0x7, 0xff, 0xff, 0xff,
    0xff, 0x80, 0x0, 0x7, 0xff, 0xff, 0xff, 0xff,
    0x80, 0x0, 0x7, 0xff, 0xff, 0xff, 0xff, 0x80,
    0x0, 0x7, 0xff, 0xff, 0xff, 0xff, 0x80, 0x0,
    0x7, 0xff, 0xff, 0xff, 0xff, 0x80, 0x0, 0x7,
    0xff, 0xff,

    /* U+0069 "i" */
    0x7, 0xef, 0xc2, 0x2f, 0xff, 0xfb, 0x4f, 0xff,
    0xfd, 0x2f, 0xff, 0xfb, 0x7, 0xef, 0xc2, 0x0,
    0x0, 0x0, 0xf, 0xff, 0xf8, 0xf, 0xff, 0xf8,
    0xf, 0xff, 0xf8, 0xf, 0xff, 0xf8, 0xf, 0xff,
    0xf8, 0xf, 0xff, 0xf8, 0xf, 0xff, 0xf8, 0xf,
    0xff, 0xf8, 0xf, 0xff, 0xf8, 0xf, 0xff, 0xf8,
    0xf, 0xff, 0xf8, 0xf, 0xff, 0xf8, 0xf, 0xff,
    0xf8, 0xf, 0xff, 0xf8, 0xf, 0xff, 0xf8, 0xf,
    0xff, 0xf8,

    /* U+006A "j" */
    0x0, 0x7, 0xef, 0xc2, 0x0, 0x2f, 0xff, 0xfb,
    0x0, 0x4f, 0xff, 0xfd, 0x0, 0x2f, 0xff, 0xfb,
    0x0, 0x7, 0xef, 0xc2, 0x0, 0x0, 0x0, 0x0,
    0x0, 0xf, 0xff, 0xf8, 0x0, 0xf, 0xff, 0xf8,
    0x0, 0xf, 0xff, 0xf8, 0x0, 0xf, 0xff, 0xf8,
    0x0, 0xf, 0xff, 0xf8, 0x0, 0xf, 0xff, 0xf8,
    0x0, 0xf, 0xff, 0xf8, 0x0, 0xf, 0xff, 0xf8,
    0x0, 0xf, 0xff, 0xf8, 0x0, 0xf, 0xff, 0xf8,
    0x0, 0xf, 0xff, 0xf8, 0x0, 0xf, 0xff, 0xf8,
    0x0, 0xf, 0xff, 0xf8, 0x0, 0xf, 0xff, 0xf8,
    0x0, 0xf, 0xff, 0xf8, 0x0, 0xf, 0xff, 0xf8,
    0x0, 0xf, 0xff, 0xf8, 0x0, 0xf, 0xff, 0xf8,
    0x16, 0x6f, 0xff, 0xf7, 0x4f, 0xff, 0xff, 0xf3,
    0x4f, 0xff, 0xff, 0xb0, 0x4f, 0xff, 0xd8, 0x0,

    /* U+006B "k" */
    0xff, 0xff, 0x80, 0x0, 0x0, 0x0, 0x0, 0x0,
    0xff, 0xff, 0x80, 0x0, 0x0, 0x0, 0x0, 0x0,
    0xff, 0xff, 0x80, 0x0, 0x0, 0x0, 0x0, 0x0,
    0xff, 0xff, 0x80, 0x0, 0x0, 0x0, 0x0, 0x0,
    0xff, 0xff, 0x80, 0x0, 0x0, 0x0, 0x0, 0x0,
    0xff, 0xff, 0x80, 0x0, 0x0, 0x0, 0x0, 0x0,
    0xff, 0xff, 0x80, 0x0, 0x9, 0xff, 0xff, 0x40,
    0xff, 0xff, 0x80, 0x0, 0x7f, 0xff, 0xf6, 0x0,
    0xff, 0xff, 0x80, 0x4, 0xff, 0xff, 0x80, 0x0,
    0xff, 0xff, 0x80, 0x2f, 0xff, 0xfb, 0x0, 0x0,
    0xff, 0xff, 0x80, 0xcf, 0xff, 0xc0, 0x0, 0x0,
    0xff, 0xff, 0x87, 0xff, 0xfe, 0x10, 0x0, 0x0,
    0xff, 0xff, 0xbf, 0xff, 0xfa, 0x0, 0x0, 0x0,
    0xff, 0xff, 0xff, 0xff, 0xff, 0x40, 0x0, 0x0,
    0xff, 0xff, 0xff, 0xff, 0xff, 0xd0, 0x0, 0x0,
    0xff, 0xff, 0xff, 0x9f, 0xff, 0xf7, 0x0, 0x0,
    0xff, 0xff, 0xf6, 0xd, 0xff, 0xff, 0x10, 0x0,
    0xff, 0xff, 0x90, 0x5, 0xff, 0xff, 0xa0, 0x0,
    0xff, 0xff, 0x80, 0x0, 0xcf, 0xff, 0xf3, 0x0,
    0xff, 0xff, 0x80, 0x0, 0x4f, 0xff, 0xfd, 0x0,
    0xff, 0xff, 0x80, 0x0, 0xc, 0xff, 0xff, 0x60,
    0xff, 0xff, 0x80, 0x0, 0x3, 0xff, 0xff, 0xe1,

    /* U+006C "l" */
    0xff, 0xff, 0x80, 0xf, 0xff, 0xf8, 0x0, 0xff,
    0xff, 0x80, 0xf, 0xff, 0xf8, 0x0, 0xff, 0xff,
    0x80, 0xf, 0xff, 0xf8, 0x0, 0xff, 0xff, 0x80,
    0xf, 0xff, 0xf8, 0x0, 0xff, 0xff, 0x80, 0xf,
    0xff, 0xf8, 0x0, 0xff, 0xff, 0x80, 0xf, 0xff,
    0xf8, 0x0, 0xff, 0xff, 0x80, 0xf, 0xff, 0xf8,
    0x0, 0xff, 0xff, 0x80, 0xf, 0xff, 0xf8, 0x0,
    0xff, 0xff, 0x80, 0xe, 0xff, 0xf8, 0x0, 0xef,
    0xff, 0xb6, 0x3a, 0xff, 0xff, 0xf7, 0x3f, 0xff,
    0xff, 0x70, 0x3b, 0xef, 0xf7,

    /* U+006D "m" */
    0xff, 0xff, 0x80, 0x5c, 0xfe, 0xb4, 0x0, 0x4,
    0xbe, 0xfd, 0x60, 0xf, 0xff, 0xf8, 0x7f, 0xff,
    0xff, 0xf6, 0x7, 0xff, 0xff, 0xff, 0x90, 0xff,
    0xff, 0xaf, 0xff, 0xff, 0xff, 0xf5, 0xff, 0xff,
    0xff, 0xff, 0x3f, 0xff, 0xff, 0xfa, 0xaf, 0xff,
    0xff, 0xff, 0xba, 0xef, 0xff, 0xf9, 0xff, 0xff,
    0xe2, 0x0, 0x3f, 0xff, 0xff, 0x40, 0x1, 0xef,
    0xff, 0xcf, 0xff, 0xf9, 0x0, 0x0, 0xdf, 0xff,
    0xc0, 0x0, 0xa, 0xff, 0xfe, 0xff, 0xff, 0x80,
    0x0, 0xb, 0xff, 0xfb, 0x0, 0x0, 0x8f, 0xff,
    0xef, 0xff, 0xf8, 0x0, 0x0, 0xbf, 0xff, 0xb0,
    0x0, 0x8, 0xff, 0xff, 0xff, 0xff, 0x80, 0x0,
    0xb, 0xff, 0xfb, 0x0, 0x0, 0x8f, 0xff, 0xff,
    0xff, 0xf8, 0x0, 0x0, 0xbf, 0xff, 0xb0, 0x0,
    0x8, 0xff, 0xff, 0xff, 0xff, 0x80, 0x0, 0xb,
    0xff, 0xfb, 0x0, 0x0, 0x8f, 0xff, 0xff, 0xff,
    0xf8, 0x0, 0x0, 0xbf, 0xff, 0xb0, 0x0, 0x8,
    0xff, 0xff, 0xff, 0xff, 0x80, 0x0, 0xb, 0xff,
    0xfb, 0x0, 0x0, 0x8f, 0xff, 0xff, 0xff, 0xf8,
    0x0, 0x0, 0xbf, 0xff, 0xb0, 0x0, 0x8, 0xff,
    0xff, 0xff, 0xff, 0x80, 0x0, 0xb, 0xff, 0xfb,
    0x0, 0x0, 0x8f, 0xff, 0xff, 0xff, 0xf8, 0x0,
    0x0, 0xbf, 0xff, 0xb0, 0x0, 0x8, 0xff, 0xff,

    /* U+006E "n" */
    0xff, 0xff, 0x80, 0x4c, 0xef, 0xc6, 0x0, 0xff,
    0xff, 0x86, 0xff, 0xff, 0xff, 0x90, 0xff, 0xff,
    0xaf, 0xff, 0xff, 0xff, 0xf4, 0xff, 0xff, 0xff,
    0xb9, 0xdf, 0xff, 0xfa, 0xff, 0xff, 0xe2, 0x0,
    0xd, 0xff, 0xfd, 0xff, 0xff, 0x90, 0x0, 0x8,
    0xff, 0xff, 0xff, 0xff, 0x80, 0x0, 0x7, 0xff,
    0xff, 0xff, 0xff, 0x80, 0x0, 0x7, 0xff, 0xff,
    0xff, 0xff, 0x80, 0x0, 0x7, 0xff, 0xff, 0xff,
    0xff, 0x80, 0x0, 0x7, 0xff, 0xff, 0xff, 0xff,
    0x80, 0x0, 0x7, 0xff, 0xff, 0xff, 0xff, 0x80,
    0x0, 0x7, 0xff, 0xff, 0xff, 0xff, 0x80, 0x0,
    0x7, 0xff, 0xff, 0xff, 0xff, 0x80, 0x0, 0x7,
    0xff, 0xff, 0xff, 0xff, 0x80, 0x0, 0x7, 0xff,
    0xff, 0xff, 0xff, 0x80, 0x0, 0x7, 0xff, 0xff,

    /* U+006F "o" */
    0x0, 0x1, 0x7c, 0xef, 0xec, 0x70, 0x0, 0x0,
    0x4, 0xef, 0xff, 0xff, 0xff, 0xe3, 0x0, 0x3,
    0xff, 0xff, 0xff, 0xff, 0xff, 0xf2, 0x0, 0xdf,
    0xff, 0xfa, 0x8b, 0xff, 0xff, 0xc0, 0x5f, 0xff,
    0xf5, 0x0, 0x6, 0xff, 0xff, 0x39, 0xff, 0xfd,
    0x0, 0x0, 0xe, 0xff, 0xf8, 0xdf, 0xff, 0xb0,
    0x0, 0x0, 0xcf, 0xff, 0xbe, 0xff, 0xfb, 0x0,
    0x0, 0xc, 0xff, 0xfc, 0xef, 0xff, 0xb0, 0x0,
    0x0, 0xcf, 0xff, 0xcc, 0xff, 0xfb, 0x0, 0x0,
    0xc, 0xff, 0xfb, 0x9f, 0xff, 0xd0, 0x0, 0x0,
    0xef, 0xff, 0x85, 0xff, 0xff, 0x40, 0x0, 0x6f,
    0xff, 0xf3, 0xd, 0xff, 0xff, 0xa8, 0xbf, 0xff,
    0xfc, 0x0, 0x3f, 0xff, 0xff, 0xff, 0xff, 0xff,
    0x20, 0x0, 0x4e, 0xff, 0xff, 0xff, 0xfe, 0x30,
    0x0, 0x0, 0x17, 0xce, 0xfe, 0xc7, 0x0, 0x0,

    /* U+0070 "p" */
    0xff, 0xff, 0x80, 0x5c, 0xff, 0xc7, 0x0, 0xf,
    0xff, 0xf8, 0x8f, 0xff, 0xff, 0xfd, 0x10, 0xff,
    0xff, 0xaf, 0xff, 0xff, 0xff, 0xfa, 0xf, 0xff,
    0xff, 0xfb, 0x9d, 0xff, 0xff, 0xf3, 0xff, 0xff,
    0xe2, 0x0, 0x8, 0xff, 0xff, 0x8f, 0xff, 0xf9,
    0x0, 0x0, 0xe, 0xff, 0xfb, 0xff, 0xff, 0x80,
    0x0, 0x0, 0xbf, 0xff, 0xdf, 0xff, 0xf8, 0x0,
    0x0, 0xa, 0xff, 0xfe, 0xff, 0xff, 0x80, 0x0,
    0x0, 0xaf, 0xff, 0xef, 0xff, 0xf8, 0x0, 0x0,
    0xb, 0xff, 0xfd, 0xff, 0xff, 0x90, 0x0, 0x0,
    0xef, 0xff, 0xbf, 0xff, 0xfe, 0x20, 0x0, 0x8f,
    0xff, 0xf8, 0xff, 0xff, 0xff, 0xb9, 0xdf, 0xff,
    0xff, 0x3f, 0xff, 0xfa, 0xff, 0xff, 0xff, 0xff,
    0xa0, 0xff, 0xff, 0x87, 0xff, 0xff, 0xff, 0xd1,
    0xf, 0xff, 0xf8, 0x5, 0xcf, 0xfc, 0x70, 0x0,
    0xff, 0xff, 0x80, 0x0, 0x0, 0x0, 0x0, 0xf,
    0xff, 0xf8, 0x0, 0x0, 0x0, 0x0, 0x0, 0xff,
    0xff, 0x80, 0x0, 0x0, 0x0, 0x0, 0xf, 0xff,
    0xf8, 0x0, 0x0, 0x0, 0x0, 0x0, 0xff, 0xff,
    0x80, 0x0, 0x0, 0x0, 0x0, 0xf, 0xff, 0xf8,
    0x0, 0x0, 0x0, 0x0, 0x0,

    /* U+0071 "q" */
    0x0, 0x5, 0xbe, 0xfd, 0x70, 0x4f, 0xff, 0xf2,
    0x0, 0xaf, 0xff, 0xff, 0xfb, 0x4f, 0xff, 0xf2,
    0x7, 0xff, 0xff, 0xff, 0xff, 0xaf, 0xff, 0xf2,
    0xe, 0xff, 0xff, 0xea, 0xae, 0xff, 0xff, 0xf2,
    0x4f, 0xff, 0xfb, 0x0, 0x0, 0xcf, 0xff, 0xf2,
    0x7f, 0xff, 0xf2, 0x0, 0x0, 0x5f, 0xff, 0xf2,
    0xaf, 0xff, 0xf0, 0x0, 0x0, 0x4f, 0xff, 0xf2,
    0xaf, 0xff, 0xe0, 0x0, 0x0, 0x4f, 0xff, 0xf2,
    0xaf, 0xff, 0xe0, 0x0, 0x0, 0x4f, 0xff, 0xf2,
    0x9f, 0xff, 0xf0, 0x0, 0x0, 0x4f, 0xff, 0xf2,
    0x7f, 0xff, 0xf2, 0x0, 0x0, 0x5f, 0xff, 0xf2,
    0x4f, 0xff, 0xfb, 0x0, 0x0, 0xcf, 0xff, 0xf2,
    0xe, 0xff, 0xff, 0xea, 0xae, 0xff, 0xff, 0xf2,
    0x7, 0xff, 0xff, 0xff, 0xff, 0x9f, 0xff, 0xf2,
    0x0, 0xaf, 0xff, 0xff, 0xfb, 0x4f, 0xff, 0xf2,
    0x0, 0x5, 0xbe, 0xfd, 0x60, 0x4f, 0xff, 0xf2,
    0x0, 0x0, 0x0, 0x0, 0x0, 0x4f, 0xff, 0xf2,
    0x0, 0x0, 0x0, 0x0, 0x0, 0x4f, 0xff, 0xf2,
    0x0, 0x0, 0x0, 0x0, 0x0, 0x4f, 0xff, 0xf2,
    0x0, 0x0, 0x0, 0x0, 0x0, 0x4f, 0xff, 0xf2,
    0x0, 0x0, 0x0, 0x0, 0x0, 0x4f, 0xff, 0xf2,
    0x0, 0x0, 0x0, 0x0, 0x0, 0x4f, 0xff, 0xf2,

    /* U+0072 "r" */
    0xff, 0xff, 0x80, 0x5d, 0xf7, 0xff, 0xff, 0x87,
    0xff, 0xf7, 0xff, 0xff, 0x9f, 0xff, 0xf7, 0xff,
    0xff, 0xef, 0xff, 0xf7, 0xff, 0xff, 0xfb, 0x42,
    0x10, 0xff, 0xff, 0xc0, 0x0, 0x0, 0xff, 0xff,
    0x80, 0x0, 0x0, 0xff, 0xff, 0x80, 0x0, 0x0,
    0xff, 0xff, 0x80, 0x0, 0x0, 0xff, 0xff, 0x80,
    0x0, 0x0, 0xff, 0xff, 0x80, 0x0, 0x0, 0xff,
    0xff, 0x80, 0x0, 0x0, 0xff, 0xff, 0x80, 0x0,
    0x0, 0xff, 0xff, 0x80, 0x0, 0x0, 0xff, 0xff,
    0x80, 0x0, 0x0, 0xff, 0xff, 0x80, 0x0, 0x0,

    /* U+0073 "s" */
    0x0, 0x1, 0x7c, 0xef, 0xfd, 0x93, 0x0, 0x0,
    0x3, 0xef, 0xff, 0xff, 0xff, 0xf9, 0x0, 0x1,
    0xef, 0xff, 0xff, 0xff, 0xff, 0xf8, 0x0, 0x7f,
    0xff, 0xf9, 0x78, 0xdf, 0xfb, 0x0, 0xa, 0xff,
    0xf9, 0x0, 0x0, 0x6a, 0x0, 0x0, 0xaf, 0xff,
    0xc1, 0x0, 0x0, 0x0, 0x0, 0x7, 0xff, 0xff,
    0xfd, 0xb8, 0x50, 0x0, 0x0, 0xd, 0xff, 0xff,
    0xff, 0xff, 0xe6, 0x0, 0x0, 0x1b, 0xff, 0xff,
    0xff, 0xff, 0xf6, 0x0, 0x0, 0x2, 0x79, 0xce,
    0xff, 0xff, 0xe0, 0x0, 0x2, 0x0, 0x0, 0x6,
    0xff, 0xff, 0x10, 0x7, 0xf6, 0x0, 0x0, 0x3f,
    0xff, 0xf1, 0x7, 0xff, 0xfd, 0x87, 0x8e, 0xff,
    0xfd, 0x0, 0xcf, 0xff, 0xff, 0xff, 0xff, 0xff,
    0x50, 0x0, 0xaf, 0xff, 0xff, 0xff, 0xff, 0x50,
    0x0, 0x0, 0x39, 0xde, 0xfe, 0xc7, 0x10, 0x0,

    /* U+0074 "t" */
    0x0, 0xa, 0xff, 0xf5, 0x0, 0x0, 0x0, 0xaf,
    0xff, 0x50, 0x0, 0x0, 0xa, 0xff, 0xf5, 0x0,
    0x0, 0x2, 0xef, 0xff, 0x50, 0x0, 0x5f, 0xff,
    0xff, 0xff, 0xff, 0x75, 0xff, 0xff, 0xff, 0xff,
    0xf7, 0x5f, 0xff, 0xff, 0xff, 0xff, 0x72, 0x67,
    0xff, 0xff, 0x96, 0x63, 0x0, 0x1f, 0xff, 0xf5,
    0x0, 0x0, 0x1, 0xff, 0xff, 0x50, 0x0, 0x0,
    0x1f, 0xff, 0xf5, 0x0, 0x0, 0x1, 0xff, 0xff,
    0x50, 0x0, 0x0, 0x1f, 0xff, 0xf5, 0x0, 0x0,
    0x1, 0xff, 0xff, 0x50, 0x0, 0x0, 0x1f, 0xff,
    0xf5, 0x0, 0x0, 0x1, 0xff, 0xff, 0x50, 0x0,
    0x0, 0xf, 0xff, 0xf9, 0x66, 0x10, 0x0, 0xbf,
    0xff, 0xff, 0xf3, 0x0, 0x2, 0xff, 0xff, 0xff,
    0x30, 0x0, 0x2, 0xae, 0xff, 0xf3,

    /* U+0075 "u" */
    0x1f, 0xff, 0xf5, 0x0, 0x0, 0xaf, 0xff, 0xd1,
    0xff, 0xff, 0x50, 0x0, 0xa, 0xff, 0xfd, 0x1f,
    0xff, 0xf5, 0x0, 0x0, 0xaf, 0xff, 0xd1, 0xff,
    0xff, 0x50, 0x0, 0xa, 0xff, 0xfd, 0x1f, 0xff,
    0xf5, 0x0, 0x0, 0xaf, 0xff, 0xd1, 0xff, 0xff,
    0x50, 0x0, 0xa, 0xff, 0xfd, 0x1f, 0xff, 0xf5,
    0x0, 0x0, 0xaf, 0xff, 0xd1, 0xff, 0xff, 0x50,
    0x0, 0xa, 0xff, 0xfd, 0x1f, 0xff, 0xf5, 0x0,
    0x0, 0xaf, 0xff, 0xd1, 0xff, 0xff, 0x50, 0x0,
    0xa, 0xff, 0xfd, 0x1f, 0xff, 0xf7, 0x0, 0x0,
    0xbf, 0xff, 0xd0, 0xff, 0xff, 0xc0, 0x0, 0x3f,
    0xff, 0xfd, 0xc, 0xff, 0xff, 0xd9, 0xbf, 0xff,
    0xff, 0xd0, 0x6f, 0xff, 0xff, 0xff, 0xfb, 0xff,
    0xfd, 0x0, 0xbf, 0xff, 0xff, 0xf5, 0xaf, 0xff,
    0xd0, 0x0, 0x7d, 0xfe, 0xb4, 0xa, 0xff, 0xfd,

    /* U+0076 "v" */
    0x9f, 0xff, 0xc0, 0x0, 0x0, 0x7, 0xff, 0xfb,
    0x4f, 0xff, 0xf1, 0x0, 0x0, 0xc, 0xff, 0xf6,
    0xe, 0xff, 0xf6, 0x0, 0x0, 0x1f, 0xff, 0xf1,
    0x9, 0xff, 0xfb, 0x0, 0x0, 0x5f, 0xff, 0xb0,
    0x4, 0xff, 0xff, 0x0, 0x0, 0xaf, 0xff, 0x60,
    0x0, 0xef, 0xff, 0x40, 0x0, 0xef, 0xff, 0x10,
    0x0, 0xaf, 0xff, 0x90, 0x3, 0xff, 0xfc, 0x0,
    0x0, 0x5f, 0xff, 0xd0, 0x7, 0xff, 0xf7, 0x0,
    0x0, 0xf, 0xff, 0xf1, 0xb, 0xff, 0xf2, 0x0,
    0x0, 0xa, 0xff, 0xf5, 0xf, 0xff, 0xc0, 0x0,
    0x0, 0x5, 0xff, 0xf9, 0x3f, 0xff, 0x70, 0x0,
    0x0, 0x0, 0xff, 0xfd, 0x7f, 0xff, 0x20, 0x0,
    0x0, 0x0, 0xbf, 0xff, 0xef, 0xfd, 0x0, 0x0,
    0x0, 0x0, 0x5f, 0xff, 0xff, 0xf8, 0x0, 0x0,
    0x0, 0x0, 0x1f, 0xff, 0xff, 0xf2, 0x0, 0x0,
    0x0, 0x0, 0xb, 0xff, 0xff, 0xd0, 0x0, 0x0,

    /* U+0077 "w" */
    0x4f, 0xff, 0xf0, 0x0, 0x0, 0x7f, 0xff, 0xd0,
    0x0, 0x0, 0x9f, 0xff, 0x80, 0xff, 0xff, 0x30,
    0x0, 0xc, 0xff, 0xff, 0x20, 0x0, 0xc, 0xff,
    0xf3, 0xb, 0xff, 0xf7, 0x0, 0x0, 0xff, 0xff,
    0xf6, 0x0, 0x0, 0xff, 0xff, 0x0, 0x7f, 0xff,
    0xa0, 0x0, 0x5f, 0xff, 0xff, 0xb0, 0x0, 0x4f,
    0xff, 0xb0, 0x3, 0xff, 0xfe, 0x0, 0x9, 0xff,
    0xff, 0xff, 0x0, 0x8, 0xff, 0xf6, 0x0, 0xe,
    0xff, 0xf2, 0x0, 0xef, 0xfb, 0xff, 0xf4, 0x0,
    0xcf, 0xff, 0x20, 0x0, 0xaf, 0xff, 0x60, 0x2f,
    0xff, 0x3f, 0xff, 0x80, 0xf, 0xff, 0xe0, 0x0,
    0x5, 0xff, 0xf9, 0x6, 0xff, 0xe0, 0xbf, 0xfc,
    0x3, 0xff, 0xf9, 0x0, 0x0, 0x1f, 0xff, 0xd0,
    0xaf, 0xfa, 0x7, 0xff, 0xf1, 0x6f, 0xff, 0x50,
    0x0, 0x0, 0xdf, 0xff, 0x1e, 0xff, 0x60, 0x3f,
    0xff, 0x5a, 0xff, 0xf1, 0x0, 0x0, 0x8, 0xff,
    0xf7, 0xff, 0xf1, 0x0, 0xef, 0xf9, 0xef, 0xfc,
    0x0, 0x0, 0x0, 0x4f, 0xff, 0xef, 0xfd, 0x0,
    0xa, 0xff, 0xef, 0xff, 0x80, 0x0, 0x0, 0x0,
    0xff, 0xff, 0xff, 0x80, 0x0, 0x5f, 0xff, 0xff,
    0xf4, 0x0, 0x0, 0x0, 0xb, 0xff, 0xff, 0xf4,
    0x0, 0x1, 0xff, 0xff, 0xff, 0x0, 0x0, 0x0,
    0x0, 0x6f, 0xff, 0xff, 0x0, 0x0, 0xc, 0xff,
    0xff, 0xb0, 0x0, 0x0, 0x0, 0x2, 0xff, 0xff,
    0xb0, 0x0, 0x0, 0x7f, 0xff, 0xf7, 0x0, 0x0,

    /* U+0078 "x" */
    0x2f, 0xff, 0xfe, 0x0, 0x0, 0xb, 0xff, 0xfd,
    0x0, 0x6f, 0xff, 0xf8, 0x0, 0x4, 0xff, 0xff,
    0x40, 0x0, 0xcf, 0xff, 0xf2, 0x0, 0xdf, 0xff,
    0x90, 0x0, 0x2, 0xff, 0xff, 0xa0, 0x6f, 0xff,
    0xe0, 0x0, 0x0, 0x7, 0xff, 0xff, 0x5e, 0xff,
    0xf4, 0x0, 0x0, 0x0, 0xc, 0xff, 0xff, 0xff,
    0xfa, 0x0, 0x0, 0x0, 0x0, 0x2f, 0xff, 0xff,
    0xfe, 0x10, 0x0, 0x0, 0x0, 0x0, 0x8f, 0xff,
    0xff, 0x50, 0x0, 0x0, 0x0, 0x0, 0xa, 0xff,
    0xff, 0xf5, 0x0, 0x0, 0x0, 0x0, 0x4, 0xff,
    0xff, 0xff, 0xe1, 0x0, 0x0, 0x0, 0x0, 0xef,
    0xff, 0xff, 0xff, 0xa0, 0x0, 0x0, 0x0, 0x9f,
    0xff, 0xa6, 0xff, 0xff, 0x40, 0x0, 0x0, 0x3f,
    0xff, 0xf2, 0xc, 0xff, 0xfe, 0x10, 0x0, 0xd,
    0xff, 0xf8, 0x0, 0x3f, 0xff, 0xf9, 0x0, 0x7,
    0xff, 0xfe, 0x10, 0x0, 0xaf, 0xff, 0xf4, 0x2,
    0xff, 0xff, 0x60, 0x0, 0x1, 0xff, 0xff, 0xe0,

    /* U+0079 "y" */
    0xaf, 0xff, 0xb0, 0x0, 0x0, 0x7, 0xff, 0xfa,
    0x5f, 0xff, 0xf1, 0x0, 0x0, 0xc, 0xff, 0xf5,
    0xf, 0xff, 0xf5, 0x0, 0x0, 0x1f, 0xff, 0xf0,
    0xa, 0xff, 0xfa, 0x0, 0x0, 0x6f, 0xff, 0xb0,
    0x5, 0xff, 0xff, 0x0, 0x0, 0xbf, 0xff, 0x50,
    0x0, 0xff, 0xff, 0x40, 0x0, 0xff, 0xff, 0x0,
    0x0, 0xaf, 0xff, 0x90, 0x5, 0xff, 0xfb, 0x0,
    0x0, 0x5f, 0xff, 0xe0, 0x9, 0xff, 0xf5, 0x0,
    0x0, 0xf, 0xff, 0xf2, 0xe, 0xff, 0xf1, 0x0,
    0x0, 0xb, 0xff, 0xf6, 0x2f, 0xff, 0xb0, 0x0,
    0x0, 0x5, 0xff, 0xfa, 0x6f, 0xff, 0x60, 0x0,
    0x0, 0x1, 0xff, 0xfe, 0xaf, 0xff, 0x10, 0x0,
    0x0, 0x0, 0xbf, 0xff, 0xff, 0xfb, 0x0, 0x0,
    0x0, 0x0, 0x6f, 0xff, 0xff, 0xf6, 0x0, 0x0,
    0x0, 0x0, 0x1f, 0xff, 0xff, 0xf1, 0x0, 0x0,
    0x0, 0x0, 0xb, 0xff, 0xff, 0xb0, 0x0, 0x0,
    0x0, 0x0, 0x6, 0xff, 0xff, 0x60, 0x0, 0x0,
    0x0, 0x0, 0x8, 0xff, 0xff, 0x10, 0x0, 0x0,
    0x0, 0x56, 0x6d, 0xff, 0xfb, 0x0, 0x0, 0x0,
    0x0, 0xdf, 0xff, 0xff, 0xf4, 0x0, 0x0, 0x0,
    0x0, 0xdf, 0xff, 0xff, 0x90, 0x0, 0x0, 0x0,
    0x0, 0xdf, 0xfe, 0xc6, 0x0, 0x0, 0x0, 0x0,

    /* U+007A "z" */
    0x9f, 0xff, 0xff, 0xff, 0xff, 0xff, 0xf2, 0x9f,
    0xff, 0xff, 0xff, 0xff, 0xff, 0xf2, 0x9f, 0xff,
    0xff, 0xff, 0xff, 0xff, 0xf2, 0x36, 0x66, 0x66,
    0x69, 0xff, 0xff, 0xf1, 0x0, 0x0, 0x0, 0x1d,
    0xff, 0xff, 0x40, 0x0, 0x0, 0x0, 0xcf, 0xff,
    0xf6, 0x0, 0x0, 0x0, 0xa, 0xff, 0xff, 0x80,
    0x0, 0x0, 0x0, 0x8f, 0xff, 0xfa, 0x0, 0x0,
    0x0, 0x5, 0xff, 0xff, 0xc0, 0x0, 0x0, 0x0,
    0x4f, 0xff, 0xfd, 0x10, 0x0, 0x0, 0x2, 0xef,
    0xff, 0xe2, 0x0, 0x0, 0x0, 0x1d, 0xff, 0xff,
    0x30, 0x0, 0x0, 0x0, 0xbf, 0xff, 0xfb, 0x66,
    0x66, 0x66, 0x62, 0xdf, 0xff, 0xff, 0xff, 0xff,
    0xff, 0xf6, 0xdf, 0xff, 0xff, 0xff, 0xff, 0xff,
    0xf6, 0xdf, 0xff, 0xff, 0xff, 0xff, 0xff, 0xf6,

    /* U+007B "{" */
    0x0, 0x0, 0x4d, 0xff, 0xfa, 0x0, 0x2, 0xff,
    0xff, 0xfa, 0x0, 0x6, 0xff, 0xff, 0xfa, 0x0,
    0x8, 0xff, 0xfa, 0x10, 0x0, 0x8, 0xff, 0xf9,
    0x0, 0x0, 0x8, 0xff, 0xf9, 0x0, 0x0, 0x8,
    0xff, 0xf9, 0x0, 0x0, 0x8, 0xff, 0xf9, 0x0,
    0x0, 0x8, 0xff, 0xf9, 0x0, 0x0, 0x8, 0xff,
    0xf9, 0x0, 0x0, 0xc, 0xff, 0xf7, 0x0, 0x2,
    0xaf, 0xff, 0xf2, 0x0, 0x7f, 0xff, 0xff, 0x60,
    0x0, 0x7f, 0xff, 0xd3, 0x0, 0x0, 0x7f, 0xff,
    0xfc, 0x20, 0x0, 0x28, 0xef, 0xff, 0xe0, 0x0,
    0x0, 0x1e, 0xff, 0xf6, 0x0, 0x0, 0x9, 0xff,
    0xf9, 0x0, 0x0, 0x8, 0xff, 0xf9, 0x0, 0x0,
    0x8, 0xff, 0xf9, 0x0, 0x0, 0x8, 0xff, 0xf9,
    0x0, 0x0, 0x8, 0xff, 0xf9, 0x0, 0x0, 0x8,
    0xff, 0xf9, 0x0, 0x0, 0x8, 0xff, 0xfa, 0x10,
    0x0, 0x7, 0xff, 0xff, 0xfa, 0x0, 0x2, 0xff,
    0xff, 0xfa, 0x0, 0x0, 0x5d, 0xff, 0xfa,

    /* U+007C "|" */
    0xac, 0xcb, 0xdf, 0xfe, 0xdf, 0xfe, 0xdf, 0xfe,
    0xdf, 0xfe, 0xdf, 0xfe, 0xdf, 0xfe, 0xdf, 0xfe,
    0xdf, 0xfe, 0xdf, 0xfe, 0xdf, 0xfe, 0xdf, 0xfe,
    0xdf, 0xfe, 0xdf, 0xfe, 0xdf, 0xfe, 0xdf, 0xfe,
    0xdf, 0xfe, 0xdf, 0xfe, 0xdf, 0xfe, 0xdf, 0xfe,
    0xdf, 0xfe, 0xdf, 0xfe, 0xdf, 0xfe, 0xdf, 0xfe,
    0xdf, 0xfe, 0xdf, 0xfe, 0xdf, 0xfe,

    /* U+007D "}" */
    0x8f, 0xff, 0xd6, 0x0, 0x0, 0x8f, 0xff, 0xff,
    0x40, 0x0, 0x8f, 0xff, 0xff, 0x90, 0x0, 0x1,
    0x7f, 0xff, 0xa0, 0x0, 0x0, 0x7f, 0xff, 0xb0,
    0x0, 0x0, 0x7f, 0xff, 0xb0, 0x0, 0x0, 0x7f,
    0xff, 0xb0, 0x0, 0x0, 0x7f, 0xff, 0xb0, 0x0,
    0x0, 0x7f, 0xff, 0xb0, 0x0, 0x0, 0x6f, 0xff,
    0xb0, 0x0, 0x0, 0x4f, 0xff, 0xe0, 0x0, 0x0,
    0xe, 0xff, 0xfb, 0x30, 0x0, 0x4, 0xff, 0xff,
    0xf9, 0x0, 0x0, 0x2b, 0xff, 0xf9, 0x0, 0x1,
    0xcf, 0xff, 0xf9, 0x0, 0xc, 0xff, 0xff, 0x93,
    0x0, 0x3f, 0xff, 0xf3, 0x0, 0x0, 0x6f, 0xff,
    0xc0, 0x0, 0x0, 0x7f, 0xff, 0xb0, 0x0, 0x0,
    0x7f, 0xff, 0xb0, 0x0, 0x0, 0x7f, 0xff, 0xb0,
    0x0, 0x0, 0x7f, 0xff, 0xb0, 0x0, 0x0, 0x7f,
    0xff, 0xb0, 0x0, 0x1, 0x7f, 0xff, 0xb0, 0x0,
    0x8f, 0xff, 0xff, 0x90, 0x0, 0x8f, 0xff, 0xff,
    0x50, 0x0, 0x8f, 0xff, 0xd6, 0x0, 0x0,

    /* U+007E "~" */
    0x0, 0x27, 0x87, 0x30, 0x0, 0x0, 0x0, 0x0,
    0x9, 0xff, 0xff, 0xfd, 0x60, 0x0, 0x1, 0x0,
    0x3f, 0xff, 0xff, 0xff, 0xfe, 0xa9, 0xbf, 0x60,
    0xa, 0xff, 0xff, 0xff, 0xff, 0xff, 0xff, 0xe1,
    0x2, 0x82, 0x2, 0x7d, 0xff, 0xff, 0xff, 0xf2,
    0x0, 0x0, 0x0, 0x0, 0x4a, 0xef, 0xea, 0x20,

    /* U+00B0 "°" */
    0x0, 0x6, 0xcf, 0xfc, 0x70, 0x0, 0x0, 0xbf,
    0xff, 0xff, 0xfd, 0x10, 0x9, 0xff, 0xfe, 0xef,
    0xff, 0xb0, 0x2f, 0xff, 0x60, 0x5, 0xff, 0xf3,
    0x6f, 0xfb, 0x0, 0x0, 0xaf, 0xf7, 0x7f, 0xf9,
    0x0, 0x0, 0x7f, 0xf9, 0x6f, 0xfb, 0x0, 0x0,
    0xaf, 0xf7, 0x2f, 0xff, 0x60, 0x5, 0xff, 0xf3,
    0xa, 0xff, 0xfe, 0xef, 0xff, 0xb0, 0x0, 0xbf,
    0xff, 0xff, 0xfd, 0x10, 0x0, 0x6, 0xcf, 0xfc,
    0x70, 0x0,

    /* U+00B7 "·" */
    0x0, 0x35, 0x20, 0x0, 0xbf, 0xff, 0x70, 0x2f,
    0xff, 0xfe, 0x4, 0xff, 0xff, 0xf0, 0x1f, 0xff,
    0xfd, 0x0, 0x5d, 0xfc, 0x30,

    /* U+2014 "—" */
    0x89, 0x99, 0x99, 0x99, 0x99, 0x99, 0x99, 0x99,
    0x99, 0x99, 0x92, 0xef, 0xff, 0xff, 0xff, 0xff,
    0xff, 0xff, 0xff, 0xff, 0xff, 0xf5, 0xef, 0xff,
    0xff, 0xff, 0xff, 0xff, 0xff, 0xff, 0xff, 0xff,
    0xf5, 0xef, 0xff, 0xff, 0xff, 0xff, 0xff, 0xff,
    0xff, 0xff, 0xff, 0xf5,

    /* U+2026 "…" */
    0x2, 0x53, 0x0, 0x0, 0x0, 0x35, 0x20, 0x0,
    0x0, 0x3, 0x52, 0x6, 0xff, 0xfb, 0x0, 0x0,
    0xaf, 0xff, 0x80, 0x0, 0xc, 0xff, 0xf5, 0xef,
    0xff, 0xf3, 0x0, 0x1f, 0xff, 0xff, 0x0, 0x4,
    0xff, 0xff, 0xdf, 0xff, 0xff, 0x40, 0x3, 0xff,
    0xff, 0xf1, 0x0, 0x5f, 0xff, 0xfe, 0xcf, 0xff,
    0xf1, 0x0, 0xf, 0xff, 0xfe, 0x0, 0x2, 0xff,
    0xff, 0xb2, 0xcf, 0xd5, 0x0, 0x0, 0x5d, 0xfd,
    0x30, 0x0, 0x7, 0xef, 0xb2,

    /* U+2039 "‹" */
    0x0, 0x0, 0x7, 0x0, 0x0, 0x0, 0xbf, 0x40,
    0x0, 0x1c, 0xff, 0xc0, 0x3, 0xef, 0xff, 0x80,
    0x4f, 0xff, 0xf9, 0x0, 0xdf, 0xff, 0xa0, 0x0,
    0xdf, 0xfc, 0x0, 0x0, 0xdf, 0xfd, 0x10, 0x0,
    0xdf, 0xff, 0xd1, 0x0, 0x2d, 0xff, 0xfc, 0x0,
    0x1, 0xcf, 0xff, 0xb0, 0x0, 0xa, 0xff, 0xa0,
    0x0, 0x0, 0x8f, 0x30, 0x0, 0x0, 0x3, 0x0,

    /* U+2190 "←" */
    0x0, 0x0, 0x0, 0x1, 0x10, 0x0, 0x0, 0x0,
    0x0, 0x0, 0x0, 0x0, 0x0, 0x0, 0x1, 0xdd,
    0x10, 0x0, 0x0, 0x0, 0x0, 0x0, 0x0, 0x0,
    0x0, 0x1, 0xdf, 0xfd, 0x10, 0x0, 0x0, 0x0,
    0x0, 0x0, 0x0, 0x0, 0x1, 0xdf, 0xff, 0xc1,
    0x0, 0x0, 0x0, 0x0, 0x0, 0x0, 0x0, 0x1,
    0xdf, 0xff, 0xc1, 0x0, 0x0, 0x0, 0x0, 0x0,
    0x0, 0x0, 0x1, 0xdf, 0xff, 0xb1, 0x11, 0x11,
    0x11, 0x11, 0x11, 0x11, 0x10, 0x1, 0xdf, 0xff,
    0xff, 0xff, 0xff, 0xff, 0xff, 0xff, 0xff, 0xff,
    0x20, 0xdf, 0xff, 0xff, 0xff, 0xff, 0xff, 0xff,
    0xff, 0xff, 0xff, 0xf2, 0x6, 0xff, 0xff, 0xff,
    0xff, 0xff, 0xff, 0xff, 0xff, 0xff, 0xff, 0x20,
    0x6, 0xff, 0xff, 0xb7, 0x88, 0x88, 0x88, 0x88,
    0x88, 0x88, 0x81, 0x0, 0x6, 0xff, 0xff, 0x60,
    0x0, 0x0, 0x0, 0x0, 0x0, 0x0, 0x0, 0x0,
    0x6, 0xff, 0xff, 0x60, 0x0, 0x0, 0x0, 0x0,
    0x0, 0x0, 0x0, 0x0, 0x6, 0xff, 0xff, 0x20,
    0x0, 0x0, 0x0, 0x0, 0x0, 0x0, 0x0, 0x0,
    0x6, 0xff, 0x60, 0x0, 0x0, 0x0, 0x0, 0x0,
    0x0, 0x0, 0x0, 0x0, 0x6, 0x60, 0x0, 0x0,
    0x0, 0x0, 0x0, 0x0, 0x0,

    /* U+2192 "→" */
    0x0, 0x0, 0x0, 0x0, 0x0, 0x0, 0x0, 0x11,
    0x0, 0x0, 0x0, 0x0, 0x0, 0x0, 0x0, 0x0,
    0x0, 0x0, 0x1d, 0xd1, 0x0, 0x0, 0x0, 0x0,
    0x0, 0x0, 0x0, 0x0, 0x0, 0x1d, 0xff, 0xd1,
    0x0, 0x0, 0x0, 0x0, 0x0, 0x0, 0x0, 0x0,
    0x1, 0xcf, 0xff, 0xd1, 0x0, 0x0, 0x0, 0x0,
    0x0, 0x0, 0x0, 0x0, 0x1, 0xcf, 0xff, 0xd1,
    0x0, 0x0, 0x11, 0x11, 0x11, 0x11, 0x11, 0x11,
    0x11, 0xbf, 0xff, 0xd1, 0x0, 0x2f, 0xff, 0xff,
    0xff, 0xff, 0xff, 0xff, 0xff, 0xff, 0xff, 0xd1,
    0x2, 0xff, 0xff, 0xff, 0xff, 0xff, 0xff, 0xff,
    0xff, 0xff, 0xff, 0xd0, 0x2f, 0xff, 0xff, 0xff,
    0xff, 0xff, 0xff, 0xff, 0xff, 0xff, 0xf6, 0x1,
    0x88, 0x88, 0x88, 0x88, 0x88, 0x88, 0x87, 0xbf,
    0xff, 0xf6, 0x0, 0x0, 0x0, 0x0, 0x0, 0x0,
    0x0, 0x0, 0x6f, 0xff, 0xf6, 0x0, 0x0, 0x0,
    0x0, 0x0, 0x0, 0x0, 0x0, 0x7f, 0xff, 0xf6,
    0x0, 0x0, 0x0, 0x0, 0x0, 0x0, 0x0, 0x0,
    0x2f, 0xff, 0xf6, 0x0, 0x0, 0x0, 0x0, 0x0,
    0x0, 0x0, 0x0, 0x0, 0x6f, 0xf6, 0x0, 0x0,
    0x0, 0x0, 0x0, 0x0, 0x0, 0x0, 0x0, 0x0,
    0x66, 0x0, 0x0, 0x0, 0x0
};


/*---------------------
 *  GLYPH DESCRIPTION
 *--------------------*/

static const lv_font_fmt_txt_glyph_dsc_t glyph_dsc[] = {
    {.bitmap_index = 0, .adv_w = 0, .box_w = 0, .box_h = 0, .ofs_x = 0, .ofs_y = 0} /* id = 0 reserved */,
    {.bitmap_index = 0, .adv_w = 113, .box_w = 0, .box_h = 0, .ofs_x = 0, .ofs_y = 0},
    {.bitmap_index = 0, .adv_w = 154, .box_w = 6, .box_h = 21, .ofs_x = 2, .ofs_y = 0},
    {.bitmap_index = 63, .adv_w = 237, .box_w = 11, .box_h = 10, .ofs_x = 2, .ofs_y = 12},
    {.bitmap_index = 118, .adv_w = 303, .box_w = 19, .box_h = 21, .ofs_x = 0, .ofs_y = 0},
    {.bitmap_index = 318, .adv_w = 288, .box_w = 17, .box_h = 26, .ofs_x = 0, .ofs_y = -2},
    {.bitmap_index = 539, .adv_w = 468, .box_w = 27, .box_h = 21, .ofs_x = 1, .ofs_y = 0},
    {.bitmap_index = 823, .adv_w = 346, .box_w = 21, .box_h = 21, .ofs_x = 1, .ofs_y = 0},
    {.bitmap_index = 1044, .adv_w = 129, .box_w = 4, .box_h = 10, .ofs_x = 2, .ofs_y = 12},
    {.bitmap_index = 1064, .adv_w = 162, .box_w = 10, .box_h = 27, .ofs_x = 1, .ofs_y = -4},
    {.bitmap_index = 1199, .adv_w = 162, .box_w = 11, .box_h = 27, .ofs_x = -1, .ofs_y = -4},
    {.bitmap_index = 1348, .adv_w = 288, .box_w = 18, .box_h = 16, .ofs_x = 0, .ofs_y = 6},
    {.bitmap_index = 1492, .adv_w = 288, .box_w = 14, .box_h = 15, .ofs_x = 2, .ofs_y = 2},
    {.bitmap_index = 1597, .adv_w = 149, .box_w = 7, .box_h = 10, .ofs_x = 1, .ofs_y = -4},
    {.bitmap_index = 1632, .adv_w = 193, .box_w = 10, .box_h = 5, .ofs_x = 1, .ofs_y = 7},
    {.bitmap_index = 1657, .adv_w = 149, .box_w = 6, .box_h = 6, .ofs_x = 2, .ofs_y = 0},
    {.bitmap_index = 1675, .adv_w = 221, .box_w = 13, .box_h = 27, .ofs_x = 0, .ofs_y = -5},
    {.bitmap_index = 1851, .adv_w = 288, .box_w = 18, .box_h = 21, .ofs_x = 0, .ofs_y = 0},
    {.bitmap_index = 2040, .adv_w = 288, .box_w = 17, .box_h = 21, .ofs_x = 1, .ofs_y = 0},
    {.bitmap_index = 2219, .adv_w = 288, .box_w = 16, .box_h = 21, .ofs_x = 1, .ofs_y = 0},
    {.bitmap_index = 2387, .adv_w = 288, .box_w = 17, .box_h = 21, .ofs_x = 0, .ofs_y = 0},
    {.bitmap_index = 2566, .adv_w = 288, .box_w = 18, .box_h = 21, .ofs_x = 0, .ofs_y = 0},
    {.bitmap_index = 2755, .adv_w = 288, .box_w = 16, .box_h = 21, .ofs_x = 1, .ofs_y = 0},
    {.bitmap_index = 2923, .adv_w = 288, .box_w = 16, .box_h = 21, .ofs_x = 1, .ofs_y = 0},
    {.bitmap_index = 3091, .adv_w = 288, .box_w = 16, .box_h = 21, .ofs_x = 1, .ofs_y = 0},
    {.bitmap_index = 3259, .adv_w = 288, .box_w = 16, .box_h = 21, .ofs_x = 1, .ofs_y = 0},
    {.bitmap_index = 3427, .adv_w = 288, .box_w = 16, .box_h = 21, .ofs_x = 1, .ofs_y = 0},
    {.bitmap_index = 3595, .adv_w = 158, .box_w = 6, .box_h = 16, .ofs_x = 2, .ofs_y = 0},
    {.bitmap_index = 3643, .adv_w = 158, .box_w = 7, .box_h = 21, .ofs_x = 1, .ofs_y = -5},
    {.bitmap_index = 3717, .adv_w = 288, .box_w = 12, .box_h = 19, .ofs_x = 3, .ofs_y = -1},
    {.bitmap_index = 3831, .adv_w = 288, .box_w = 14, .box_h = 11, .ofs_x = 2, .ofs_y = 4},
    {.bitmap_index = 3908, .adv_w = 288, .box_w = 12, .box_h = 19, .ofs_x = 3, .ofs_y = -1},
    {.bitmap_index = 4022, .adv_w = 240, .box_w = 15, .box_h = 21, .ofs_x = 0, .ofs_y = 0},
    {.bitmap_index = 4180, .adv_w = 433, .box_w = 25, .box_h = 25, .ofs_x = 1, .ofs_y = -4},
    {.bitmap_index = 4493, .adv_w = 329, .box_w = 20, .box_h = 21, .ofs_x = 0, .ofs_y = 0},
    {.bitmap_index = 4703, .adv_w = 320, .box_w = 17, .box_h = 21, .ofs_x = 2, .ofs_y = 0},
    {.bitmap_index = 4882, .adv_w = 312, .box_w = 18, .box_h = 21, .ofs_x = 1, .ofs_y = 0},
    {.bitmap_index = 5071, .adv_w = 335, .box_w = 18, .box_h = 21, .ofs_x = 2, .ofs_y = 0},
    {.bitmap_index = 5260, .adv_w = 291, .box_w = 15, .box_h = 21, .ofs_x = 2, .ofs_y = 0},
    {.bitmap_index = 5418, .adv_w = 281, .box_w = 15, .box_h = 21, .ofs_x = 2, .ofs_y = 0},
    {.bitmap_index = 5576, .adv_w = 345, .box_w = 19, .box_h = 21, .ofs_x = 1, .ofs_y = 0},
    {.bitmap_index = 5776, .adv_w = 348, .box_w = 18, .box_h = 21, .ofs_x = 2, .ofs_y = 0},
    {.bitmap_index = 5965, .adv_w = 207, .box_w = 11, .box_h = 21, .ofs_x = 1, .ofs_y = 0},
    {.bitmap_index = 6081, .adv_w = 268, .box_w = 15, .box_h = 21, .ofs_x = 0, .ofs_y = 0},
    {.bitmap_index = 6239, .adv_w = 334, .box_w = 19, .box_h = 21, .ofs_x = 2, .ofs_y = 0},
    {.bitmap_index = 6439, .adv_w = 254, .box_w = 13, .box_h = 21, .ofs_x = 2, .ofs_y = 0},
    {.bitmap_index = 6576, .adv_w = 393, .box_w = 21, .box_h = 21, .ofs_x = 2, .ofs_y = 0},
    {.bitmap_index = 6797, .adv_w = 348, .box_w = 18, .box_h = 21, .ofs_x = 2, .ofs_y = 0},
    {.bitmap_index = 6986, .adv_w = 343, .box_w = 19, .box_h = 21, .ofs_x = 1, .ofs_y = 0},
    {.bitmap_index = 7186, .adv_w = 315, .box_w = 17, .box_h = 21, .ofs_x = 2, .ofs_y = 0},
    {.bitmap_index = 7365, .adv_w = 343, .box_w = 19, .box_h = 27, .ofs_x = 1, .ofs_y = -6},
    {.bitmap_index = 7622, .adv_w = 324, .box_w = 17, .box_h = 21, .ofs_x = 2, .ofs_y = 0},
    {.bitmap_index = 7801, .adv_w = 300, .box_w = 17, .box_h = 21, .ofs_x = 1, .ofs_y = 0},
    {.bitmap_index = 7980, .adv_w = 280, .box_w = 17, .box_h = 21, .ofs_x = 0, .ofs_y = 0},
    {.bitmap_index = 8159, .adv_w = 333, .box_w = 17, .box_h = 21, .ofs_x = 2, .ofs_y = 0},
    {.bitmap_index = 8338, .adv_w = 312, .box_w = 20, .box_h = 21, .ofs_x = 0, .ofs_y = 0},
    {.bitmap_index = 8548, .adv_w = 467, .box_w = 29, .box_h = 21, .ofs_x = 0, .ofs_y = 0},
    {.bitmap_index = 8853, .adv_w = 323, .box_w = 20, .box_h = 21, .ofs_x = 0, .ofs_y = 0},
    {.bitmap_index = 9063, .adv_w = 312, .box_w = 20, .box_h = 21, .ofs_x = 0, .ofs_y = 0},
    {.bitmap_index = 9273, .adv_w = 291, .box_w = 17, .box_h = 21, .ofs_x = 1, .ofs_y = 0},
    {.bitmap_index = 9452, .adv_w = 160, .box_w = 7, .box_h = 27, .ofs_x = 2, .ofs_y = -4},
    {.bitmap_index = 9547, .adv_w = 221, .box_w = 13, .box_h = 27, .ofs_x = 1, .ofs_y = -5},
    {.bitmap_index = 9723, .adv_w = 160, .box_w = 7, .box_h = 27, .ofs_x = 1, .ofs_y = -4},
    {.bitmap_index = 9818, .adv_w = 288, .box_w = 16, .box_h = 13, .ofs_x = 1, .ofs_y = 8},
    {.bitmap_index = 9922, .adv_w = 267, .box_w = 16, .box_h = 4, .ofs_x = 0, .ofs_y = -6},
    {.bitmap_index = 9954, .adv_w = 288, .box_w = 8, .box_h = 8, .ofs_x = 4, .ofs_y = 17},
    {.bitmap_index = 9986, .adv_w = 273, .box_w = 16, .box_h = 16, .ofs_x = 1, .ofs_y = 0},
    {.bitmap_index = 10114, .adv_w = 292, .box_w = 15, .box_h = 22, .ofs_x = 2, .ofs_y = 0},
    {.bitmap_index = 10279, .adv_w = 248, .box_w = 14, .box_h = 16, .ofs_x = 1, .ofs_y = 0},
    {.bitmap_index = 10391, .adv_w = 292, .box_w = 16, .box_h = 22, .ofs_x = 1, .ofs_y = 0},
    {.bitmap_index = 10567, .adv_w = 270, .box_w = 15, .box_h = 16, .ofs_x = 1, .ofs_y = 0},
    {.bitmap_index = 10687, .adv_w = 173, .box_w = 11, .box_h = 22, .ofs_x = 0, .ofs_y = 0},
    {.bitmap_index = 10808, .adv_w = 265, .box_w = 17, .box_h = 25, .ofs_x = 0, .ofs_y = -6},
    {.bitmap_index = 11021, .adv_w = 286, .box_w = 14, .box_h = 22, .ofs_x = 2, .ofs_y = 0},
    {.bitmap_index = 11175, .adv_w = 137, .box_w = 6, .box_h = 22, .ofs_x = 1, .ofs_y = 0},
    {.bitmap_index = 11241, .adv_w = 137, .box_w = 8, .box_h = 28, .ofs_x = -1, .ofs_y = -6},
    {.bitmap_index = 11353, .adv_w = 277, .box_w = 16, .box_h = 22, .ofs_x = 2, .ofs_y = 0},
    {.bitmap_index = 11529, .adv_w = 145, .box_w = 7, .box_h = 22, .ofs_x = 2, .ofs_y = 0},
    {.bitmap_index = 11606, .adv_w = 429, .box_w = 23, .box_h = 16, .ofs_x = 2, .ofs_y = 0},
    {.bitmap_index = 11790, .adv_w = 286, .box_w = 14, .box_h = 16, .ofs_x = 2, .ofs_y = 0},
    {.bitmap_index = 11902, .adv_w = 271, .box_w = 15, .box_h = 16, .ofs_x = 1, .ofs_y = 0},
    {.bitmap_index = 12022, .adv_w = 292, .box_w = 15, .box_h = 22, .ofs_x = 2, .ofs_y = -6},
    {.bitmap_index = 12187, .adv_w = 292, .box_w = 16, .box_h = 22, .ofs_x = 1, .ofs_y = -6},
    {.bitmap_index = 12363, .adv_w = 194, .box_w = 10, .box_h = 16, .ofs_x = 2, .ofs_y = 0},
    {.bitmap_index = 12443, .adv_w = 242, .box_w = 15, .box_h = 16, .ofs_x = 0, .ofs_y = 0},
    {.bitmap_index = 12563, .adv_w = 184, .box_w = 11, .box_h = 20, .ofs_x = 0, .ofs_y = 0},
    {.bitmap_index = 12673, .adv_w = 286, .box_w = 15, .box_h = 16, .ofs_x = 1, .ofs_y = 0},
    {.bitmap_index = 12793, .adv_w = 258, .box_w = 16, .box_h = 16, .ofs_x = 0, .ofs_y = 0},
    {.bitmap_index = 12921, .adv_w = 404, .box_w = 25, .box_h = 16, .ofs_x = 0, .ofs_y = 0},
    {.bitmap_index = 13121, .adv_w = 269, .box_w = 17, .box_h = 16, .ofs_x = 0, .ofs_y = 0},
    {.bitmap_index = 13257, .adv_w = 256, .box_w = 16, .box_h = 22, .ofs_x = 0, .ofs_y = -6},
    {.bitmap_index = 13433, .adv_w = 249, .box_w = 14, .box_h = 16, .ofs_x = 1, .ofs_y = 0},
    {.bitmap_index = 13545, .adv_w = 179, .box_w = 10, .box_h = 27, .ofs_x = 0, .ofs_y = -4},
    {.bitmap_index = 13680, .adv_w = 193, .box_w = 4, .box_h = 27, .ofs_x = 4, .ofs_y = -4},
    {.bitmap_index = 13734, .adv_w = 179, .box_w = 10, .box_h = 27, .ofs_x = 1, .ofs_y = -4},
    {.bitmap_index = 13869, .adv_w = 288, .box_w = 16, .box_h = 6, .ofs_x = 1, .ofs_y = 6},
    {.bitmap_index = 13917, .adv_w = 226, .box_w = 12, .box_h = 11, .ofs_x = 1, .ofs_y = 10},
    {.bitmap_index = 13983, .adv_w = 172, .box_w = 7, .box_h = 6, .ofs_x = 2, .ofs_y = 6},
    {.bitmap_index = 14004, .adv_w = 374, .box_w = 22, .box_h = 4, .ofs_x = 1, .ofs_y = 7},
    {.bitmap_index = 14048, .adv_w = 431, .box_w = 23, .box_h = 6, .ofs_x = 2, .ofs_y = 0},
    {.bitmap_index = 14117, .adv_w = 152, .box_w = 8, .box_h = 14, .ofs_x = 1, .ofs_y = 1},
    {.bitmap_index = 14173, .adv_w = 432, .box_w = 23, .box_h = 15, .ofs_x = 2, .ofs_y = 3},
    {.bitmap_index = 14346, .adv_w = 432, .box_w = 23, .box_h = 15, .ofs_x = 2, .ofs_y = 3}
};

/*---------------------
 *  CHARACTER MAPPING
 *--------------------*/

static const uint16_t unicode_list_1[] = {
    0x0, 0x7, 0x1f64, 0x1f76, 0x1f89, 0x20e0, 0x20e2
};

/*Collect the unicode lists and glyph_id offsets*/
static const lv_font_fmt_txt_cmap_t cmaps[] =
{
    {
        .range_start = 32, .range_length = 95, .glyph_id_start = 1,
        .unicode_list = NULL, .glyph_id_ofs_list = NULL, .list_length = 0, .type = LV_FONT_FMT_TXT_CMAP_FORMAT0_TINY
    },
    {
        .range_start = 176, .range_length = 8419, .glyph_id_start = 96,
        .unicode_list = unicode_list_1, .glyph_id_ofs_list = NULL, .list_length = 7, .type = LV_FONT_FMT_TXT_CMAP_SPARSE_TINY
    }
};

/*-----------------
 *    KERNING
 *----------------*/


/*Map glyph_ids to kern left classes*/
static const uint8_t kern_left_class_mapping[] =
{
    0, 0, 0, 0, 0, 0, 1, 0,
    0, 0, 0, 0, 0, 0, 0, 0,
    0, 0, 0, 0, 0, 0, 0, 0,
    0, 0, 0, 0, 0, 0, 0, 0,
    0, 0, 2, 3, 4, 5, 6, 7,
    8, 0, 9, 10, 11, 12, 0, 0,
    0, 13, 0, 14, 15, 16, 17, 18,
    19, 20, 21, 22, 0, 0, 0, 0,
    0, 0, 23, 24, 25, 0, 26, 27,
    28, 29, 30, 0, 31, 32, 29, 29,
    33, 24, 34, 35, 36, 37, 38, 39,
    40, 41, 42, 43, 0, 0, 0, 0,
    0, 0, 0, 0, 0, 0, 0
};

/*Map glyph_ids to kern right classes*/
static const uint8_t kern_right_class_mapping[] =
{
    0, 0, 1, 2, 0, 0, 0, 3,
    2, 0, 4, 2, 0, 5, 6, 5,
    7, 0, 0, 0, 0, 0, 0, 0,
    0, 0, 0, 8, 8, 0, 0, 0,
    9, 10, 11, 0, 12, 0, 0, 0,
    12, 0, 13, 14, 0, 0, 0, 0,
    12, 0, 12, 0, 15, 16, 17, 18,
    19, 20, 21, 22, 0, 0, 23, 0,
    24, 0, 25, 0, 26, 27, 26, 28,
    29, 0, 30, 31, 0, 32, 33, 33,
    26, 34, 27, 33, 35, 36, 37, 38,
    39, 40, 41, 42, 0, 0, 23, 0,
    0, 0, 6, 5, 43, 0, 0
};

/*Kern values between classes*/
static const int8_t kern_class_values[] =
{
    0, -29, 0, 0, 0, 0, 0, 0,
    0, 0, 0, 0, 0, 0, 0, 0,
    0, 0, 0, 0, 0, 0, 0, 0,
    0, 0, 0, 0, 0, 0, 0, 0,
    0, 0, 0, 0, 0, 0, 0, 0,
    0, 0, 0, 0, -24, -5, 0, 10,
    -7, 0, 0, -24, -10, 5, -14, 0,
    -7, 0, -31, -12, -26, -13, 2, -34,
    0, 0, 7, 1, 0, 0, 0, 0,
    0, 0, 0, 0, 0, 0, -9, 0,
    -14, -10, 0, -7, 5, 0, 0, 0,
    0, 0, -7, 0, -12, 0, 0, 0,
    -7, 0, 0, -5, 0, -12, 0, -13,
    -4, -10, -21, 0, 0, -31, 0, 0,
    0, -1, -1, 0, 0, 0, 0, 0,
    0, -2, 0, -4, -3, -6, -4, 0,
    0, 0, 0, -5, 0, 0, -5, -10,
    0, 0, -5, -4, -6, 0, 0, 0,
    0, 0, 0, 0, -10, -5, 0, 0,
    -21, 0, 0, 0, 0, 0, 0, 0,
    0, 0, 0, 0, 0, 0, 0, 0,
    0, 0, 0, 0, 0, -5, 0, 0,
    -19, 7, -22, 0, 0, 0, -18, 0,
    0, -14, 0, -12, 0, -15, -11, -14,
    -22, -12, 0, 0, 0, 0, 0, 0,
    0, 0, 0, 0, 0, 0, 0, 0,
    0, 0, 0, 0, 0, 0, 10, 0,
    0, -7, 0, 0, 0, 0, 0, 0,
    -5, 0, 0, 0, -10, 0, 0, 0,
    0, 0, 0, 0, 0, 0, 0, 0,
    -5, -5, 0, -2, 0, 0, 0, 0,
    0, 0, 0, 0, 0, 0, 0, 0,
    0, 0, 0, 2, -19, 7, -48, 0,
    -41, 0, 0, -14, -42, -14, 0, -36,
    0, 0, 0, 0, 0, 0, 0, 0,
    0, -67, -19, -15, -16, -3, -21, 0,
    -5, 0, -14, -14, -19, -7, -12, -10,
    -7, -19, -10, -12, 0, 0, -5, 0,
    0, 0, 5, 0, 0, 0, 0, 0,
    0, 0, -6, 0, -18, 0, -14, -6,
    -5, -21, 0, 0, 0, 0, 0, 0,
    0, 0, 0, 0, 0, 0, 0, 0,
    0, 0, 0, 0, 0, 0, 0, 0,
    0, 0, 0, 0, 0, -14, 0, 0,
    0, -10, 0, 0, 0, 0, 0, -2,
    0, 0, 0, 0, 0, 0, 0, 0,
    0, -2, -2, 0, 0, 0, 0, 0,
    0, 0, -2, 0, 0, -2, 0, 0,
    -2, 0, 0, 0, 0, 0, 0, -12,
    0, -17, 0, 0, 0, -10, 0, 0,
    -6, 0, 0, 0, 0, 0, -7, 0,
    0, 0, -41, 0, 0, 0, 0, 0,
    0, 0, 0, 0, 0, 0, 0, 0,
    0, 0, 0, 0, 0, 0, 0, -5,
    -14, 5, 5, -22, 0, 0, 0, -19,
    0, -19, 0, -10, -5, -12, 0, -12,
    -5, 0, -10, 0, 0, 0, -5, -12,
    -12, -10, -5, 0, 0, -5, -5, -5,
    0, -14, -10, -10, -10, -2, -10, 5,
    -14, 0, -43, -2, 0, 10, -17, 5,
    0, -29, -5, 8, -19, 0, 0, 0,
    -36, -16, -35, -20, 0, -43, 0, 0,
    10, 2, -5, -4, 0, 0, 0, 0,
    0, 0, 0, 0, -10, -2, -24, -14,
    5, -17, 5, -8, 0, 2, -14, 0,
    -48, 0, -43, 0, 0, -5, -35, 0,
    0, -34, -5, 0, 0, -2, -5, -17,
    -12, -12, 0, -72, -7, -10, -10, 0,
    -14, 0, 0, 0, -5, -7, -7, 0,
    0, 0, 2, -7, 0, 0, 0, 0,
    0, -12, 0, 0, -7, -10, 0, 0,
    -10, 0, -5, 0, -17, 0, -12, -7,
    -14, -7, 0, -19, 0, 0, 0, -5,
    -7, -7, 0, -12, 0, 0, 0, 0,
    0, 0, 0, 0, 0, 0, 0, -2,
    0, 0, 0, 0, -5, 0, 0, 7,
    -17, 0, 0, -5, 0, 0, 0, 0,
    -7, -11, 0, -9, -9, 0, -19, 0,
    0, -29, 0, 0, 0, 0, 0, 0,
    0, 0, 0, 0, 0, -2, 0, 0,
    0, 0, 0, 0, 10, 0, 0, 0,
    0, 0, 0, 0, -19, 0, 0, 0,
    0, 0, 0, 0, 0, 0, 0, 0,
    0, 0, 0, 0, 0, 0, 0, 0,
    0, 0, 0, 0, 0, 0, 0, 0,
    0, 0, 0, 0, 0, 0, 0, 0,
    0, 0, -5, 0, -17, 0, -19, 0,
    0, 0, -12, 0, 0, -7, 0, 0,
    0, 0, 0, 0, 0, 0, 0, -34,
    0, 0, 0, 0, -5, 0, 0, 0,
    0, 0, 0, 0, 0, 0, 0, 0,
    0, 0, 0, 0, 0, 0, 0, 0,
    0, 0, -14, 0, 0, 0, 0, 0,
    0, 0, 0, 0, 0, 0, 0, 0,
    0, 0, 0, 0, 0, 0, 0, 0,
    0, 0, 0, 0, 0, 0, 0, 0,
    0, 0, 0, 0, 0, 0, 0, 7,
    -17, 5, -19, -5, -24, 0, 0, -10,
    -13, -11, 0, -24, 0, 1, 0, 1,
    1, 0, 0, -2, 0, -24, -14, -12,
    -12, 0, -10, 0, -2, 0, -5, -2,
    -5, 0, -2, 0, -5, -5, 0, -5,
    0, 0, 0, 0, 0, 0, 0, 0,
    -7, 0, 0, 0, 0, 0, 0, 0,
    0, 0, 0, 0, 0, 0, 0, 0,
    0, 0, 0, 0, 0, 0, 0, 0,
    0, 0, 0, 0, 0, 0, 0, 0,
    0, 0, 0, 0, 0, 0, 0, 0,
    0, 0, 0, -24, 0, 0, 0, 0,
    0, 0, 0, 0, 0, 0, 0, 0,
    0, 0, 0, 0, 0, 0, 0, 0,
    0, 0, 0, 0, 0, 0, 0, 0,
    0, 0, 0, 0, 0, 0, 0, 0,
    2, -5, 5, 14, -19, 0, 0, 0,
    -7, 0, -9, 0, -3, 0, 0, 0,
    -4, -2, 0, -5, 0, 0, 7, 0,
    -2, -2, 0, 0, 0, 0, 0, 0,
    0, 0, -5, -2, 0, 0, 0, -2,
    0, -10, 0, -7, 0, 0, 5, -2,
    10, 0, 0, 0, 4, 0, 0, 0,
    0, -34, 0, -14, -5, 0, -22, 3,
    0, 5, 0, 0, 0, 0, 0, 0,
    0, 0, 0, 0, 0, -3, 0, -5,
    -3, 0, -4, 0, 0, 0, -10, 0,
    0, -7, 5, 0, 0, 0, 0, 0,
    0, -2, 0, 0, -31, 0, -17, -12,
    -10, -29, -2, 0, -24, 0, 0, 0,
    -3, 0, 0, 0, 0, 0, 0, 0,
    -3, 0, -4, -5, -8, -5, -4, 7,
    0, 0, 0, 0, 0, 0, -2, 0,
    0, 0, 4, 0, 0, 2, 0, -22,
    0, -13, -5, 0, -25, 3, 0, -19,
    0, -2, -2, 0, 0, 0, 0, 0,
    0, 0, 0, 0, 0, 0, 0, 0,
    0, 0, 2, 0, -10, 0, 0, -7,
    5, 0, 0, 0, 0, 0, 0, -2,
    0, -5, -31, 0, -17, -10, -10, -29,
    -2, 0, -29, 0, 0, 0, 0, 0,
    0, 0, 0, 0, 0, 0, 0, 0,
    -5, -2, -8, -3, -2, 7, 10, 14,
    -7, 12, -14, 0, -10, 0, 14, 0,
    -3, 7, 0, -11, 0, 12, 0, 17,
    12, 7, 14, 1, 7, -30, 0, -2,
    -2, 2, -2, 6, 0, 0, 0, 0,
    0, 0, 0, 5, 0, 0, 5, 0,
    0, 0, 2, -2, 13, 3, 0, 11,
    0, 0, 0, 12, 0, 0, -4, 0,
    -4, 0, -3, 0, 5, -4, 5, 6,
    27, -1, -3, -3, 0, 3, 0, 13,
    0, 0, 0, 0, 0, -2, 0, 0,
    0, 2, 0, 0, 0, -7, 0, 0,
    0, 0, 0, 0, 0, 0, 0, 0,
    0, 0, 0, -26, 0, -17, -12, 0,
    -26, 0, 0, 0, 0, 0, 0, 0,
    0, 0, 0, 0, 0, 0, 0, 0,
    0, -4, -3, 0, -4, 0, 0, 0,
    0, 0, 0, 0, 0, 0, 0, 0,
    0, 0, 0, 0, -5, 0, 0, 0,
    0, 0, 0, -5, 0, 0, 0, 0,
    0, 0, 0, 0, 0, 0, 0, 0,
    0, 0, 0, 0, 0, 0, 0, 0,
    0, 0, 0, 0, -5, 0, 0, -17,
    0, 0, 0, -5, 7, -6, 0, -2,
    -3, -15, 0, -9, -3, 0, -22, 8,
    0, 10, 0, -13, -10, 0, 0, 0,
    0, 0, 0, 0, -5, -5, -5, -6,
    -2, 0, -2, 0, 0, 0, 0, 0,
    0, 5, -5, 0, 0, 0, 0, 12,
    0, 0, 5, 0, -6, 0, -2, 0,
    7, -7, 7, 0, 12, 0, 0, 0,
    0, 0, 0, 0, -4, 0, 0, 0,
    -2, 0, -3, -2, 0, -3, 3, 0,
    0, -10, 0, 0, -7, 5, 0, 0,
    0, 0, 0, 0, -2, 0, 0, -31,
    0, -17, -12, -10, -29, -2, 0, -29,
    0, 0, 0, -3, 0, 0, 0, 0,
    0, 0, 0, -3, 0, -4, -5, -8,
    -5, -4, 7, 0, 0, 0, 0, 0,
    0, 0, 0, 0, 0, 0, 0, 0,
    0, 0, -19, 0, -12, -5, 0, -14,
    0, 0, 0, 0, 0, 0, 0, 0,
    0, 0, 0, 0, 0, 0, 0, 0,
    0, 0, 0, 0, 0, 0, 0, 14,
    -10, 0, -38, 0, -11, 0, 0, 0,
    -19, 5, 0, -12, 3, -5, 0, 0,
    0, -10, -10, -5, 0, -38, -7, -2,
    -2, 4, -7, 0, 0, 0, 0, 0,
    0, 2, 0, 3, 2, 0, 3, 0,
    0, 0, -5, 0, 0, -4, 0, 0,
    0, 0, 0, 1, 0, 0, -1, 0,
    -31, 0, -16, 0, -11, -26, 0, 0,
    -24, 0, 0, 0, -1, 0, 0, 0,
    0, 0, 0, -3, -4, 0, -6, -5,
    -8, -4, -5, 0, 0, 0, -5, 0,
    0, -5, 0, 0, 0, 0, 3, 0,
    0, 0, 0, -12, 0, 0, 0, 0,
    -10, 0, 0, 10, 0, -2, -2, 0,
    0, 0, 0, 0, 0, 0, 0, -2,
    0, 0, 0, 0, 0, 0, -5, 0,
    0, 0, 0, 0, 0, 0, 0, 0,
    0, 0, 0, 0, 0, 0, -22, 0,
    -12, -5, 0, -24, 0, 0, 0, 0,
    0, 0, 0, 0, 0, 0, 0, 0,
    0, 0, 0, 0, 0, 0, 0, 0,
    0, 0, 0, 12, -10, 0, -23, -2,
    -7, 0, 0, 0, -14, 0, -2, -14,
    0, -12, 0, -5, 0, 0, -17, 0,
    0, -34, -4, -4, -4, 3, -6, 0,
    0, 0, 0, 0, -1, 0, 0, 0,
    0, 0, 0, -2, 0, 0, 10, -10,
    0, -19, -2, 0, 0, 0, -5, -10,
    0, 0, -14, 0, -17, 0, -5, -5,
    0, -19, 0, 0, -24, -7, -5, -5,
    0, -8, 0, 0, 0, 0, 0, -2,
    0, 0, 0, 0, 0, 0, 0, 0,
    0, 0, -14, 0, 0, -17, 0, 0,
    0, -10, 0, 0, 0, -7, 0, -17,
    0, -5, -5, 0, -19, 0, 0, 10,
    0, -8, -8, 0, 0, 0, 0, 0,
    0, 0, -2, 0, 0, 0, 0, 0,
    0, 0, -5, 0, 10, -14, 0, -22,
    -2, -2, 0, 0, -5, -7, 0, -2,
    -14, 0, -14, 0, -5, 0, 0, -17,
    0, 0, -38, -7, -4, -4, 3, -10,
    0, 0, 0, 0, 0, -4, 0, 0,
    0, 0, 0, 0, -2, 0, 0, 2,
    -5, 0, 5, -10, 0, 0, 0, -5,
    5, 0, 0, 0, 0, -17, 0, -5,
    -2, 5, -14, 0, 0, 2, 0, -6,
    -5, 0, 0, 0, 0, 0, 0, 0,
    0, 0, 0, 0, 0, 0, 0, 0,
    0
};


/*Collect the kern class' data in one place*/
static const lv_font_fmt_txt_kern_classes_t kern_classes =
{
    .class_pair_values   = kern_class_values,
    .left_class_mapping  = kern_left_class_mapping,
    .right_class_mapping = kern_right_class_mapping,
    .left_class_cnt      = 43,
    .right_class_cnt     = 43,
};

/*--------------------
 *  ALL CUSTOM DATA
 *--------------------*/

#if LVGL_VERSION_MAJOR == 8
/*Store all the custom data of the font*/
static  lv_font_fmt_txt_glyph_cache_t cache;
#endif

#if LVGL_VERSION_MAJOR >= 8
static const lv_font_fmt_txt_dsc_t font_dsc = {
#else
static lv_font_fmt_txt_dsc_t font_dsc = {
#endif
    .glyph_bitmap = glyph_bitmap,
    .glyph_dsc = glyph_dsc,
    .cmaps = cmaps,
    .kern_dsc = &kern_classes,
    .kern_scale = 16,
    .cmap_num = 2,
    .bpp = 4,
    .kern_classes = 1,
    .bitmap_format = 0,
#if LVGL_VERSION_MAJOR == 8
    .cache = &cache
#endif
};



/*-----------------
 *  PUBLIC FONT
 *----------------*/

/*Initialize a public general font descriptor*/
#if LVGL_VERSION_MAJOR >= 8
const lv_font_t gc_plex_30 = {
#else
lv_font_t gc_plex_30 = {
#endif
    .get_glyph_dsc = lv_font_get_glyph_dsc_fmt_txt,    /*Function pointer to get glyph's data*/
    .get_glyph_bitmap = lv_font_get_bitmap_fmt_txt,    /*Function pointer to get glyph's bitmap*/
    .line_height = 31,          /*The maximum line height required by the font*/
    .base_line = 6,             /*Baseline measured from the bottom of the line*/
#if !(LVGL_VERSION_MAJOR == 6 && LVGL_VERSION_MINOR == 0)
    .subpx = LV_FONT_SUBPX_NONE,
#endif
#if LV_VERSION_CHECK(7, 4, 0) || LVGL_VERSION_MAJOR >= 8
    .underline_position = -2,
    .underline_thickness = 3,
#endif
    .dsc = &font_dsc,          /*The custom font data. Will be accessed by `get_glyph_bitmap/dsc` */
#if LV_VERSION_CHECK(8, 2, 0) || LVGL_VERSION_MAJOR >= 9
    .fallback = NULL,
#endif
    .user_data = NULL,
};



#endif /*#if GC_PLEX_30*/

